path,bytes,physical_lines,code_lines,classification,is_rust,is_test,is_generated,has_embedded_tests
.arcweft-local/character-psd/zundamon-v3.2/readme.txt,1798,38,29,text,false,false,false,false
.arcweft-local/integrated-execution-design-2026-06-24/arcweft-integrated-execution-design-2026-06-24/ACCEPTANCE_MATRIX.md,2067,14,13,text,false,false,false,false
.arcweft-local/integrated-execution-design-2026-06-24/arcweft-integrated-execution-design-2026-06-24/MANIFEST.txt,1829,36,36,text,false,false,false,false
.arcweft-local/integrated-execution-design-2026-06-24/arcweft-integrated-execution-design-2026-06-24/README.md,3740,46,37,text,false,false,false,false
.arcweft-local/integrated-execution-design-2026-06-24/arcweft-integrated-execution-design-2026-06-24/VALIDATION.md,1537,29,23,text,false,false,false,false
.arcweft-local/integrated-execution-design-2026-06-24/arcweft-integrated-execution-design-2026-06-24/docs/00-unified-direction.md,2726,69,51,text,false,false,false,false
.arcweft-local/integrated-execution-design-2026-06-24/arcweft-integrated-execution-design-2026-06-24/docs/01-current-state-and-refactor-targets.md,2911,48,30,text,false,false,false,false
.arcweft-local/integrated-execution-design-2026-06-24/arcweft-integrated-execution-design-2026-06-24/docs/02-awfb-awbc-product-artifact.md,4438,153,126,text,false,false,false,false
.arcweft-local/integrated-execution-design-2026-06-24/arcweft-integrated-execution-design-2026-06-24/docs/03-code-generational-hot-swap.md,4294,121,87,text,false,false,false,false
.arcweft-local/integrated-execution-design-2026-06-24/arcweft-integrated-execution-design-2026-06-24/docs/04-full-script-aot-jit-and-effect-inference.md,3553,114,85,text,false,false,false,false
.arcweft-local/integrated-execution-design-2026-06-24/arcweft-integrated-execution-design-2026-06-24/docs/05-persistent-compiler-query-cache.md,3684,118,91,text,false,false,false,false
.arcweft-local/integrated-execution-design-2026-06-24/arcweft-integrated-execution-design-2026-06-24/docs/06-windowed-native-live-patch.md,3108,100,72,text,false,false,false,false
.arcweft-local/integrated-execution-design-2026-06-24/arcweft-integrated-execution-design-2026-06-24/docs/07-patch-target-signature-materialization.md,3182,94,70,text,false,false,false,false
.arcweft-local/integrated-execution-design-2026-06-24/arcweft-integrated-execution-design-2026-06-24/docs/08-resource-section-codecs.md,2360,78,59,text,false,false,false,false
.arcweft-local/integrated-execution-design-2026-06-24/arcweft-integrated-execution-design-2026-06-24/docs/09-layout-coordinate-units-capture.md,4874,120,91,text,false,false,false,false
.arcweft-local/integrated-execution-design-2026-06-24/arcweft-integrated-execution-design-2026-06-24/docs/10-agent-repl-runtime-tiers.md,1918,68,53,text,false,false,false,false
.arcweft-local/integrated-execution-design-2026-06-24/arcweft-integrated-execution-design-2026-06-24/docs/11-implementation-roadmap.md,4747,184,126,text,false,false,false,false
.arcweft-local/integrated-execution-design-2026-06-24/arcweft-integrated-execution-design-2026-06-24/docs/12-unresolved-or-later-requirements.md,1973,48,27,text,false,false,false,false
.arcweft-local/integrated-execution-design-2026-06-24/arcweft-integrated-execution-design-2026-06-24/input-requirements/2026-06-24-awbc-executable-compact-table-design.md,5145,120,97,text,false,false,false,false
.arcweft-local/integrated-execution-design-2026-06-24/arcweft-integrated-execution-design-2026-06-24/input-requirements/2026-06-24-code-generational-hot-swap-design.md,4311,104,84,text,false,false,false,false
.arcweft-local/integrated-execution-design-2026-06-24/arcweft-integrated-execution-design-2026-06-24/input-requirements/2026-06-24-layout-fit-mode-coordinate-contract.md,2143,46,37,text,false,false,false,false
.arcweft-local/integrated-execution-design-2026-06-24/arcweft-integrated-execution-design-2026-06-24/input-requirements/2026-06-24-layout-units-text-fitting-and-shared-capture.md,2047,45,36,text,false,false,false,false
.arcweft-local/integrated-execution-design-2026-06-24/arcweft-integrated-execution-design-2026-06-24/input-requirements/2026-06-24-patch-target-manifest-signature-design.md,4955,117,93,text,false,false,false,false
.arcweft-local/integrated-execution-design-2026-06-24/arcweft-integrated-execution-design-2026-06-24/input-requirements/2026-06-24-persistent-compiler-query-cache-design.md,5663,128,104,text,false,false,false,false
.arcweft-local/integrated-execution-design-2026-06-24/arcweft-integrated-execution-design-2026-06-24/input-requirements/2026-06-24-product-resource-section-codecs-design.md,4803,112,88,text,false,false,false,false
.arcweft-local/integrated-execution-design-2026-06-24/arcweft-integrated-execution-design-2026-06-24/input-requirements/2026-06-24-windowed-native-live-patch-design.md,5088,118,94,text,false,false,false,false
.arcweft-local/integrated-execution-design-2026-06-24/arcweft-integrated-execution-design-2026-06-24/patch-sketches/0001-remove-lazy-eager-use-and-optimization-surface.md,939,27,20,text,false,false,false,false
.arcweft-local/integrated-execution-design-2026-06-24/arcweft-integrated-execution-design-2026-06-24/patch-sketches/0002-awbc-product-structured-bytecode-removal.md,719,23,16,text,false,false,false,false
.arcweft-local/integrated-execution-design-2026-06-24/arcweft-integrated-execution-design-2026-06-24/reference-impl/crates/arcweft-bundle/src/patch_materialization.rs,3894,133,115,production,true,false,false,false
.arcweft-local/integrated-execution-design-2026-06-24/arcweft-integrated-execution-design-2026-06-24/reference-impl/crates/arcweft-bundle/src/resource_codec.rs,4301,148,132,production,true,false,false,false
.arcweft-local/integrated-execution-design-2026-06-24/arcweft-integrated-execution-design-2026-06-24/reference-impl/crates/arcweft-core/src/awbc/executable.rs,13868,471,436,production,true,false,false,false
.arcweft-local/integrated-execution-design-2026-06-24/arcweft-integrated-execution-design-2026-06-24/reference-impl/crates/arcweft-layout/src/lib.rs,10055,343,314,production,true,false,false,true
.arcweft-local/integrated-execution-design-2026-06-24/arcweft-integrated-execution-design-2026-06-24/reference-impl/crates/arcweft-project/src/persistent_object.rs,5627,190,169,production,true,false,false,false
.arcweft-local/integrated-execution-design-2026-06-24/arcweft-integrated-execution-design-2026-06-24/reference-impl/crates/arcweft-runtime-codegen/src/lib.rs,4708,164,148,production,true,false,false,false
.arcweft-local/integrated-execution-design-2026-06-24/arcweft-integrated-execution-design-2026-06-24/reference-impl/crates/arcweft-runtime-driver/src/generation_runtime.rs,7425,248,205,production,true,false,false,true
.arcweft-local/integrated-execution-design-2026-06-24/arcweft-integrated-execution-design-2026-06-24/reference-impl/crates/arcweft-runtime-driver/src/windowed_patch_model.rs,3209,117,103,production,true,false,false,false
.arcweft-local/integrated-execution-design-2026-06-24/arcweft-integrated-execution-design-2026-06-24/reference-impl/tests/generation_runtime_tests.rs,845,18,6,test,true,true,false,false
.arcweft-local/target-preserve-before-cargo-clean-20260628-221036/README.md,334,8,7,text,false,false,false,false
.arcweft-local/target-preserve-before-cargo-clean-20260628-221036/arcweft-native-capture-artifacts/exact-native-golden.environment.json,4668,90,90,text,false,false,false,false
.arcweft-local/target-preserve-before-cargo-clean-20260628-221036/arcweft-native-capture-refresh/exact-native-golden.environment.json,4621,90,90,text,false,false,false,false
.arcweft-local/target-preserve-before-cargo-clean-20260628-221036/arcweft-native-golden-drift/test-visual-golden/vertical_jlreq_preset_loose_golden/vertical_jlreq_preset_loose_golden.environment.json,3246,82,82,text,false,false,false,false
.arcweft-local/target-preserve-before-cargo-clean-20260628-221036/arcweft-native-golden-drift/test-visual-golden/vertical_jlreq_preset_loose_golden/vertical_jlreq_preset_loose_golden.imq.json,1924,73,73,text,false,false,false,false
.arcweft-local/target-preserve-before-cargo-clean-20260628-221036/arcweft-native-golden-drift/test-visual-golden/vertical_jlreq_preset_loose_golden/vertical_jlreq_preset_loose_golden.observe.json,892832,29219,29219,text,false,false,false,false
.arcweft-local/target-preserve-before-cargo-clean-20260628-221036/arcweft-native-golden-drift/test-visual-golden/vertical_jlreq_preset_normal_golden/vertical_jlreq_preset_normal_golden.environment.json,3260,82,82,text,false,false,false,false
.arcweft-local/target-preserve-before-cargo-clean-20260628-221036/arcweft-native-golden-drift/test-visual-golden/vertical_jlreq_preset_normal_golden/vertical_jlreq_preset_normal_golden.imq.json,1924,73,73,text,false,false,false,false
.arcweft-local/target-preserve-before-cargo-clean-20260628-221036/arcweft-native-golden-drift/test-visual-golden/vertical_jlreq_preset_normal_golden/vertical_jlreq_preset_normal_golden.observe.json,893072,29219,29219,text,false,false,false,false
.arcweft-local/target-preserve-before-cargo-clean-20260628-221036/arcweft-native-golden-drift/test-visual-golden/vertical_lr_ruby_text_combine_golden/vertical_lr_ruby_text_combine_golden.environment.json,3283,82,82,text,false,false,false,false
.arcweft-local/target-preserve-before-cargo-clean-20260628-221036/arcweft-native-golden-drift/test-visual-golden/vertical_lr_ruby_text_combine_golden/vertical_lr_ruby_text_combine_golden.imq.json,1929,73,73,text,false,false,false,false
.arcweft-local/target-preserve-before-cargo-clean-20260628-221036/arcweft-native-golden-drift/test-visual-golden/vertical_lr_ruby_text_combine_golden/vertical_lr_ruby_text_combine_golden.observe.json,631548,20788,20788,text,false,false,false,false
.arcweft-local/target-preserve-before-cargo-clean-20260628-221036/arcweft-native-golden-drift/test-visual-golden/vertical_tutr_golden/vertical_tutr_golden.environment.json,3068,82,82,text,false,false,false,false
.arcweft-local/target-preserve-before-cargo-clean-20260628-221036/arcweft-native-golden-drift/test-visual-golden/vertical_tutr_golden/vertical_tutr_golden.imq.json,1878,73,73,text,false,false,false,false
.arcweft-local/target-preserve-before-cargo-clean-20260628-221036/arcweft-native-golden-drift/test-visual-golden/vertical_tutr_golden/vertical_tutr_golden.observe.json,1324022,43405,43405,text,false,false,false,false
.github/workflows/wasm-browser.yml,5177,144,138,text,false,false,false,false
.github/workflows/zip-gap-platform-validation.yml,1955,65,51,text,false,false,false,false
AGENTS.md,20422,374,307,text,false,false,false,false
Cargo.toml,8004,222,217,text,false,false,false,false
THIRD_PARTY_NOTICES.md,2463,68,50,text,false,false,false,false
crates/arcweft/Cargo.toml,760,26,23,text,false,false,false,false
crates/arcweft/src/lib.rs,845,49,33,production,true,false,false,false
crates/arcweft-adapter-context/Cargo.toml,548,25,21,text,false,false,false,false
crates/arcweft-adapter-context/src/codec.rs,10865,349,308,production,true,false,false,true
crates/arcweft-adapter-context/src/lib.rs,359,9,3,production,true,false,false,false
crates/arcweft-adapter-context/src/manifest.rs,32742,1042,823,production,true,false,false,true
crates/arcweft-adapter-context/src/standard.rs,8883,247,212,production,true,false,false,true
crates/arcweft-adapter-desktop/Cargo.toml,673,22,19,text,false,false,false,false
crates/arcweft-adapter-desktop/src/adapter.rs,15264,432,404,production,true,false,false,false
crates/arcweft-adapter-desktop/src/codec.rs,10597,294,276,production,true,false,false,true
crates/arcweft-adapter-desktop/src/lib.rs,1850,32,25,production,true,false,false,false
crates/arcweft-adapter-desktop/src/manifest.rs,15538,439,406,production,true,false,false,true
crates/arcweft-adapter-desktop/tests/native_integration.rs,2114,54,50,test,true,true,false,false
crates/arcweft-adt/Cargo.toml,210,13,11,text,false,false,false,false
crates/arcweft-adt/src/lib.rs,37428,1486,1052,production,true,false,false,true
crates/arcweft-agent-mcp/Cargo.toml,667,22,19,text,false,false,false,false
crates/arcweft-agent-mcp/src/lib.rs,396,13,6,production,true,false,false,false
crates/arcweft-agent-mcp/src/model.rs,4931,140,111,production,true,false,false,false
crates/arcweft-agent-mcp/src/repl_command.rs,7618,223,179,production,true,false,false,true
crates/arcweft-agent-mcp/src/resources.rs,12310,318,282,production,true,false,false,false
crates/arcweft-agent-mcp/src/tests.rs,43916,1220,1159,test,true,true,false,false
crates/arcweft-agent-mcp/src/tools.rs,45918,814,783,production,true,false,false,false
crates/arcweft-agent-mcp/tests/descriptor_invariants.rs,2149,71,65,test,true,true,false,false
crates/arcweft-agent-mcp/tests/repl_command.rs,8060,238,210,test,true,true,false,false
crates/arcweft-agent-mcp-client/Cargo.toml,509,18,16,text,false,false,false,false
crates/arcweft-agent-mcp-client/src/lib.rs,16445,510,458,production,true,false,false,true
crates/arcweft-agent-policy/Cargo.toml,558,21,19,text,false,false,false,false
crates/arcweft-agent-policy/src/decode.rs,3956,123,114,production,true,false,false,false
crates/arcweft-agent-policy/src/gate.rs,17035,443,422,production,true,false,false,false
crates/arcweft-agent-policy/src/lib.rs,626,19,11,production,true,false,false,false
crates/arcweft-agent-policy/src/publication.rs,605,22,17,production,true,false,false,false
crates/arcweft-agent-policy/src/published.rs,5918,174,155,production,true,false,false,false
crates/arcweft-agent-policy/src/scene.rs,4244,92,87,production,true,false,false,false
crates/arcweft-agent-policy/src/tests.rs,9768,290,262,test,true,true,false,false
crates/arcweft-agent-protocol/Cargo.toml,491,19,17,text,false,false,false,false
crates/arcweft-agent-protocol/src/action.rs,811,29,23,production,true,false,false,false
crates/arcweft-agent-protocol/src/artifact.rs,3957,121,91,production,true,false,false,false
crates/arcweft-agent-protocol/src/diagnostic.rs,758,24,20,production,true,false,false,false
crates/arcweft-agent-protocol/src/geometry.rs,1687,68,56,production,true,false,false,false
crates/arcweft-agent-protocol/src/hit_test.rs,1435,39,35,test,true,true,false,false
crates/arcweft-agent-protocol/src/ids.rs,2320,91,68,production,true,false,false,false
crates/arcweft-agent-protocol/src/image.rs,33317,938,835,production,true,false,false,false
crates/arcweft-agent-protocol/src/lib.rs,636,31,23,production,true,false,false,false
crates/arcweft-agent-protocol/src/object.rs,6514,169,151,production,true,false,false,false
crates/arcweft-agent-protocol/src/observation.rs,7969,207,184,production,true,false,false,false
crates/arcweft-agent-protocol/src/predicate.rs,4800,176,154,production,true,false,false,true
crates/arcweft-agent-protocol/src/presentation.rs,25268,698,649,production,true,false,false,true
crates/arcweft-agent-protocol/src/protocol.rs,9782,310,256,production,true,false,false,true
crates/arcweft-agent-protocol/src/proxy.rs,3483,90,79,production,true,false,false,false
crates/arcweft-agent-protocol/src/resource.rs,5405,184,161,production,true,false,false,false
crates/arcweft-agent-protocol/src/rich_text.rs,3926,111,99,production,true,false,false,false
crates/arcweft-agent-protocol/src/serde_helpers.rs,387,18,15,production,true,false,false,false
crates/arcweft-agent-protocol/src/session.rs,411,15,11,production,true,false,false,false
crates/arcweft-agent-protocol/src/tests.rs,39770,1139,1095,test,true,true,false,false
crates/arcweft-agent-protocol/src/trace.rs,920,33,29,production,true,false,false,false
crates/arcweft-agent-protocol/src/value.rs,488,18,16,production,true,false,false,false
crates/arcweft-agent-protocol/src/verified_effects.rs,1325,39,28,production,true,false,false,false
crates/arcweft-agent-protocol/src/view.rs,212,8,6,production,true,false,false,false
crates/arcweft-agent-repl/Cargo.toml,932,31,26,text,false,false,false,false
crates/arcweft-agent-repl/src/binding.rs,11769,363,330,production,true,false,false,false
crates/arcweft-agent-repl/src/cell.rs,6932,263,220,production,true,false,false,false
crates/arcweft-agent-repl/src/command/dispatch.rs,16762,482,439,production,true,false,false,false
crates/arcweft-agent-repl/src/command/endpoint.rs,7687,204,161,production,true,false,false,false
crates/arcweft-agent-repl/src/command/host.rs,3645,116,90,production,true,false,false,false
crates/arcweft-agent-repl/src/command/json.rs,22831,605,543,production,true,false,false,false
crates/arcweft-agent-repl/src/command/parse.rs,11444,329,301,production,true,false,false,false
crates/arcweft-agent-repl/src/command/runtime_task.rs,3847,123,109,production,true,false,false,false
crates/arcweft-agent-repl/src/command/types.rs,17731,636,519,production,true,false,false,false
crates/arcweft-agent-repl/src/command.rs,2009,43,35,production,true,false,false,false
crates/arcweft-agent-repl/src/error.rs,2237,59,53,production,true,false,false,false
crates/arcweft-agent-repl/src/evidence.rs,3661,130,109,production,true,false,false,false
crates/arcweft-agent-repl/src/hash.rs,632,17,16,production,true,false,false,false
crates/arcweft-agent-repl/src/lib.rs,1859,45,36,production,true,false,false,false
crates/arcweft-agent-repl/src/runtime.rs,7383,267,231,production,true,false,false,false
crates/arcweft-agent-repl/src/session.rs,20205,583,546,production,true,false,false,false
crates/arcweft-agent-repl/src/source.rs,4548,132,125,production,true,false,false,false
crates/arcweft-agent-repl/src/tier.rs,2339,86,68,production,true,false,false,false
crates/arcweft-agent-repl/src/tiering.rs,26458,783,715,production,true,false,false,false
crates/arcweft-agent-repl/tests/repl_cell.rs,4479,130,117,test,true,true,false,false
crates/arcweft-agent-repl/tests/repl_command.rs,8571,244,212,test,true,true,false,false
crates/arcweft-agent-repl/tests/repl_task_adapter.rs,5672,161,145,test,true,true,false,false
crates/arcweft-agent-repl/tests/repl_tiering.rs,6939,192,172,test,true,true,false,false
crates/arcweft-agent-repl/tests/repl_trace.rs,7349,215,190,test,true,true,false,false
crates/arcweft-agent-repl/tests/repl_transaction.rs,1281,35,32,test,true,true,false,false
crates/arcweft-agent-runner/Cargo.toml,578,22,19,text,false,false,false,false
crates/arcweft-agent-runner/src/assertion.rs,918,26,23,production,true,false,false,false
crates/arcweft-agent-runner/src/budget.rs,4756,146,138,production,true,false,false,false
crates/arcweft-agent-runner/src/config.rs,2081,80,67,production,true,false,false,false
crates/arcweft-agent-runner/src/effect_policy.rs,6004,154,128,production,true,false,false,false
crates/arcweft-agent-runner/src/error.rs,2614,63,60,production,true,false,false,false
crates/arcweft-agent-runner/src/host_request.rs,7793,196,192,production,true,false,false,false
crates/arcweft-agent-runner/src/label_parse.rs,19745,562,532,production,true,false,false,false
crates/arcweft-agent-runner/src/lib.rs,594,24,16,production,true,false,false,false
crates/arcweft-agent-runner/src/policy.rs,1464,53,45,production,true,false,false,false
crates/arcweft-agent-runner/src/predicate.rs,6413,163,153,production,true,false,false,false
crates/arcweft-agent-runner/src/runner.rs,31118,883,801,production,true,false,false,false
crates/arcweft-agent-runner/src/runtime_args.rs,8332,224,205,production,true,false,false,false
crates/arcweft-agent-runner/src/runtime_payload.rs,25161,666,640,production,true,false,false,false
crates/arcweft-agent-runner/src/runtime_value.rs,14888,373,349,production,true,false,false,false
crates/arcweft-agent-runner/src/session.rs,7013,208,172,production,true,false,false,false
crates/arcweft-agent-runner/src/tests.rs,76000,2110,1976,test,true,true,false,false
crates/arcweft-audio-codec/Cargo.toml,630,27,23,text,false,false,false,false
crates/arcweft-audio-codec/README.md,208,5,4,text,false,false,false,false
crates/arcweft-audio-codec/src/lib.rs,9488,255,235,production,true,false,false,false
crates/arcweft-audio-codec/tests/resample.rs,449,11,10,test,true,true,false,false
crates/arcweft-audio-core/Cargo.toml,390,22,18,text,false,false,false,false
crates/arcweft-audio-core/src/graph.rs,23264,659,631,production,true,false,false,false
crates/arcweft-audio-core/src/lib.rs,152,7,4,production,true,false,false,false
crates/arcweft-audio-core/src/prepared.rs,16270,521,493,production,true,false,false,false
crates/arcweft-audio-core/tests/graph.rs,1446,40,38,test,true,true,false,false
crates/arcweft-audio-device-cpal/Cargo.toml,1495,54,49,text,false,false,false,false
crates/arcweft-audio-device-cpal/src/lib.rs,659,19,12,production,true,false,false,false
crates/arcweft-audio-device-cpal/src/native_microphone.rs,5585,155,146,production,true,false,false,false
crates/arcweft-audio-device-cpal/src/output.rs,8380,230,215,production,true,false,false,false
crates/arcweft-audio-device-cpal/src/web_microphone.rs,7918,208,194,production,true,false,false,false
crates/arcweft-audio-mixer/Cargo.toml,376,19,16,text,false,false,false,false
crates/arcweft-audio-mixer/src/effect.rs,16378,486,458,production,true,false,false,false
crates/arcweft-audio-mixer/src/lib.rs,19312,592,560,production,true,false,false,false
crates/arcweft-audio-mixer/tests/mixer.rs,2666,75,73,test,true,true,false,false
crates/arcweft-browser-bench/Cargo.toml,962,32,27,text,false,false,false,false
crates/arcweft-browser-bench/src/bin/browser_bench_host.rs,7103,226,214,production,true,false,false,false
crates/arcweft-browser-bench/src/correctness.rs,1002,36,32,production,true,false,false,false
crates/arcweft-browser-bench/src/lib.rs,254,16,11,production,true,false,false,false
crates/arcweft-browser-bench/src/model.rs,9254,293,272,production,true,false,false,false
crates/arcweft-browser-bench/src/policy.rs,3554,86,82,production,true,false,false,false
crates/arcweft-browser-bench/src/recommend.rs,9515,259,251,production,true,false,false,false
crates/arcweft-browser-bench/src/runner/add_case.rs,23196,525,522,production,true,false,false,false
crates/arcweft-browser-bench/src/runner/browser.rs,632,20,17,production,true,false,false,false
crates/arcweft-browser-bench/src/runner/capture.rs,854,26,22,production,true,false,false,false
crates/arcweft-browser-bench/src/runner/case.rs,5452,171,162,production,true,false,false,false
crates/arcweft-browser-bench/src/runner/config.rs,316,9,8,production,true,false,false,false
crates/arcweft-browser-bench/src/runner/cpu.rs,916,27,23,production,true,false,false,false
crates/arcweft-browser-bench/src/runner/estimate.rs,1174,33,30,production,true,false,false,false
crates/arcweft-browser-bench/src/runner/matmul_case.rs,33448,781,778,production,true,false,false,false
crates/arcweft-browser-bench/src/runner/mode.rs,2828,82,75,production,true,false,false,false
crates/arcweft-browser-bench/src/runner/pipelined.rs,15501,420,412,production,true,false,false,false
crates/arcweft-browser-bench/src/runner/wasm.rs,4090,107,104,production,true,false,false,false
crates/arcweft-browser-bench/src/runner.rs,142,12,11,production,true,false,false,false
crates/arcweft-browser-bench/src/stability.rs,2038,58,57,production,true,false,false,false
crates/arcweft-browser-bench/src/stats.rs,199,7,7,production,true,false,false,false
crates/arcweft-browser-bench/src/tests.rs,13824,481,461,test,true,true,false,false
crates/arcweft-browser-bench/web/index.html,2104,94,85,text,false,false,false,false
crates/arcweft-browser-bench/web/run.js,5723,221,209,text,false,false,false,false
crates/arcweft-bundle/Cargo.toml,1434,48,44,text,false,false,false,false
crates/arcweft-bundle/src/character_package.rs,4949,127,115,production,true,false,false,false
crates/arcweft-bundle/src/container/identity.rs,1526,47,42,production,true,false,false,false
crates/arcweft-bundle/src/container/opaque.rs,1404,56,46,production,true,false,false,false
crates/arcweft-bundle/src/container.rs,78055,2383,2160,production,true,false,false,true
crates/arcweft-bundle/src/lib.rs,71494,2005,1847,production,true,false,false,true
crates/arcweft-bundle/src/patch.rs,56192,1536,1427,production,true,false,false,false
crates/arcweft-bundle/src/product.rs,32557,898,838,production,true,false,false,true
crates/arcweft-bundle/src/product_awbc.rs,1942,54,43,production,true,false,false,false
crates/arcweft-bundle/src/release/archive.rs,38936,1036,943,production,true,false,false,true
crates/arcweft-bundle/src/release/signing_policy.rs,26405,720,656,production,true,false,false,true
crates/arcweft-bundle/src/release.rs,81068,2225,2064,production,true,false,false,true
crates/arcweft-bundle/src/resource_codec/budget.rs,1624,52,39,production,true,false,false,false
crates/arcweft-bundle/src/resource_codec/codec_io.rs,2504,80,66,production,true,false,false,false
crates/arcweft-bundle/src/resource_codec/error.rs,2597,60,58,production,true,false,false,false
crates/arcweft-bundle/src/resource_codec/field.rs,8627,286,255,production,true,false,false,false
crates/arcweft-bundle/src/resource_codec/header.rs,5705,163,148,production,true,false,false,false
crates/arcweft-bundle/src/resource_codec/inspection.rs,3198,92,82,production,true,false,false,false
crates/arcweft-bundle/src/resource_codec/kind.rs,10636,266,239,production,true,false,false,false
crates/arcweft-bundle/src/resource_codec/product_catalog.rs,16253,502,440,production,true,false,false,false
crates/arcweft-bundle/src/resource_codec/runtime.rs,70944,2021,1866,production,true,false,false,false
crates/arcweft-bundle/src/resource_codec/table.rs,10443,345,294,production,true,false,false,false
crates/arcweft-bundle/src/resource_codec/types.rs,1746,61,48,production,true,false,false,false
crates/arcweft-bundle/src/resource_codec/view/codec.rs,45161,1352,1262,production,true,false,false,false
crates/arcweft-bundle/src/resource_codec/view/compat.rs,3263,85,78,production,true,false,false,false
crates/arcweft-bundle/src/resource_codec/view/model.rs,65232,2102,1882,production,true,false,false,true
crates/arcweft-bundle/src/resource_codec/view/runtime_control_style.rs,71929,2077,1953,production,true,false,false,false
crates/arcweft-bundle/src/resource_codec/view.rs,777,18,8,production,true,false,false,false
crates/arcweft-bundle/src/resource_codec/wire.rs,9986,262,250,production,true,false,false,false
crates/arcweft-bundle/src/resource_codec.rs,3692,72,64,production,true,false,false,false
crates/arcweft-bundle/tests/character_package.rs,2585,76,69,test,true,true,false,false
crates/arcweft-bundle/tests/fixtures/zundamon.awchar/character.awchar.json,3411,167,167,test,false,true,false,false
crates/arcweft-bundle/tests/patch_schema.rs,7590,204,179,test,true,true,false,false
crates/arcweft-bundle/tests/product_awbc_only.rs,5783,164,156,test,true,true,false,false
crates/arcweft-bundle/tests/product_awbc_source_gates.rs,2550,65,61,test,true,true,false,false
crates/arcweft-bundle/tests/product_catalog_resource_codecs.rs,12983,355,337,test,true,true,false,false
crates/arcweft-bundle/tests/product_catalog_source_gate.rs,1191,35,33,test,true,true,false,false
crates/arcweft-bundle/tests/resource_codec_common.rs,15440,496,461,test,true,true,false,false
crates/arcweft-bundle/tests/resource_codec_source_gate.rs,2145,67,60,test,true,true,false,false
crates/arcweft-bundle/tests/runtime_control_style_resolution.rs,33346,965,898,test,true,true,false,false
crates/arcweft-bundle/tests/runtime_resource_codecs.rs,13859,382,353,test,true,true,false,false
crates/arcweft-bundle/tests/runtime_resource_product_gate.rs,904,25,23,test,true,true,false,false
crates/arcweft-bundle/tests/view_action_button_resources.rs,4403,115,109,test,true,true,false,false
crates/arcweft-bundle/tests/view_focus_navigation_resources.rs,3232,82,79,test,true,true,false,false
crates/arcweft-bundle/tests/view_resource_codecs.rs,22533,626,590,test,true,true,false,false
crates/arcweft-bundle/tests/view_runtime_text_controls.rs,9767,281,267,test,true,true,false,false
crates/arcweft-character/Cargo.toml,366,20,17,text,false,false,false,false
crates/arcweft-character/src/catalog.rs,4881,148,128,production,true,false,false,true
crates/arcweft-character/src/id.rs,5206,160,121,production,true,false,false,true
crates/arcweft-character/src/lib.rs,557,16,6,production,true,false,false,false
crates/arcweft-character/src/manifest.rs,26993,891,754,production,true,false,false,true
crates/arcweft-character/src/package.rs,7506,224,182,production,true,false,false,true
crates/arcweft-character/tests/awchar_package.rs,2115,72,63,test,true,true,false,false
crates/arcweft-character/tests/fixtures/zundamon.awchar/character.awchar.json,3411,167,167,test,false,true,false,false
crates/arcweft-character-psd/Cargo.toml,399,21,18,text,false,false,false,false
crates/arcweft-character-psd/src/lib.rs,24111,746,676,production,true,false,false,true
crates/arcweft-character-psd/tests/zundamon_fixture.rs,2889,91,85,test,true,true,false,false
crates/arcweft-character-view/Cargo.toml,484,21,18,text,false,false,false,false
crates/arcweft-character-view/src/lib.rs,17007,518,443,production,true,false,false,true
crates/arcweft-cli/Cargo.toml,4038,94,90,text,false,false,false,false
crates/arcweft-cli/src/app/agent/mcp_stdio.rs,28207,867,813,production,true,false,false,true
crates/arcweft-cli/src/app/agent/native/capture.rs,82107,2350,2262,production,true,false,false,false
crates/arcweft-cli/src/app/agent/native/image_mapping.rs,45390,1349,1285,production,true,false,false,false
crates/arcweft-cli/src/app/agent/native/mcp_debug.rs,24420,613,587,production,true,false,false,false
crates/arcweft-cli/src/app/agent/native/mcp_protocol.rs,59646,1520,1445,production,true,false,false,true
crates/arcweft-cli/src/app/agent/native/mcp_rag.rs,49235,1378,1329,production,true,false,false,false
crates/arcweft-cli/src/app/agent/native/mcp_resources.rs,43064,1180,1128,production,true,false,false,false
crates/arcweft-cli/src/app/agent/native/observe.rs,46958,1330,1258,production,true,false,false,false
crates/arcweft-cli/src/app/agent/native/observe_resources.rs,13742,401,385,production,true,false,false,false
crates/arcweft-cli/src/app/agent/native/player_observation.rs,47829,1347,1281,production,true,false,false,true
crates/arcweft-cli/src/app/agent/native/repl.rs,48873,1476,1406,production,true,false,false,false
crates/arcweft-cli/src/app/agent/native/repl_cli_command/dispatch.rs,14201,447,423,production,true,false,false,true
crates/arcweft-cli/src/app/agent/native/repl_cli_command/format.rs,8111,227,211,production,true,false,false,true
crates/arcweft-cli/src/app/agent/native/repl_cli_command/parse.rs,19803,573,529,production,true,false,false,true
crates/arcweft-cli/src/app/agent/native/repl_cli_command/protocol.rs,10326,302,279,production,true,false,false,true
crates/arcweft-cli/src/app/agent/native/repl_cli_command/types.rs,9806,387,346,production,true,false,false,false
crates/arcweft-cli/src/app/agent/native/repl_cli_command.rs,894,20,12,production,true,false,false,false
crates/arcweft-cli/src/app/agent/native/repl_command_bridge.rs,21532,603,572,production,true,false,false,false
crates/arcweft-cli/src/app/agent/native/repl_command_format.rs,19678,559,516,production,true,false,false,true
crates/arcweft-cli/src/app/agent/native/repl_project_binding.rs,2741,80,76,production,true,false,false,false
crates/arcweft-cli/src/app/agent/native/repl_snapshot.rs,5786,172,159,production,true,false,false,false
crates/arcweft-cli/src/app/agent/native/runtime_observation.rs,17045,463,442,production,true,false,false,false
crates/arcweft-cli/src/app/agent/native/tests.rs,126038,3660,3466,test,true,true,false,false
crates/arcweft-cli/src/app/agent/native.rs,16144,335,325,production,true,false,false,false
crates/arcweft-cli/src/app/agent/rag/source_index.rs,67130,1822,1752,production,true,false,false,false
crates/arcweft-cli/src/app/agent/rag.rs,48931,1353,1302,production,true,false,false,false
crates/arcweft-cli/src/app/agent/script.rs,65274,1884,1783,production,true,false,false,false
crates/arcweft-cli/src/app/agent.rs,23261,717,676,production,true,false,false,true
crates/arcweft-cli/src/app/bundle/stage_placement.rs,6174,175,162,production,true,false,false,false
crates/arcweft-cli/src/app/bundle/tests.rs,47456,1541,1416,test,true,true,false,false
crates/arcweft-cli/src/app/bundle/view_mounts.rs,15946,435,419,production,true,false,false,false
crates/arcweft-cli/src/app/bundle.rs,81418,2271,2151,production,true,false,false,false
crates/arcweft-cli/src/app/bundle_view.rs,84280,2397,2253,production,true,false,false,false
crates/arcweft-cli/src/app/bundle_view_layout.rs,10196,314,287,production,true,false,false,false
crates/arcweft-cli/src/app/bundle_view_overflow.rs,2322,69,66,production,true,false,false,false
crates/arcweft-cli/src/app/cache.rs,28052,759,693,production,true,false,false,true
crates/arcweft-cli/src/app/commands.rs,4074,131,117,production,true,false,false,false
crates/arcweft-cli/src/app/debug.rs,77792,2376,2260,production,true,false,false,true
crates/arcweft-cli/src/app/diagnostics.rs,12019,325,298,production,true,false,false,true
crates/arcweft-cli/src/app/image_declarations.rs,5801,196,180,production,true,false,false,true
crates/arcweft-cli/src/app/import.rs,6317,201,180,production,true,false,false,true
crates/arcweft-cli/src/app/inspect.rs,6441,201,183,production,true,false,false,true
crates/arcweft-cli/src/app/jit.rs,54603,1543,1457,production,true,false,false,false
crates/arcweft-cli/src/app/local_embedding.rs,3520,104,92,production,true,false,false,false
crates/arcweft-cli/src/app/native_player.rs,1060,34,32,production,true,false,false,false
crates/arcweft-cli/src/app/progress.rs,3993,144,129,production,true,false,false,true
crates/arcweft-cli/src/app/project.rs,26459,779,724,production,true,false,false,true
crates/arcweft-cli/src/app/project_commands/tests.rs,11980,351,329,test,true,true,false,false
crates/arcweft-cli/src/app/project_commands.rs,82506,2296,2177,production,true,false,false,false
crates/arcweft-cli/src/app/release.rs,15723,434,382,production,true,false,false,true
crates/arcweft-cli/src/app/release_sign.rs,9370,280,259,production,true,false,false,true
crates/arcweft-cli/src/app/remote_embedding.rs,10393,311,290,production,true,false,false,true
crates/arcweft-cli/src/app/runtime/bench.rs,5493,139,134,production,true,false,false,false
crates/arcweft-cli/src/app/runtime/cli.rs,3563,100,98,production,true,false,false,false
crates/arcweft-cli/src/app/runtime/entry.rs,4371,135,128,production,true,false,false,false
crates/arcweft-cli/src/app/runtime/executor.rs,3165,98,86,production,true,false,false,false
crates/arcweft-cli/src/app/runtime/expectations.rs,8085,261,240,production,true,false,false,false
crates/arcweft-cli/src/app/runtime/options.rs,13990,383,361,production,true,false,false,false
crates/arcweft-cli/src/app/runtime/parse.rs,6620,176,163,production,true,false,false,false
crates/arcweft-cli/src/app/runtime/plan.rs,1731,48,47,production,true,false,false,false
crates/arcweft-cli/src/app/runtime/profile.rs,14962,399,387,production,true,false,false,false
crates/arcweft-cli/src/app/runtime/profile_cmd.rs,4568,112,110,production,true,false,false,false
crates/arcweft-cli/src/app/runtime/reports.rs,1420,34,32,production,true,false,false,false
crates/arcweft-cli/src/app/runtime/run.rs,49563,1352,1273,production,true,false,false,true
crates/arcweft-cli/src/app/runtime/script_bench/mod.rs,4585,123,119,production,true,false,false,false
crates/arcweft-cli/src/app/runtime/script_bench/run.rs,18345,520,506,production,true,false,false,false
crates/arcweft-cli/src/app/runtime/script_bench/samples.rs,29513,629,600,production,true,false,false,false
crates/arcweft-cli/src/app/runtime/script_test.rs,6698,208,205,test,true,true,false,false
crates/arcweft-cli/src/app/runtime/serve.rs,6390,195,188,production,true,false,false,false
crates/arcweft-cli/src/app/runtime/steps.rs,4753,145,138,production,true,false,false,false
crates/arcweft-cli/src/app/runtime.rs,270,16,16,production,true,false,false,false
crates/arcweft-cli/src/app/shared.rs,482,16,14,production,true,false,false,false
crates/arcweft-cli/src/app/tooling.rs,5170,170,161,production,true,false,false,false
crates/arcweft-cli/src/app/verify.rs,17655,504,480,production,true,false,false,true
crates/arcweft-cli/src/app.rs,5328,127,120,production,true,false,false,false
crates/arcweft-cli/src/lib.rs,849,19,15,production,true,false,false,false
crates/arcweft-cli/src/main.rs,82,3,3,production,true,false,false,false
crates/arcweft-cli/src/output.rs,48586,1386,1291,production,true,false,false,false
crates/arcweft-cli/src/server_adapter.rs,13757,427,399,production,true,false,false,true
crates/arcweft-cli/src/toolchain_profile.rs,75712,2463,2356,production,true,false,false,true
crates/arcweft-cli/tests/arcw_fixtures_check_run.rs,4055,126,115,test,true,true,false,false
crates/arcweft-cli/tests/check/agent_observe_native/core.rs,59053,1650,1554,test,true,true,false,false
crates/arcweft-cli/tests/check/agent_observe_native/mcp_native_capture.rs,82824,2176,2104,test,true,true,false,false
crates/arcweft-cli/tests/check/agent_observe_native/native_samples_effects.rs,222425,6054,5659,test,true,true,false,false
crates/arcweft-cli/tests/check/agent_observe_native/native_vertical.rs,243053,6758,6285,test,true,true,false,false
crates/arcweft-cli/tests/check/agent_observe_native/published_jlreq_class_mix.rs,222475,6161,5760,test,true,true,false,false
crates/arcweft-cli/tests/check/agent_observe_native/published_jlreq_units.rs,143360,4181,3947,test,true,true,false,false
crates/arcweft-cli/tests/check/agent_observe_native/selected_capture_metadata.rs,3476,86,84,test,true,true,false,false
crates/arcweft-cli/tests/check/agent_observe_native/shared.rs,44891,1243,1171,test,true,true,false,false
crates/arcweft-cli/tests/check/agent_observe_native/visual_smoke.rs,15080,417,390,test,true,true,false,false
crates/arcweft-cli/tests/check/agent_observe_native.rs,1015,22,20,test,true,true,false,false
crates/arcweft-cli/tests/check/agent_script_debug.rs,195837,5250,5034,test,true,true,false,false
crates/arcweft-cli/tests/check/cli_runtime_bench.rs,255354,7942,7442,test,true,true,false,false
crates/arcweft-cli/tests/check/toolchain_jit.rs,39944,1552,1493,test,true,true,false,false
crates/arcweft-cli/tests/check.rs,26830,773,714,test,true,true,false,false
crates/arcweft-cli/tests/check_core_cli.rs,1343,43,37,test,true,true,false,false
crates/arcweft-cli/tests/css_style_parity_sample.rs,2212,62,57,test,true,true,false,false
crates/arcweft-cli/tests/native_text_input_native_interactive_smoke.rs,6797,189,175,test,true,true,false,false
crates/arcweft-cli/tests/native_text_input_sample_sidecars.rs,4744,91,83,test,true,true,false,false
crates/arcweft-cli/tests/native_text_input_trace_cli.rs,2279,57,52,test,true,true,false,false
crates/arcweft-cli/tests/reactive_view_style_sample_sidecars.rs,1469,40,35,test,true,true,false,false
crates/arcweft-cli/tests/regression_harness.rs,8189,282,261,generated,true,true,true,false
crates/arcweft-cli/tests/release_trust_json.rs,7156,208,193,test,true,true,false,false
crates/arcweft-cli/tests/repl_host_adapter_source_gates.rs,1749,61,56,test,true,true,false,false
crates/arcweft-cli/tests/responsive_stage_placement.rs,4065,148,130,test,true,true,false,false
crates/arcweft-cli/tests/seq04_8_4_persistent_cache_build_cli_goldens.rs,19497,555,506,test,true,true,false,false
crates/arcweft-cli/tests/support/cli.rs,1330,59,51,test,true,true,false,false
crates/arcweft-cli/tests/support/json.rs,427,15,13,test,true,true,false,false
crates/arcweft-cli/tests/support/release_trust_fixture.rs,11773,331,303,test,true,true,false,false
crates/arcweft-cli/tests/support/temp.rs,1271,49,44,test,true,true,false,false
crates/arcweft-cli/tests/support/workspace.rs,662,29,25,test,true,true,false,false
crates/arcweft-codec-arrow/Cargo.toml,374,16,14,text,false,false,false,false
crates/arcweft-codec-arrow/src/ipc_preflight.rs,12145,375,356,production,true,false,false,false
crates/arcweft-codec-arrow/src/lib.rs,27078,826,776,production,true,false,false,false
crates/arcweft-codec-arrow/src/parquet_preflight.rs,5831,186,166,production,true,false,false,false
crates/arcweft-codec-arrow/tests/shape_codec.rs,15273,469,426,test,true,true,false,false
crates/arcweft-codec-avro/Cargo.toml,333,15,13,text,false,false,false,false
crates/arcweft-codec-avro/src/avro_preflight.rs,13432,421,393,production,true,false,false,false
crates/arcweft-codec-avro/src/codec.rs,34194,932,893,production,true,false,false,false
crates/arcweft-codec-avro/src/enum_value.rs,13239,392,378,production,true,false,false,false
crates/arcweft-codec-avro/src/lib.rs,76,5,4,production,true,false,false,false
crates/arcweft-codec-avro/tests/shape_codec.rs,21733,688,651,test,true,true,false,false
crates/arcweft-codec-binary/Cargo.toml,590,20,17,text,false,false,false,false
crates/arcweft-codec-binary/src/lib.rs,12868,394,358,production,true,false,false,false
crates/arcweft-codec-binary/tests/strict_decode.rs,3594,127,108,test,true,true,false,false
crates/arcweft-codec-cbor/Cargo.toml,359,16,14,text,false,false,false,false
crates/arcweft-codec-cbor/src/lib.rs,9139,279,262,production,true,false,false,false
crates/arcweft-codec-cbor/tests/native_mapping.rs,4760,154,138,test,true,true,false,false
crates/arcweft-codec-csv/Cargo.toml,348,16,14,text,false,false,false,false
crates/arcweft-codec-csv/src/lib.rs,25562,744,709,production,true,false,false,false
crates/arcweft-codec-csv/tests/shape_codec.rs,9060,287,258,test,true,true,false,false
crates/arcweft-codec-json/Cargo.toml,350,16,14,text,false,false,false,false
crates/arcweft-codec-json/src/lib.rs,28776,808,758,production,true,false,false,false
crates/arcweft-codec-json/tests/shape_codec.rs,6670,227,206,test,true,true,false,false
crates/arcweft-codec-msgpack/Cargo.toml,324,15,13,text,false,false,false,false
crates/arcweft-codec-msgpack/src/lib.rs,10064,271,253,production,true,false,false,false
crates/arcweft-codec-msgpack/tests/native_mapping.rs,4760,147,131,test,true,true,false,false
crates/arcweft-codec-toml/Cargo.toml,356,16,14,text,false,false,false,false
crates/arcweft-codec-toml/src/lib.rs,26529,732,683,production,true,false,false,false
crates/arcweft-codec-toml/src/source_preflight.rs,12752,393,363,production,true,false,false,false
crates/arcweft-codec-toml/tests/shape_codec.rs,7622,257,231,test,true,true,false,false
crates/arcweft-codec-yaml/Cargo.toml,327,15,13,text,false,false,false,false
crates/arcweft-codec-yaml/src/lib.rs,25894,694,657,production,true,false,false,false
crates/arcweft-codec-yaml/src/source_preflight.rs,9506,283,260,production,true,false,false,false
crates/arcweft-codec-yaml/tests/shape_codec.rs,7357,243,217,test,true,true,false,false
crates/arcweft-compiler/Cargo.toml,879,31,26,text,false,false,false,false
crates/arcweft-compiler/src/agent.rs,11152,273,257,production,true,false,false,false
crates/arcweft-compiler/src/agent_effects.rs,1707,45,44,production,true,false,false,false
crates/arcweft-compiler/src/agent_project.rs,12891,333,311,production,true,false,false,false
crates/arcweft-compiler/src/content_partition.rs,6467,204,184,production,true,false,false,true
crates/arcweft-compiler/src/effect_manifest.rs,4405,135,115,production,true,false,false,true
crates/arcweft-compiler/src/error.rs,2621,57,51,production,true,false,false,false
crates/arcweft-compiler/src/hir.rs,2221,60,48,production,true,false,false,false
crates/arcweft-compiler/src/incremental.rs,5580,148,140,production,true,false,false,true
crates/arcweft-compiler/src/lib.rs,417,23,20,production,true,false,false,false
crates/arcweft-compiler/src/link.rs,5166,161,137,production,true,false,false,true
crates/arcweft-compiler/src/lower.rs,13093,327,301,production,true,false,false,false
crates/arcweft-compiler/src/object.rs,3025,108,92,production,true,false,false,true
crates/arcweft-compiler/src/parse.rs,1336,39,29,production,true,false,false,false
crates/arcweft-compiler/src/persistent.rs,53562,1419,1295,production,true,false,false,true
crates/arcweft-compiler/src/project.rs,20326,673,574,production,true,false,false,true
crates/arcweft-compiler/src/reachability.rs,6873,266,219,production,true,false,false,false
crates/arcweft-compiler/src/source.rs,1805,43,38,production,true,false,false,false
crates/arcweft-compiler/src/tests.rs,171419,5128,4784,test,true,true,false,false
crates/arcweft-compiler/src/trait_methods.rs,5472,152,142,production,true,false,false,false
crates/arcweft-compiler/src/types.rs,2461,72,58,production,true,false,false,false
crates/arcweft-compiler/tests/iterator_witness_source.rs,1794,50,47,test,true,true,false,false
crates/arcweft-compiler/tests/repl_cell.rs,793,23,22,test,true,true,false,false
crates/arcweft-compiler/tests/traits.rs,970,29,28,test,true,true,false,false
crates/arcweft-config/Cargo.toml,283,13,11,text,false,false,false,false
crates/arcweft-config/src/lib.rs,14598,464,435,production,true,false,false,false
crates/arcweft-config/tests/shape_merge.rs,6116,211,194,test,true,true,false,false
crates/arcweft-content-policy/Cargo.toml,313,15,13,text,false,false,false,false
crates/arcweft-content-policy/src/classifier.rs,6641,202,177,production,true,false,false,false
crates/arcweft-content-policy/src/engine.rs,10628,310,292,production,true,false,false,false
crates/arcweft-content-policy/src/lib.rs,1361,33,25,production,true,false,false,false
crates/arcweft-content-policy/src/model.rs,7503,223,203,production,true,false,false,false
crates/arcweft-content-policy/src/profile.rs,6112,150,142,production,true,false,false,false
crates/arcweft-content-policy/src/raster.rs,8022,280,246,production,true,false,false,false
crates/arcweft-content-policy/src/scene.rs,8542,229,213,production,true,false,false,false
crates/arcweft-content-policy/src/tests.rs,9433,298,267,test,true,true,false,false
crates/arcweft-content-policy/src/text.rs,3029,92,83,production,true,false,false,false
crates/arcweft-content-policy/src/types.rs,18079,588,495,production,true,false,false,false
crates/arcweft-core/Cargo.toml,560,27,22,text,false,false,false,false
crates/arcweft-core/src/aot.rs,12150,378,346,production,true,false,false,false
crates/arcweft-core/src/audio.rs,2918,98,94,production,true,false,false,false
crates/arcweft-core/src/awbc/codec/code.rs,35614,927,904,production,true,false,false,false
crates/arcweft-core/src/awbc/codec/metadata.rs,14274,368,340,production,true,false,false,false
crates/arcweft-core/src/awbc/codec/runtime.rs,34990,987,915,production,true,false,false,false
crates/arcweft-core/src/awbc/codec/types.rs,16999,501,470,production,true,false,false,false
crates/arcweft-core/src/awbc/codec/wire.rs,13472,471,412,production,true,false,false,false
crates/arcweft-core/src/awbc/codec.rs,6766,196,183,production,true,false,false,false
crates/arcweft-core/src/awbc/fiber.rs,48822,1378,1285,production,true,false,false,false
crates/arcweft-core/src/awbc/parity.rs,8259,251,235,production,true,false,false,false
crates/arcweft-core/src/awbc/product_step/audio.rs,12162,313,294,production,true,false,false,false
crates/arcweft-core/src/awbc/product_step/control.rs,3781,105,100,production,true,false,false,false
crates/arcweft-core/src/awbc/product_step/mapping.rs,12125,311,304,production,true,false,false,false
crates/arcweft-core/src/awbc/product_step/runtime_id.rs,901,24,20,production,true,false,false,false
crates/arcweft-core/src/awbc/product_step/snapshot.rs,11106,265,256,production,true,false,false,false
crates/arcweft-core/src/awbc/product_step/tests.rs,17955,492,454,test,true,true,false,false
crates/arcweft-core/src/awbc/product_step.rs,95176,2499,2388,production,true,false,false,false
crates/arcweft-core/src/awbc/schema.rs,57373,1969,1812,production,true,false,false,false
crates/arcweft-core/src/awbc/schema_impls.rs,1006,30,28,production,true,false,false,false
crates/arcweft-core/src/awbc/tests.rs,24881,733,697,test,true,true,false,false
crates/arcweft-core/src/awbc/verify/code.rs,70497,1915,1872,production,true,false,false,false
crates/arcweft-core/src/awbc/verify/structure.rs,50400,1373,1337,production,true,false,false,false
crates/arcweft-core/src/awbc/verify.rs,7502,193,181,production,true,false,false,false
crates/arcweft-core/src/awbc/vm.rs,57744,1592,1540,production,true,false,false,false
crates/arcweft-core/src/awbc.rs,526,18,10,production,true,false,false,false
crates/arcweft-core/src/bytecode.rs,24747,784,716,production,true,false,false,true
crates/arcweft-core/src/effect.rs,4090,157,125,production,true,false,false,false
crates/arcweft-core/src/engine/aot.rs,7435,180,173,production,true,false,false,false
crates/arcweft-core/src/engine/audio.rs,14991,349,332,production,true,false,false,false
crates/arcweft-core/src/engine/eval/calls.rs,89488,2481,2408,production,true,false,false,false
crates/arcweft-core/src/engine/eval/function.rs,3042,87,82,production,true,false,false,false
crates/arcweft-core/src/engine/eval/sequence.rs,1181,36,35,production,true,false,false,false
crates/arcweft-core/src/engine/eval.rs,58236,1549,1480,production,true,false,false,false
crates/arcweft-core/src/engine/flow.rs,36610,988,955,production,true,false,false,false
crates/arcweft-core/src/engine/line.rs,4458,129,121,production,true,false,false,false
crates/arcweft-core/src/engine/source.rs,6786,188,179,production,true,false,false,false
crates/arcweft-core/src/engine/stream.rs,11599,323,311,production,true,false,false,false
crates/arcweft-core/src/engine/suspend.rs,37584,942,903,production,true,false,false,false
crates/arcweft-core/src/engine.rs,29467,850,779,production,true,false,false,false
crates/arcweft-core/src/executor.rs,18229,572,488,production,true,false,false,false
crates/arcweft-core/src/lib.rs,343,23,22,production,true,false,false,false
crates/arcweft-core/src/line_task.rs,13431,418,345,production,true,false,false,false
crates/arcweft-core/src/math.rs,9363,350,297,production,true,false,false,true
crates/arcweft-core/src/observation.rs,2427,68,63,production,true,false,false,true
crates/arcweft-core/src/pattern.rs,10370,325,311,production,true,false,false,false
crates/arcweft-core/src/plan.rs,20709,746,644,production,true,false,false,false
crates/arcweft-core/src/pure/aot.rs,32688,940,880,production,true,false,false,false
crates/arcweft-core/src/pure/runtime_backend.rs,37163,1057,1004,production,true,false,false,false
crates/arcweft-core/src/pure.rs,75573,2130,1938,production,true,false,false,false
crates/arcweft-core/src/runtime_id.rs,8733,301,238,production,true,false,false,false
crates/arcweft-core/src/source.rs,7169,261,233,production,true,false,false,false
crates/arcweft-core/src/step.rs,19646,585,506,production,true,false,false,false
crates/arcweft-core/src/stream.rs,4432,161,133,production,true,false,false,false
crates/arcweft-core/src/task.rs,14813,503,442,production,true,false,false,false
crates/arcweft-core/src/tests/executor.rs,11466,314,288,test,true,true,false,false
crates/arcweft-core/src/tests/flow.rs,88948,2552,2403,test,true,true,false,false
crates/arcweft-core/src/tests/line_task.rs,3924,119,111,test,true,true,false,false
crates/arcweft-core/src/tests/observation.rs,1619,50,47,test,true,true,false,false
crates/arcweft-core/src/tests/pure.rs,46141,1271,1154,test,true,true,false,false
crates/arcweft-core/src/tests/source.rs,5660,185,172,test,true,true,false,false
crates/arcweft-core/src/tests/step.rs,6435,200,182,test,true,true,false,false
crates/arcweft-core/src/tests/step_stats_delta.rs,1335,45,42,test,true,true,false,false
crates/arcweft-core/src/tests/stream.rs,2815,85,82,test,true,true,false,false
crates/arcweft-core/src/tests/task.rs,5275,157,149,test,true,true,false,false
crates/arcweft-core/src/tests/value.rs,29471,822,746,test,true,true,false,false
crates/arcweft-core/src/tests.rs,1591,55,49,test,true,true,false,false
crates/arcweft-core/src/time.rs,1044,49,40,production,true,false,false,false
crates/arcweft-core/src/value/env.rs,14573,480,436,production,true,false,false,false
crates/arcweft-core/src/value/integer.rs,8891,288,248,production,true,false,false,false
crates/arcweft-core/src/value/range.rs,10033,339,315,production,true,false,false,false
crates/arcweft-core/src/value/sequence_constructors.rs,5052,125,102,production,true,false,false,false
crates/arcweft-core/src/value/sequence_impls.rs,51830,1553,1357,production,true,false,false,false
crates/arcweft-core/src/value.rs,83955,2498,2285,production,true,false,false,false
crates/arcweft-core/tests/runtime_id_boundaries.rs,3439,104,86,test,true,true,false,false
crates/arcweft-data/Cargo.toml,423,20,16,text,false,false,false,false
crates/arcweft-data/src/codec.rs,10409,368,321,production,true,false,false,false
crates/arcweft-data/src/decode.rs,6311,190,174,production,true,false,false,false
crates/arcweft-data/src/encode.rs,4877,220,189,production,true,false,false,false
crates/arcweft-data/src/error.rs,4983,195,163,production,true,false,false,false
crates/arcweft-data/src/lib.rs,1123,36,27,production,true,false,false,false
crates/arcweft-data/src/limits.rs,7013,216,198,production,true,false,false,false
crates/arcweft-data/src/raw.rs,29492,811,781,production,true,false,false,false
crates/arcweft-data/src/shape.rs,9812,385,347,production,true,false,false,false
crates/arcweft-data/src/value.rs,3640,148,127,production,true,false,false,false
crates/arcweft-data/tests/codec_registry.rs,3871,147,126,test,true,true,false,false
crates/arcweft-data/tests/derive/fail/content_without_tag.rs,127,9,7,test,true,true,false,false
crates/arcweft-data/tests/derive/fail/duplicate_wire_name.rs,191,11,9,test,true,true,false,false
crates/arcweft-data/tests/derive/fail/internal_newtype_variant_policy.rs,129,9,7,test,true,true,false,false
crates/arcweft-data/tests/derive/fail/invalid_bytes.rs,147,9,7,test,true,true,false,false
crates/arcweft-data/tests/derive/fail/invalid_rename_all.rs,148,9,7,test,true,true,false,false
crates/arcweft-data/tests/derive/fail/multi_tuple_variant_policy.rs,106,8,6,test,true,true,false,false
crates/arcweft-data/tests/derive/fail/repr_discriminant_expression.rs,159,11,8,test,true,true,false,false
crates/arcweft-data/tests/derive/fail/repr_discriminant_range.rs,130,9,7,test,true,true,false,false
crates/arcweft-data/tests/derive/fail/repr_on_struct.rs,133,9,7,test,true,true,false,false
crates/arcweft-data/tests/derive/fail/tuple_struct_policy.rs,90,6,4,test,true,true,false,false
crates/arcweft-data/tests/derive/fail/unit_struct_policy.rs,87,6,4,test,true,true,false,false
crates/arcweft-data/tests/derive/fail/unknown_field_attr.rs,133,9,7,test,true,true,false,false
crates/arcweft-data/tests/derive/pass/bare_bytes.rs,354,14,12,test,true,true,false,false
crates/arcweft-data/tests/derive/pass/default_factory.rs,352,16,13,test,true,true,false,false
crates/arcweft-data/tests/derive/pass/generic_bounds.rs,1117,45,38,test,true,true,false,false
crates/arcweft-data/tests/derive_attrs.rs,6470,210,185,test,true,true,false,false
crates/arcweft-data/tests/derive_trybuild.rs,202,8,7,test,true,true,false,false
crates/arcweft-data/tests/raw_shape.rs,7576,247,226,test,true,true,false,false
crates/arcweft-data-derive/Cargo.toml,370,18,15,text,false,false,false,false
crates/arcweft-data-derive/src/attrs.rs,16397,517,473,production,true,false,false,false
crates/arcweft-data-derive/src/expand.rs,42247,1103,1070,production,true,false,false,false
crates/arcweft-data-derive/src/lib.rs,741,24,18,production,true,false,false,false
crates/arcweft-data-derive/src/rename.rs,2702,85,80,production,true,false,false,false
crates/arcweft-debug-model/Cargo.toml,337,16,14,text,false,false,false,false
crates/arcweft-debug-model/src/chunk.rs,3613,132,111,production,true,false,false,false
crates/arcweft-debug-model/src/diagnostic.rs,760,22,20,production,true,false,false,false
crates/arcweft-debug-model/src/embedding.rs,7391,238,206,production,true,false,false,true
crates/arcweft-debug-model/src/event.rs,1661,56,51,production,true,false,false,false
crates/arcweft-debug-model/src/graph.rs,1122,32,28,production,true,false,false,false
crates/arcweft-debug-model/src/history.rs,686,19,17,production,true,false,false,false
crates/arcweft-debug-model/src/lib.rs,262,15,13,production,true,false,false,false
crates/arcweft-debug-model/src/rag.rs,1983,69,57,production,true,false,false,false
crates/arcweft-debug-model/src/repl.rs,662,19,17,production,true,false,false,false
crates/arcweft-debug-model/src/script.rs,1894,60,52,production,true,false,false,false
crates/arcweft-debug-model/src/session.rs,1370,47,41,production,true,false,false,false
crates/arcweft-debug-model/src/sink.rs,690,26,17,production,true,false,false,false
crates/arcweft-debug-model/src/source.rs,472,14,12,production,true,false,false,false
crates/arcweft-debug-model/src/test_result.rs,601,18,16,production,true,false,false,false
crates/arcweft-debug-sqlite/Cargo.toml,441,18,16,text,false,false,false,false
crates/arcweft-debug-sqlite/src/encoding.rs,1012,36,28,production,true,false,false,true
crates/arcweft-debug-sqlite/src/lib.rs,109,4,2,production,true,false,false,false
crates/arcweft-debug-sqlite/src/store/artifacts.rs,21359,530,521,production,true,false,false,false
crates/arcweft-debug-sqlite/src/store/chunks.rs,10052,234,224,production,true,false,false,false
crates/arcweft-debug-sqlite/src/store/convert.rs,10558,309,291,production,true,false,false,false
crates/arcweft-debug-sqlite/src/store/embeddings.rs,4168,90,85,production,true,false,false,false
crates/arcweft-debug-sqlite/src/store/graph.rs,12877,321,311,production,true,false,false,false
crates/arcweft-debug-sqlite/src/store/helpers.rs,2612,74,67,production,true,false,false,false
crates/arcweft-debug-sqlite/src/store/internal.rs,6331,172,160,production,true,false,false,false
crates/arcweft-debug-sqlite/src/store/maintenance.rs,7873,205,191,production,true,false,false,false
crates/arcweft-debug-sqlite/src/store/programs.rs,3026,77,73,production,true,false,false,false
crates/arcweft-debug-sqlite/src/store/rag.rs,7101,217,204,production,true,false,false,false
crates/arcweft-debug-sqlite/src/store/raw.rs,2666,84,79,production,true,false,false,false
crates/arcweft-debug-sqlite/src/store/schema.rs,86,1,1,production,true,false,false,false
crates/arcweft-debug-sqlite/src/store/search.rs,7697,257,244,production,true,false,false,false
crates/arcweft-debug-sqlite/src/store/sessions.rs,11912,311,298,production,true,false,false,false
crates/arcweft-debug-sqlite/src/store/sink.rs,1261,33,30,production,true,false,false,false
crates/arcweft-debug-sqlite/src/store/tests.rs,47813,1314,1244,test,true,true,false,false
crates/arcweft-debug-sqlite/src/store/timeline.rs,11415,282,275,production,true,false,false,false
crates/arcweft-debug-sqlite/src/store.rs,5377,184,156,production,true,false,false,false
crates/arcweft-desktop-contract/Cargo.toml,310,17,14,text,false,false,false,false
crates/arcweft-desktop-contract/src/error.rs,2114,57,53,production,true,false,false,false
crates/arcweft-desktop-contract/src/files.rs,14245,497,434,production,true,false,false,true
crates/arcweft-desktop-contract/src/geometry.rs,6944,214,179,production,true,false,false,true
crates/arcweft-desktop-contract/src/lib.rs,1371,37,30,production,true,false,false,false
crates/arcweft-desktop-contract/src/platform.rs,4060,136,119,production,true,false,false,false
crates/arcweft-desktop-contract/src/pointer.rs,1977,83,76,production,true,false,false,false
crates/arcweft-desktop-contract/src/request.rs,3903,100,93,production,true,false,false,true
crates/arcweft-desktop-contract/src/window.rs,4645,176,155,production,true,false,false,true
crates/arcweft-desktop-host/Cargo.toml,276,13,11,text,false,false,false,false
crates/arcweft-desktop-host/src/backend.rs,1257,40,27,production,true,false,false,false
crates/arcweft-desktop-host/src/dispatcher.rs,6816,218,181,production,true,false,false,false
crates/arcweft-desktop-host/src/lib.rs,478,12,6,production,true,false,false,false
crates/arcweft-desktop-host/src/memory.rs,27325,768,726,production,true,false,false,true
crates/arcweft-desktop-host/tests/dispatch.rs,1400,39,37,test,true,true,false,false
crates/arcweft-desktop-native/Cargo.toml,1814,57,51,text,false,false,false,false
crates/arcweft-desktop-native/build.rs,1684,54,47,production,true,false,false,false
crates/arcweft-desktop-native/examples/ime_text_input_contract.rs,3031,81,78,production,true,false,false,false
crates/arcweft-desktop-native/src/backend.rs,12440,341,307,production,true,false,false,true
crates/arcweft-desktop-native/src/capabilities.rs,12889,334,317,production,true,false,false,false
crates/arcweft-desktop-native/src/config.rs,1282,48,40,production,true,false,false,false
crates/arcweft-desktop-native/src/driver.rs,1192,33,20,production,true,false,false,false
crates/arcweft-desktop-native/src/external.rs,5061,144,136,production,true,false,false,false
crates/arcweft-desktop-native/src/files.rs,12765,322,307,production,true,false,false,false
crates/arcweft-desktop-native/src/grant_store.rs,25425,727,673,production,true,false,false,true
crates/arcweft-desktop-native/src/lib.rs,767,23,16,production,true,false,false,false
crates/arcweft-desktop-native/src/persistent_grants/record.rs,3072,87,80,production,true,false,false,false
crates/arcweft-desktop-native/src/persistent_grants.rs,7819,276,244,production,true,false,false,false
crates/arcweft-desktop-native/src/platform.rs,1509,45,35,production,true,false,false,false
crates/arcweft-desktop-native/src/pointer.rs,3101,82,77,production,true,false,false,false
crates/arcweft-desktop-native/src/text_input/macos_appkit_bridge.rs,8663,306,268,production,true,false,false,false
crates/arcweft-desktop-native/src/text_input/macos_text_input.rs,22032,656,591,production,true,false,false,false
crates/arcweft-desktop-native/src/text_input/windows_tsf/activation.rs,3104,107,92,production,true,false,false,false
crates/arcweft-desktop-native/src/text_input/windows_tsf/bindings.rs,948,24,17,production,true,false,false,false
crates/arcweft-desktop-native/src/text_input/windows_tsf/capabilities.rs,10528,331,294,production,true,false,false,false
crates/arcweft-desktop-native/src/text_input/windows_tsf/display_attributes.rs,2122,69,61,production,true,false,false,false
crates/arcweft-desktop-native/src/text_input/windows_tsf/edit_session.rs,3500,139,120,production,true,false,false,false
crates/arcweft-desktop-native/src/text_input/windows_tsf/geometry.rs,3781,137,121,production,true,false,false,false
crates/arcweft-desktop-native/src/text_input/windows_tsf/range.rs,3446,131,114,production,true,false,false,false
crates/arcweft-desktop-native/src/text_input/windows_tsf/real_ime.rs,6917,201,166,production,true,false,false,false
crates/arcweft-desktop-native/src/text_input/windows_tsf/unsafe_com.rs,31152,964,849,production,true,false,false,false
crates/arcweft-desktop-native/src/text_input/windows_tsf.rs,1262,32,25,production,true,false,false,false
crates/arcweft-desktop-native/src/text_input.rs,461,13,5,production,true,false,false,false
crates/arcweft-desktop-native/tests/macos_appkit_source_gate.rs,1701,43,37,test,true,true,false,false
crates/arcweft-desktop-native/tests/macos_text_input_gate.rs,591,16,15,test,true,true,false,false
crates/arcweft-desktop-native/tests/windows_tsf_real_ime_lifecycle.rs,2883,82,75,test,true,true,false,false
crates/arcweft-desktop-native/tests/windows_tsf_real_ime_source_gate.rs,2240,55,53,test,true,true,false,false
crates/arcweft-desktop-native/tests/windows_tsf_text_input.rs,6956,196,179,test,true,true,false,false
crates/arcweft-dialogue/Cargo.toml,388,19,16,text,false,false,false,false
crates/arcweft-dialogue/src/lib.rs,20751,832,716,production,true,false,false,false
crates/arcweft-dialogue/src/tests/builder.rs,3135,89,83,test,true,true,false,false
crates/arcweft-dialogue/src/tests/mod.rs,26,2,2,test,true,true,false,false
crates/arcweft-dialogue/src/tests/model.rs,2895,88,81,test,true,true,false,false
crates/arcweft-glyphon/Cargo.toml,436,20,16,text,false,false,false,false
crates/arcweft-glyphon/src/lib.rs,44759,1242,1105,production,true,false,false,true
crates/arcweft-host-adapter/Cargo.toml,345,15,13,text,false,false,false,false
crates/arcweft-host-adapter/src/lib.rs,21781,630,508,production,true,false,false,true
crates/arcweft-http-codec/Cargo.toml,321,14,12,text,false,false,false,false
crates/arcweft-http-codec/src/lib.rs,9407,312,287,production,true,false,false,false
crates/arcweft-http-codec/tests/negotiation.rs,5525,212,183,test,true,true,false,false
crates/arcweft-id/Cargo.toml,252,16,13,text,false,false,false,false
crates/arcweft-id/src/lib.rs,4228,170,137,production,true,false,false,true
crates/arcweft-image/Cargo.toml,378,21,17,text,false,false,false,false
crates/arcweft-image/src/lib.rs,15737,508,443,production,true,false,false,true
crates/arcweft-interaction-model/Cargo.toml,327,18,15,text,false,false,false,false
crates/arcweft-interaction-model/MIGRATION.md,952,34,22,text,false,false,false,false
crates/arcweft-interaction-model/src/action.rs,2271,98,80,production,true,false,false,false
crates/arcweft-interaction-model/src/audio.rs,27630,911,808,production,true,false,false,false
crates/arcweft-interaction-model/src/id.rs,2108,82,61,production,true,false,false,true
crates/arcweft-interaction-model/src/input.rs,4152,174,139,production,true,false,false,false
crates/arcweft-interaction-model/src/lib.rs,389,11,5,production,true,false,false,false
crates/arcweft-interaction-model/src/payload.rs,956,35,32,production,true,false,false,false
crates/arcweft-interaction-model/tests/model.rs,1985,59,52,test,true,true,false,false
crates/arcweft-lang-hir/Cargo.toml,364,18,15,text,false,false,false,false
crates/arcweft-lang-hir/src/cache_facts.rs,2234,59,55,production,true,false,false,false
crates/arcweft-lang-hir/src/id_context.rs,25770,803,714,production,true,false,false,true
crates/arcweft-lang-hir/src/lib.rs,737,22,13,production,true,false,false,false
crates/arcweft-lang-hir/src/lower.rs,9632,296,275,production,true,false,false,true
crates/arcweft-lang-hir/src/lower_choice.rs,1567,48,47,production,true,false,false,false
crates/arcweft-lang-hir/src/lower_context.rs,529,19,16,production,true,false,false,false
crates/arcweft-lang-hir/src/lower_dialogue.rs,3406,83,81,production,true,false,false,false
crates/arcweft-lang-hir/src/lower_flow.rs,11610,335,318,production,true,false,false,false
crates/arcweft-lang-hir/src/lower_ids.rs,12286,350,322,generated,true,false,true,false
crates/arcweft-lang-hir/src/model.rs,22265,935,749,production,true,false,false,false
crates/arcweft-lang-hir/src/project.rs,4926,145,111,production,true,false,false,true
crates/arcweft-lang-jit-cranelift/Cargo.toml,347,16,14,text,false,false,false,false
crates/arcweft-lang-jit-cranelift/src/batch.rs,56269,1563,1417,production,true,false,false,false
crates/arcweft-lang-jit-cranelift/src/compiled.rs,26452,748,639,production,true,false,false,false
crates/arcweft-lang-jit-cranelift/src/lib.rs,76494,2153,1805,production,true,false,false,false
crates/arcweft-lang-jit-cranelift/src/lower.rs,58194,1438,1369,production,true,false,false,false
crates/arcweft-lang-jit-cranelift/src/native_call.rs,45071,1151,909,production,true,false,false,false
crates/arcweft-lang-jit-cranelift/src/tests.rs,67974,1868,1713,test,true,true,false,false
crates/arcweft-lang-sema/Cargo.toml,511,21,18,text,false,false,false,false
crates/arcweft-lang-sema/src/borrow.rs,1934,65,55,production,true,false,false,false
crates/arcweft-lang-sema/src/check.rs,942,20,15,production,true,false,false,false
crates/arcweft-lang-sema/src/checker/borrow_state.rs,8099,220,201,production,true,false,false,false
crates/arcweft-lang-sema/src/checker/choice.rs,7384,184,176,production,true,false,false,false
crates/arcweft-lang-sema/src/checker/effects.rs,4221,121,109,production,true,false,false,false
crates/arcweft-lang-sema/src/checker/expr/agent.rs,49371,1296,1248,production,true,false,false,false
crates/arcweft-lang-sema/src/checker/expr/builtin.rs,5977,192,173,production,true,false,false,false
crates/arcweft-lang-sema/src/checker/expr/callable.rs,15156,404,391,production,true,false,false,false
crates/arcweft-lang-sema/src/checker/expr/closure.rs,11369,287,280,production,true,false,false,false
crates/arcweft-lang-sema/src/checker/expr/enum_variant.rs,7126,195,185,production,true,false,false,false
crates/arcweft-lang-sema/src/checker/expr/method_fallback.rs,15762,450,429,production,true,false,false,false
crates/arcweft-lang-sema/src/checker/expr/partial.rs,17068,470,445,production,true,false,false,false
crates/arcweft-lang-sema/src/checker/expr/path.rs,8858,215,204,production,true,false,false,false
crates/arcweft-lang-sema/src/checker/expr/pipe.rs,11614,330,318,production,true,false,false,false
crates/arcweft-lang-sema/src/checker/expr/range.rs,2440,68,64,production,true,false,false,false
crates/arcweft-lang-sema/src/checker/expr/signature_call.rs,21191,583,556,production,true,false,false,false
crates/arcweft-lang-sema/src/checker/expr/support.rs,14855,479,437,production,true,false,false,false
crates/arcweft-lang-sema/src/checker/expr.rs,89016,2313,2236,production,true,false,false,false
crates/arcweft-lang-sema/src/checker/flow.rs,8245,209,198,production,true,false,false,false
crates/arcweft-lang-sema/src/checker/helpers.rs,40235,1137,1072,production,true,false,false,false
crates/arcweft-lang-sema/src/checker/iterator.rs,4753,123,115,production,true,false,false,false
crates/arcweft-lang-sema/src/checker/lifetime_access.rs,4049,109,101,production,true,false,false,false
crates/arcweft-lang-sema/src/checker/line_plan.rs,19260,532,503,production,true,false,false,false
crates/arcweft-lang-sema/src/checker/module.rs,71899,1910,1806,production,true,false,false,false
crates/arcweft-lang-sema/src/checker/presentation.rs,23248,572,548,production,true,false,false,false
crates/arcweft-lang-sema/src/checker/source.rs,4751,124,119,production,true,false,false,false
crates/arcweft-lang-sema/src/checker/source_ranges.rs,17666,549,529,production,true,false,false,false
crates/arcweft-lang-sema/src/checker/stmt.rs,29276,765,729,production,true,false,false,false
crates/arcweft-lang-sema/src/checker/suspension.rs,11155,268,250,production,true,false,false,false
crates/arcweft-lang-sema/src/checker.rs,81546,2352,2161,production,true,false,false,false
crates/arcweft-lang-sema/src/diagnostics.rs,40181,1142,1016,production,true,false,false,false
crates/arcweft-lang-sema/src/effect_analysis.rs,18478,555,502,production,true,false,false,false
crates/arcweft-lang-sema/src/effect_catalog.rs,4939,165,144,production,true,false,false,true
crates/arcweft-lang-sema/src/effect_collector.rs,4342,136,112,production,true,false,false,false
crates/arcweft-lang-sema/src/effect_contract.rs,5654,154,137,production,true,false,false,false
crates/arcweft-lang-sema/src/effect_diagnostics.rs,3678,160,137,production,true,false,false,false
crates/arcweft-lang-sema/src/effect_model.rs,8282,358,286,production,true,false,false,false
crates/arcweft-lang-sema/src/effect_row.rs,14141,478,406,production,true,false,false,true
crates/arcweft-lang-sema/src/effects.rs,10663,356,304,production,true,false,false,true
crates/arcweft-lang-sema/src/env.rs,39952,1211,995,production,true,false,false,true
crates/arcweft-lang-sema/src/fact_layer.rs,11074,345,303,production,true,false,false,false
crates/arcweft-lang-sema/src/lib.rs,674,30,23,production,true,false,false,false
crates/arcweft-lang-sema/src/lifetime.rs,3587,97,90,production,true,false,false,false
crates/arcweft-lang-sema/src/project_index/agent_prelude.rs,17248,494,482,production,true,false,false,false
crates/arcweft-lang-sema/src/project_index/entities.rs,33569,945,907,production,true,false,false,false
crates/arcweft-lang-sema/src/project_index/flow_control.rs,16502,481,462,production,true,false,false,false
crates/arcweft-lang-sema/src/project_index/relations.rs,42205,1164,1125,production,true,false,false,false
crates/arcweft-lang-sema/src/project_index/tests.rs,13179,429,393,generated,true,true,true,false
crates/arcweft-lang-sema/src/project_index.rs,30158,1077,897,production,true,false,false,false
crates/arcweft-lang-sema/src/resolve.rs,10208,301,273,production,true,false,false,false
crates/arcweft-lang-sema/src/semantic/facts.rs,5313,179,153,production,true,false,false,false
crates/arcweft-lang-sema/src/semantic/traversal.rs,29728,811,785,production,true,false,false,false
crates/arcweft-lang-sema/src/semantic.rs,76525,2035,1904,production,true,false,false,false
crates/arcweft-lang-sema/src/symbols.rs,36042,1064,1019,production,true,false,false,false
crates/arcweft-lang-sema/src/tests/arcw_contract_fixtures.rs,1884,53,47,test,true,true,false,false
crates/arcweft-lang-sema/src/tests/await_.rs,19696,661,617,test,true,true,false,false
crates/arcweft-lang-sema/src/tests/choice.rs,19137,644,594,test,true,true,false,false
crates/arcweft-lang-sema/src/tests/compile_gap_regressions.rs,2251,85,79,test,true,true,false,false
crates/arcweft-lang-sema/src/tests/contracts.rs,4839,167,159,test,true,true,false,false
crates/arcweft-lang-sema/src/tests/control_flow.rs,41915,1438,1329,test,true,true,false,false
crates/arcweft-lang-sema/src/tests/declarations.rs,42081,1389,1265,test,true,true,false,false
crates/arcweft-lang-sema/src/tests/diagnostics.rs,430,15,13,test,true,true,false,false
crates/arcweft-lang-sema/src/tests/dialogue.rs,21064,660,602,test,true,true,false,false
crates/arcweft-lang-sema/src/tests/expressions.rs,8075,228,201,test,true,true,false,false
crates/arcweft-lang-sema/src/tests/function_stack.rs,153012,4617,4325,test,true,true,false,false
crates/arcweft-lang-sema/src/tests/line_plan.rs,29213,997,943,test,true,true,false,false
crates/arcweft-lang-sema/src/tests/lower_hir.rs,2104,69,65,test,true,true,false,false
crates/arcweft-lang-sema/src/tests/mod.rs,345,21,20,test,true,true,false,false
crates/arcweft-lang-sema/src/tests/parser_basics.rs,11672,463,420,test,true,true,false,false
crates/arcweft-lang-sema/src/tests/patterns.rs,3677,142,135,test,true,true,false,false
crates/arcweft-lang-sema/src/tests/resolve_symbols.rs,3752,139,123,test,true,true,false,false
crates/arcweft-lang-sema/src/tests/script_tests.rs,2340,99,88,test,true,true,false,false
crates/arcweft-lang-sema/src/tests/semantic.rs,16350,556,505,test,true,true,false,false
crates/arcweft-lang-sema/src/tests/support.rs,4092,115,108,test,true,true,false,false
crates/arcweft-lang-sema/src/tests/typecheck.rs,120714,3982,3769,test,true,true,false,false
crates/arcweft-lang-sema/src/traits/format.rs,463,17,14,production,true,false,false,false
crates/arcweft-lang-sema/src/traits/standard_iter.rs,8050,286,267,production,true,false,false,false
crates/arcweft-lang-sema/src/traits.rs,63951,1923,1746,production,true,false,false,false
crates/arcweft-lang-sema/src/types.rs,18076,598,546,production,true,false,false,false
crates/arcweft-lang-sema/tests/character_manifest_types.rs,3734,98,95,test,true,true,false,false
crates/arcweft-lang-sema/tests/iterator_method_body_source.rs,1739,54,50,test,true,true,false,false
crates/arcweft-lang-sema/tests/traits.rs,1879,54,49,test,true,true,false,false
crates/arcweft-lang-syntax/Cargo.toml,356,19,16,text,false,false,false,false
crates/arcweft-lang-syntax/src/ast/choice.rs,7914,353,295,production,true,false,false,false
crates/arcweft-lang-syntax/src/ast/common.rs,4514,176,129,production,true,false,false,false
crates/arcweft-lang-syntax/src/ast/dialogue.rs,12221,536,442,production,true,false,false,false
crates/arcweft-lang-syntax/src/ast/flow.rs,25892,1118,910,production,true,false,false,false
crates/arcweft-lang-syntax/src/ast/ids.rs,7353,289,238,production,true,false,false,false
crates/arcweft-lang-syntax/src/ast/items.rs,49095,2079,1705,production,true,false,false,false
crates/arcweft-lang-syntax/src/ast/line_plan.rs,5144,189,156,production,true,false,false,false
crates/arcweft-lang-syntax/src/ast/module_path.rs,10578,331,273,production,true,false,false,true
crates/arcweft-lang-syntax/src/ast/pattern.rs,1977,85,70,production,true,false,false,false
crates/arcweft-lang-syntax/src/ast/proof.rs,3568,181,150,production,true,false,false,false
crates/arcweft-lang-syntax/src/ast/source.rs,4609,189,153,production,true,false,false,false
crates/arcweft-lang-syntax/src/ast/style.rs,5211,214,176,production,true,false,false,true
crates/arcweft-lang-syntax/src/ast/view.rs,40903,1549,1380,production,true,false,false,false
crates/arcweft-lang-syntax/src/ast.rs,209,13,13,production,true,false,false,false
crates/arcweft-lang-syntax/src/cache_facts.rs,1473,49,43,production,true,false,false,false
crates/arcweft-lang-syntax/src/cst/classify.rs,17095,510,457,production,true,false,false,false
crates/arcweft-lang-syntax/src/cst/entity_ref.rs,5294,157,136,production,true,false,false,false
crates/arcweft-lang-syntax/src/cst/lexer.rs,6056,241,207,production,true,false,false,false
crates/arcweft-lang-syntax/src/cst/line.rs,26932,821,739,production,true,false,false,false
crates/arcweft-lang-syntax/src/cst/punctuation.rs,20639,659,569,production,true,false,false,false
crates/arcweft-lang-syntax/src/cst/text.rs,4315,115,86,production,true,false,false,false
crates/arcweft-lang-syntax/src/cst.rs,11936,422,318,production,true,false,false,false
crates/arcweft-lang-syntax/src/expr/char_literal.rs,1785,49,46,production,true,false,false,false
crates/arcweft-lang-syntax/src/expr/closure_parse.rs,10393,266,250,production,true,false,false,false
crates/arcweft-lang-syntax/src/expr/closure_source.rs,2013,60,57,production,true,false,false,false
crates/arcweft-lang-syntax/src/expr/control_parse.rs,5786,160,153,production,true,false,false,false
crates/arcweft-lang-syntax/src/expr/source_ranges/thread_body.rs,10765,300,292,production,true,false,false,false
crates/arcweft-lang-syntax/src/expr/source_ranges.rs,47686,1391,1306,production,true,false,false,true
crates/arcweft-lang-syntax/src/expr.rs,71680,2355,2115,production,true,false,false,true
crates/arcweft-lang-syntax/src/lib.rs,427,19,12,production,true,false,false,false
crates/arcweft-lang-syntax/src/lint.rs,26476,897,803,production,true,false,false,true
crates/arcweft-lang-syntax/src/parser/await_.rs,19094,549,502,production,true,false,false,false
crates/arcweft-lang-syntax/src/parser/choice.rs,18530,490,464,production,true,false,false,false
crates/arcweft-lang-syntax/src/parser/control_flow.rs,44695,1172,1114,production,true,false,false,false
crates/arcweft-lang-syntax/src/parser/dialogue.rs,28968,736,705,production,true,false,false,false
crates/arcweft-lang-syntax/src/parser/flow.rs,31631,777,734,production,true,false,false,false
crates/arcweft-lang-syntax/src/parser/fragment.rs,11112,373,327,production,true,false,false,true
crates/arcweft-lang-syntax/src/parser/headers.rs,32401,970,917,production,true,false,false,false
crates/arcweft-lang-syntax/src/parser/helpers.rs,31570,941,857,production,true,false,false,true
crates/arcweft-lang-syntax/src/parser/hooks.rs,6162,149,144,production,true,false,false,false
crates/arcweft-lang-syntax/src/parser/items.rs,49009,1393,1332,production,true,false,false,false
crates/arcweft-lang-syntax/src/parser/line_plan.rs,21979,652,619,production,true,false,false,false
crates/arcweft-lang-syntax/src/parser/proof.rs,8783,255,244,production,true,false,false,false
crates/arcweft-lang-syntax/src/parser/recovery.rs,5139,185,149,production,true,false,false,false
crates/arcweft-lang-syntax/src/parser/source.rs,11838,308,288,production,true,false,false,false
crates/arcweft-lang-syntax/src/parser/statements.rs,31256,906,854,production,true,false,false,false
crates/arcweft-lang-syntax/src/parser/top_level.rs,36400,953,909,production,true,false,false,false
crates/arcweft-lang-syntax/src/parser/view.rs,45245,1339,1272,production,true,false,false,false
crates/arcweft-lang-syntax/src/parser.rs,19514,552,494,production,true,false,false,false
crates/arcweft-lang-syntax/src/pattern.rs,7597,241,225,production,true,false,false,false
crates/arcweft-lang-syntax/src/source.rs,4869,167,113,production,true,false,false,false
crates/arcweft-lang-syntax/src/tests/cst.rs,21285,652,589,test,true,true,false,false
crates/arcweft-lang-syntax/src/tests/mod.rs,10,1,1,test,true,true,false,false
crates/arcweft-lang-syntax/src/text.rs,19459,564,504,production,true,false,false,false
crates/arcweft-lang-syntax/src/types.rs,31193,975,859,production,true,false,false,false
crates/arcweft-lang-syntax/tests/assignment_statements.rs,2287,82,78,test,true,true,false,false
crates/arcweft-lang-syntax/tests/focus_navigation_view.rs,562,18,16,test,true,true,false,false
crates/arcweft-lang-syntax/tests/parser_callbacks_and_closures.rs,9713,325,302,test,true,true,false,false
crates/arcweft-lang-syntax/tests/parser_declarations_recovery_comments.rs,8232,322,293,test,true,true,false,false
crates/arcweft-lang-syntax/tests/parser_dialogue_syntax_and_defaults.rs,11011,385,364,test,true,true,false,false
crates/arcweft-lang-syntax/tests/parser_expressions_literals_select.rs,7880,238,216,test,true,true,false,false
crates/arcweft-lang-syntax/tests/parser_flow_statements_and_body.rs,4034,170,159,test,true,true,false,false
crates/arcweft-lang-syntax/tests/parser_function_signatures_and_types.rs,7309,211,191,test,true,true,false,false
crates/arcweft-lang-syntax/tests/style_view.rs,16587,633,578,test,true,true,false,false
crates/arcweft-lang-syntax/tests/traits.rs,3145,118,112,test,true,true,false,false
crates/arcweft-lang-syntax/tests/view_interaction_samples.rs,1534,50,48,test,true,true,false,false
crates/arcweft-launch/Cargo.toml,303,15,13,text,false,false,false,false
crates/arcweft-launch/src/lib.rs,29719,990,794,production,true,false,false,true
crates/arcweft-launch/tests/character_manifests.rs,721,27,24,test,true,true,false,false
crates/arcweft-layout/Cargo.toml,330,18,15,text,false,false,false,false
crates/arcweft-layout/src/lib.rs,29127,945,817,production,true,false,false,false
crates/arcweft-layout/src/stage_placement.rs,26868,868,765,production,true,false,false,true
crates/arcweft-layout/tests/presentation_contract.rs,8196,241,225,test,true,true,false,false
crates/arcweft-layout/tests/stage_placement.rs,3139,102,93,test,true,true,false,false
crates/arcweft-lsp/Cargo.toml,1505,47,42,text,false,false,false,false
crates/arcweft-lsp/src/commands.rs,1585,49,42,production,true,false,false,false
crates/arcweft-lsp/src/config.rs,1810,59,44,production,true,false,false,false
crates/arcweft-lsp/src/custom.rs,1254,36,33,production,true,false,false,false
crates/arcweft-lsp/src/diagnostics.rs,25747,718,654,production,true,false,false,true
crates/arcweft-lsp/src/documents.rs,4449,144,115,production,true,false,false,true
crates/arcweft-lsp/src/features/actions.rs,53361,1644,1527,production,true,false,false,true
crates/arcweft-lsp/src/features/cascade.rs,32160,887,834,production,true,false,false,false
crates/arcweft-lsp/src/features/character_metadata.rs,4038,126,118,production,true,false,false,false
crates/arcweft-lsp/src/features/completion.rs,6919,190,180,production,true,false,false,false
crates/arcweft-lsp/src/features/definition.rs,2320,63,58,production,true,false,false,false
crates/arcweft-lsp/src/features/hover.rs,29303,862,803,production,true,false,false,true
crates/arcweft-lsp/src/features/inlay.rs,13641,402,380,production,true,false,false,false
crates/arcweft-lsp/src/features/references.rs,2355,68,64,production,true,false,false,false
crates/arcweft-lsp/src/features/rename.rs,162,4,0,production,true,false,false,false
crates/arcweft-lsp/src/features/semantic_tokens.rs,157,4,0,production,true,false,false,false
crates/arcweft-lsp/src/features/signature.rs,521,15,13,production,true,false,false,false
crates/arcweft-lsp/src/features.rs,278,13,11,production,true,false,false,false
crates/arcweft-lsp/src/lib.rs,530,20,14,production,true,false,false,false
crates/arcweft-lsp/src/main.rs,252,9,8,production,true,false,false,false
crates/arcweft-lsp/src/positions.rs,5719,176,143,production,true,false,false,true
crates/arcweft-lsp/src/profiles.rs,35740,1048,911,production,true,false,false,true
crates/arcweft-lsp/src/repl_command.rs,9340,275,221,production,true,false,false,true
crates/arcweft-lsp/src/server.rs,3157,89,76,production,true,false,false,false
crates/arcweft-lsp/src/session/tests.rs,76249,2231,2042,test,true,true,false,false
crates/arcweft-lsp/src/session.rs,20716,497,462,production,true,false,false,false
crates/arcweft-lsp/tests/character_completions.rs,4290,137,123,test,true,true,false,false
crates/arcweft-lsp/tests/character_manifest_profile.rs,2658,99,91,test,true,true,false,false
crates/arcweft-lsp/tests/fixtures/zundamon.awchar/character.awchar.json,3411,167,167,test,false,true,false,false
crates/arcweft-memory/Cargo.toml,213,13,11,text,false,false,false,false
crates/arcweft-memory/src/lib.rs,4980,200,135,production,true,false,false,true
crates/arcweft-need/Cargo.toml,254,16,13,text,false,false,false,false
crates/arcweft-need/src/lib.rs,2647,102,86,production,true,false,false,true
crates/arcweft-player-native/Cargo.toml,2465,71,60,text,false,false,false,false
crates/arcweft-player-native/examples/macos_nstextinputclient_real_ime.rs,20093,502,484,production,true,false,false,false
crates/arcweft-player-native/src/bin/windows_tsf_ime_sample.rs,14332,414,383,production,true,false,false,false
crates/arcweft-player-native/src/clipboard.rs,3711,104,92,production,true,false,false,false
crates/arcweft-player-native/src/lib.rs,13664,366,339,production,true,false,false,true
crates/arcweft-player-native/src/main.rs,12531,371,333,production,true,false,false,true
crates/arcweft-player-native/src/native_audio.rs,8821,219,211,production,true,false,false,false
crates/arcweft-player-native/src/patch_endpoint.rs,31975,841,752,production,true,false,false,true
crates/arcweft-player-native/src/scene_windowed.rs,67745,1835,1723,production,true,false,false,true
crates/arcweft-player-native/src/text_input_bridge/backend.rs,1954,51,37,production,true,false,false,false
crates/arcweft-player-native/src/text_input_bridge/trace.rs,15988,493,455,production,true,false,false,false
crates/arcweft-player-native/src/text_input_bridge.rs,10881,325,278,production,true,false,false,true
crates/arcweft-player-native/src/window_driver.rs,29489,833,747,production,true,false,false,true
crates/arcweft-player-native/src/windowed_ingress.rs,37127,1078,942,production,true,false,false,true
crates/arcweft-player-native/src/windowed_patch.rs,10907,362,294,production,true,false,false,true
crates/arcweft-player-native/src/windowed_runtime.rs,38554,990,872,production,true,false,false,true
crates/arcweft-player-native/tests/awbc_product_input.rs,227,9,8,test,true,true,false,false
crates/arcweft-player-native/tests/fixtures/windowed_live_patch/README.md,644,15,11,test,false,true,false,false
crates/arcweft-player-native/tests/fixtures/windowed_live_patch/generated/reports/code-generational-task.expected.json,4434,154,154,test,false,true,false,false
crates/arcweft-player-native/tests/fixtures/windowed_live_patch/generated/reports/code-generational.expected.json,4287,167,167,test,false,true,false,false
crates/arcweft-player-native/tests/fixtures/windowed_live_patch/generated/reports/content-only.expected.json,4426,167,167,test,false,true,false,false
crates/arcweft-player-native/tests/fixtures/windowed_live_patch/generated/reports/fixture-manifest.json,5219,104,104,test,false,true,false,false
crates/arcweft-player-native/tests/fixtures/windowed_live_patch/generated/reports/malformed.expected.json,3026,110,110,test,false,true,false,false
crates/arcweft-player-native/tests/fixtures/windowed_live_patch/generated/reports/restart-required.expected.json,4367,149,149,test,false,true,false,false
crates/arcweft-player-native/tests/fixtures/windowed_live_patch/generated/reports/wrong-base.expected.json,3269,110,110,test,false,true,false,false
crates/arcweft-player-native/tests/fixtures/windowed_live_patch/src/await_base.arcw,257,6,4,test,false,true,false,false
crates/arcweft-player-native/tests/fixtures/windowed_live_patch/src/await_code_generational_target.arcw,241,6,3,test,false,true,false,false
crates/arcweft-player-native/tests/fixtures/windowed_live_patch/src/base.arcw,696,19,11,test,false,true,false,false
crates/arcweft-player-native/tests/fixtures/windowed_live_patch/src/code_generational_target.arcw,498,14,8,test,false,true,false,false
crates/arcweft-player-native/tests/fixtures/windowed_live_patch/src/content_target.arcw,546,16,11,test,false,true,false,false
crates/arcweft-player-native/tests/fixtures/windowed_live_patch/src/restart_required_target.arcw,483,14,9,test,false,true,false,false
crates/arcweft-player-native/tests/fixtures/windowed_live_patch/src/wrong_base.arcw,600,17,11,test,false,true,false,false
crates/arcweft-player-native/tests/native_text_input_bridge.rs,1915,47,41,test,true,true,false,false
crates/arcweft-player-native/tests/native_text_input_bridge_source_gate.rs,2198,71,64,test,true,true,false,false
crates/arcweft-player-native/tests/native_text_input_seq06_4j1_source_gate.rs,1320,44,40,test,true,true,false,false
crates/arcweft-player-native/tests/support/mod.rs,38,1,1,test,true,true,false,false
crates/arcweft-player-native/tests/support/windowed_live_patch_fixtures.rs,50514,1397,1307,test,true,true,false,false
crates/arcweft-player-native/tests/windowed_ingress_runtime.rs,8356,228,215,test,true,true,false,false
crates/arcweft-player-native/tests/windowed_live_patch_smoke.rs,8917,235,215,generated,true,true,true,false
crates/arcweft-player-scene/Cargo.toml,909,31,27,text,false,false,false,false
crates/arcweft-player-scene/src/action_buttons.rs,4611,128,118,production,true,false,false,false
crates/arcweft-player-scene/src/characters.rs,6123,180,149,production,true,false,false,false
crates/arcweft-player-scene/src/control_style.rs,6725,167,153,production,true,false,false,false
crates/arcweft-player-scene/src/controller.rs,4780,159,141,production,true,false,false,false
crates/arcweft-player-scene/src/fonts.rs,10650,317,280,production,true,false,false,true
crates/arcweft-player-scene/src/frame/focus_navigation.rs,4783,125,115,production,true,false,false,false
crates/arcweft-player-scene/src/frame/surfaces.rs,9102,258,240,production,true,false,false,false
crates/arcweft-player-scene/src/frame.rs,16067,452,407,production,true,false,false,false
crates/arcweft-player-scene/src/images.rs,7792,212,199,production,true,false,false,false
crates/arcweft-player-scene/src/input.rs,84511,2344,2189,production,true,false,false,true
crates/arcweft-player-scene/src/lib.rs,241,11,9,production,true,false,false,false
crates/arcweft-player-scene/src/text_controls.rs,9377,236,213,production,true,false,false,false
crates/arcweft-player-scene/tests/action_button_submit.rs,12963,338,310,test,true,true,false,false
crates/arcweft-player-scene/tests/character_stage.rs,4052,117,110,test,true,true,false,false
crates/arcweft-player-scene/tests/controller_navigation.rs,2321,79,77,test,true,true,false,false
crates/arcweft-player-scene/tests/fixtures/zundamon.awchar/character.awchar.json,3411,167,167,test,false,true,false,false
crates/arcweft-player-scene/tests/responsive_stage_placement.rs,1760,56,44,test,true,true,false,false
crates/arcweft-player-scene/tests/runtime_control_style_lowering.rs,9842,270,247,test,true,true,false,false
crates/arcweft-player-scene/tests/runtime_text_controls.rs,20501,527,481,test,true,true,false,false
crates/arcweft-player-scene/tests/scroll_regions.rs,17447,480,452,test,true,true,false,false
crates/arcweft-player-scene/tests/text_control_writeback_source_gates.rs,1996,43,36,test,true,true,false,false
crates/arcweft-player-web/Cargo.toml,1715,57,52,text,false,false,false,false
crates/arcweft-player-web/src/app.rs,32094,841,797,production,true,false,false,false
crates/arcweft-player-web/src/clipboard.rs,5782,173,155,production,true,false,false,false
crates/arcweft-player-web/src/clock.rs,3060,95,85,production,true,false,false,true
crates/arcweft-player-web/src/edit_context.rs,20405,589,530,production,true,false,false,true
crates/arcweft-player-web/src/host.rs,10205,277,251,production,true,false,false,true
crates/arcweft-player-web/src/inset_shadow_exact_capture.rs,21987,633,594,production,true,false,false,false
crates/arcweft-player-web/src/lib.rs,730,25,17,production,true,false,false,false
crates/arcweft-player-web/src/parity.rs,10012,288,269,production,true,false,false,false
crates/arcweft-player-web/src/report.rs,17091,503,459,production,true,false,false,false
crates/arcweft-player-web/src/runtime_text_input.rs,38641,1136,1014,production,true,false,false,true
crates/arcweft-player-web/src/web_text_input.rs,17283,517,451,production,true,false,false,true
crates/arcweft-player-web/tests/focus_navigation_report.rs,259,6,6,test,true,true,false,false
crates/arcweft-player-web/tests/input.rs,16327,443,408,test,true,true,false,false
crates/arcweft-player-web/tests/interaction_visual_state.rs,2449,76,70,test,true,true,false,false
crates/arcweft-player-web/tests/parity.rs,28884,841,785,test,true,true,false,false
crates/arcweft-player-web/tests/report.rs,340,9,8,test,true,true,false,false
crates/arcweft-player-web/tests/web_edit_context_source_gate.rs,2693,87,80,test,true,true,false,false
crates/arcweft-player-web/tests/web_runtime_text_input_bridge_source_gate.rs,2943,94,87,test,true,true,false,false
crates/arcweft-player-web/tests/web_text_input_glue.rs,1311,32,28,test,true,true,false,false
crates/arcweft-presentation/Cargo.toml,302,14,12,text,false,false,false,false
crates/arcweft-presentation/src/appearance.rs,9522,306,263,production,true,false,false,true
crates/arcweft-presentation/src/character.rs,9285,314,264,production,true,false,false,true
crates/arcweft-presentation/src/clipboard.rs,14715,548,476,production,true,false,false,false
crates/arcweft-presentation/src/focus.rs,10463,420,353,production,true,false,false,true
crates/arcweft-presentation/src/gesture.rs,7011,270,235,production,true,false,false,false
crates/arcweft-presentation/src/hit.rs,5238,208,175,production,true,false,false,false
crates/arcweft-presentation/src/hover.rs,2234,81,66,production,true,false,false,false
crates/arcweft-presentation/src/image.rs,11569,482,399,production,true,false,false,false
crates/arcweft-presentation/src/input.rs,8280,345,268,production,true,false,false,false
crates/arcweft-presentation/src/interaction.rs,6697,232,190,production,true,false,false,false
crates/arcweft-presentation/src/layer.rs,8661,349,291,production,true,false,false,false
crates/arcweft-presentation/src/lib.rs,11949,477,386,production,true,false,false,false
crates/arcweft-presentation/src/replay.rs,18278,573,519,production,true,false,false,false
crates/arcweft-presentation/src/router.rs,9766,313,288,production,true,false,false,false
crates/arcweft-presentation/src/semantic.rs,7639,276,239,production,true,false,false,false
crates/arcweft-presentation/src/tests.rs,43641,1372,1281,test,true,true,false,false
crates/arcweft-presentation/src/text_editor.rs,72534,1965,1766,production,true,false,false,true
crates/arcweft-presentation/src/text_index.rs,20988,603,501,production,true,false,false,false
crates/arcweft-presentation/src/text_input.rs,48449,1695,1430,production,true,false,false,true
crates/arcweft-presentation/tests/character_render_spec.rs,3599,112,105,test,true,true,false,false
crates/arcweft-presentation/tests/fixtures/zundamon.awchar/character.awchar.json,3411,167,167,test,false,true,false,false
crates/arcweft-presentation/tests/interaction_visual_state.rs,3914,116,102,test,true,true,false,false
crates/arcweft-presentation/tests/text_editor_behavior.rs,28201,852,781,test,true,true,false,false
crates/arcweft-presentation/tests/text_index_snapshot.rs,1394,46,37,test,true,true,false,false
crates/arcweft-project/Cargo.toml,384,20,17,text,false,false,false,false
crates/arcweft-project/src/artifact.rs,6708,185,164,production,true,false,false,true
crates/arcweft-project/src/fingerprint.rs,9009,283,233,production,true,false,false,true
crates/arcweft-project/src/graph.rs,12197,392,345,production,true,false,false,true
crates/arcweft-project/src/incremental.rs,24991,792,690,production,true,false,false,true
crates/arcweft-project/src/lib.rs,374,12,7,production,true,false,false,false
crates/arcweft-project/src/manifest.rs,6018,226,185,production,true,false,false,true
crates/arcweft-project/src/persistent_object/codec.rs,62428,1559,1441,production,true,false,false,true
crates/arcweft-project/src/persistent_object/payload.rs,39472,1073,978,production,true,false,false,false
crates/arcweft-project/src/persistent_object/producer_identity.rs,11502,273,244,production,true,false,false,false
crates/arcweft-project/src/persistent_object/schema.rs,15078,408,361,production,true,false,false,false
crates/arcweft-project/src/persistent_object.rs,1560,33,25,production,true,false,false,false
crates/arcweft-project/src/sources.rs,4979,177,149,production,true,false,false,false
crates/arcweft-project/tests/bytecode_link_producer_inventory.rs,1405,42,39,test,true,true,false,false
crates/arcweft-project-loader/Cargo.toml,882,32,28,text,false,false,false,false
crates/arcweft-project-loader/src/adapter_manifest.rs,4479,154,126,production,true,false,false,true
crates/arcweft-project-loader/src/cache/external_payload.rs,28934,804,753,production,true,false,false,true
crates/arcweft-project-loader/src/cache/inspect.rs,44432,1348,1237,production,true,false,false,true
crates/arcweft-project-loader/src/cache/lock.rs,2957,105,95,production,true,false,false,true
crates/arcweft-project-loader/src/cache/network.rs,8981,243,233,production,true,false,false,false
crates/arcweft-project-loader/src/cache/persistent_query/tests.rs,45403,1223,1134,test,true,true,false,false
crates/arcweft-project-loader/src/cache/persistent_query.rs,68849,1828,1724,production,true,false,false,false
crates/arcweft-project-loader/src/cache/record.rs,5022,164,140,production,true,false,false,true
crates/arcweft-project-loader/src/cache/release.rs,58082,1541,1444,production,true,false,false,true
crates/arcweft-project-loader/src/cache/store.rs,13463,430,393,production,true,false,false,true
crates/arcweft-project-loader/src/cache.rs,336,13,8,production,true,false,false,false
crates/arcweft-project-loader/src/character_manifest.rs,1504,49,37,production,true,false,false,true
crates/arcweft-project-loader/src/lib.rs,340,11,6,production,true,false,false,false
crates/arcweft-project-loader/src/project.rs,12508,381,355,production,true,false,false,true
crates/arcweft-project-loader/src/release_adapter/consume.rs,10623,311,294,production,true,false,false,false
crates/arcweft-project-loader/src/release_adapter/materialize.rs,4310,116,109,production,true,false,false,false
crates/arcweft-project-loader/src/release_adapter/publish/remote/object_directory.rs,4352,128,113,production,true,false,false,false
crates/arcweft-project-loader/src/release_adapter/publish/remote/tests.rs,10965,345,311,test,true,true,false,false
crates/arcweft-project-loader/src/release_adapter/publish/remote.rs,37198,1150,1050,production,true,false,false,false
crates/arcweft-project-loader/src/release_adapter/publish.rs,12455,389,351,production,true,false,false,true
crates/arcweft-project-loader/src/release_adapter/trust.rs,22244,643,604,production,true,false,false,false
crates/arcweft-project-loader/src/release_adapter.rs,381,10,4,production,true,false,false,false
crates/arcweft-project-loader/src/rust_metadata.rs,3861,122,103,production,true,false,false,true
crates/arcweft-project-loader/tests/release_trust_e2e.rs,9526,285,266,test,true,true,false,false
crates/arcweft-project-loader/tests/support/release_trust_fixture.rs,19729,524,488,test,true,true,false,false
crates/arcweft-rag/Cargo.toml,272,14,12,text,false,false,false,false
crates/arcweft-rag/src/fusion.rs,2923,98,87,production,true,false,false,true
crates/arcweft-rag/src/lib.rs,104,4,2,production,true,false,false,false
crates/arcweft-rag/src/vector.rs,3412,119,105,production,true,false,false,true
crates/arcweft-ref/Cargo.toml,266,16,13,text,false,false,false,false
crates/arcweft-ref/src/lib.rs,3537,150,102,production,true,false,false,true
crates/arcweft-render-native/Cargo.toml,916,33,28,text,false,false,false,false
crates/arcweft-render-native/src/capture_session.rs,20253,573,537,production,true,false,false,false
crates/arcweft-render-native/src/effect_execution.rs,13526,411,394,production,true,false,false,false
crates/arcweft-render-native/src/effects.rs,44963,1272,1195,production,true,false,false,false
crates/arcweft-render-native/src/lib.rs,51272,1500,1293,production,true,false,false,false
crates/arcweft-render-native/src/renderer.rs,76620,2247,2123,production,true,false,false,false
crates/arcweft-render-native/src/tests.rs,154922,4454,4228,test,true,true,false,false
crates/arcweft-render-native/src/visual_layout.rs,32234,987,949,production,true,false,false,false
crates/arcweft-render-native/src/window_loop.rs,6924,219,190,production,true,false,false,false
crates/arcweft-render-native/src/window_page.rs,51408,1531,1435,production,true,false,false,false
crates/arcweft-render-text/Cargo.toml,331,16,13,text,false,false,false,false
crates/arcweft-render-text/src/lib.rs,56651,1699,1546,generated,true,false,true,true
crates/arcweft-render-text/src/rich_effects.rs,12211,417,347,production,true,false,false,false
crates/arcweft-render-web/Cargo.toml,514,21,18,text,false,false,false,false
crates/arcweft-render-web/src/lib.rs,299,8,2,production,true,false,false,false
crates/arcweft-render-web/src/web.rs,7856,219,194,production,true,false,false,false
crates/arcweft-render-web/tests/no_dom_overlay_contract.rs,711,21,19,test,true,true,false,false
crates/arcweft-render-wgpu/Cargo.toml,785,31,27,text,false,false,false,false
crates/arcweft-render-wgpu/examples/view_interaction_showcase.rs,15651,461,437,production,true,false,false,false
crates/arcweft-render-wgpu/src/convert.rs,1823,54,36,production,true,false,false,false
crates/arcweft-render-wgpu/src/font_family.rs,5342,170,155,production,true,false,false,true
crates/arcweft-render-wgpu/src/font_system.rs,3805,116,97,production,true,false,false,true
crates/arcweft-render-wgpu/src/geometry/action_buttons.rs,9096,255,240,production,true,false,false,false
crates/arcweft-render-wgpu/src/geometry/control_style.rs,15492,504,469,production,true,false,false,false
crates/arcweft-render-wgpu/src/geometry/focus_navigation.rs,10469,328,294,production,true,false,false,false
crates/arcweft-render-wgpu/src/geometry/images.rs,6994,212,193,production,true,false,false,false
crates/arcweft-render-wgpu/src/geometry/text_controls.rs,60135,1745,1631,production,true,false,false,true
crates/arcweft-render-wgpu/src/geometry.rs,75614,2363,2123,production,true,false,false,false
crates/arcweft-render-wgpu/src/lib.rs,733,26,18,production,true,false,false,false
crates/arcweft-render-wgpu/src/offscreen.rs,6430,181,168,production,true,false,false,false
crates/arcweft-render-wgpu/src/renderer.rs,75335,2209,2081,production,true,false,false,true
crates/arcweft-render-wgpu/src/sample.rs,6661,187,176,generated,true,false,true,false
crates/arcweft-render-wgpu/src/text_editor_geometry.rs,13410,401,351,production,true,false,false,true
crates/arcweft-render-wgpu/src/view.rs,3607,123,106,generated,true,false,true,false
crates/arcweft-render-wgpu/src/view_blend.rs,3857,127,113,production,true,false,false,true
crates/arcweft-render-wgpu/src/view_box_shadow.rs,20832,634,560,generated,true,false,true,true
crates/arcweft-render-wgpu/src/view_clip_path.rs,28266,877,817,production,true,false,false,true
crates/arcweft-render-wgpu/src/view_compositor.rs,50018,1405,1307,production,true,false,false,false
crates/arcweft-render-wgpu/src/view_compositor_uniform.rs,17271,527,486,production,true,false,false,true
crates/arcweft-render-wgpu/src/view_direct_renderer.rs,36977,1126,1050,production,true,false,false,false
crates/arcweft-render-wgpu/src/view_effects.rs,19116,618,543,production,true,false,false,true
crates/arcweft-render-wgpu/src/view_mask.rs,22099,662,610,production,true,false,false,true
crates/arcweft-render-wgpu/src/view_scene/compositing.rs,28550,1065,946,production,true,false,false,true
crates/arcweft-render-wgpu/src/view_scene/core.rs,21792,748,674,production,true,false,false,true
crates/arcweft-render-wgpu/src/view_scene.rs,1897,34,18,production,true,false,false,false
crates/arcweft-render-wgpu/src/view_shaders/compositor.wgsl,23411,595,548,text,false,false,false,false
crates/arcweft-render-wgpu/tests/geometry.rs,34871,1016,946,test,true,true,false,false
crates/arcweft-render-wgpu/tests/geometry_runtime_control_styles.rs,21236,630,584,test,true,true,false,false
crates/arcweft-render-wgpu/tests/runtime_control_backdrop_gpu_smoke.rs,10400,298,279,test,true,true,false,false
crates/arcweft-render-wgpu/tests/styled_paragraph.rs,11782,355,326,test,true,true,false,false
crates/arcweft-render-wgpu/tests/view.rs,3397,95,91,test,true,true,false,false
crates/arcweft-render-wgpu/tests/view_blend_hsl_modes.rs,1094,35,32,test,true,true,false,false
crates/arcweft-render-wgpu/tests/view_box_shadow_exact_png_golden.rs,10655,317,294,test,true,true,false,false
crates/arcweft-render-wgpu/tests/view_box_shadow_gpu_smoke.rs,6211,178,163,test,true,true,false,false
crates/arcweft-render-wgpu/tests/view_box_shadow_plan.rs,8792,281,255,test,true,true,false,false
crates/arcweft-render-wgpu/tests/view_clip_mask_render_closure.rs,11639,345,326,test,true,true,false,false
crates/arcweft-render-wgpu/tests/view_compositor_gpu_smoke.rs,811,15,4,generated,true,true,true,false
crates/arcweft-render-wgpu/tests/view_compositor_gpu_smoke_seq06_13c.rs,2683,64,57,test,true,true,false,false
crates/arcweft-render-wgpu/tests/view_compositor_gpu_smoke_timestamps.rs,1337,23,4,test,true,true,false,false
crates/arcweft-render-wgpu/tests/view_compositor_plan.rs,3523,99,89,test,true,true,false,false
crates/arcweft-render-wgpu/tests/view_compositor_source_gates.rs,1040,35,33,test,true,true,false,false
crates/arcweft-render-wgpu/tests/view_scene_player_path.rs,4622,137,123,test,true,true,false,false
crates/arcweft-runtime-accelerator/Cargo.toml,2029,70,63,text,false,false,false,false
crates/arcweft-runtime-accelerator/examples/math_bench.rs,75727,2129,1998,production,true,false,false,true
crates/arcweft-runtime-accelerator/src/accelerator_api.rs,30639,766,738,production,true,false,false,false
crates/arcweft-runtime-accelerator/src/call_backend.rs,76102,1930,1873,production,true,false,false,false
crates/arcweft-runtime-accelerator/src/compile.rs,52469,1549,1470,production,true,false,false,false
crates/arcweft-runtime-accelerator/src/external.rs,49595,1260,1214,production,true,false,false,false
crates/arcweft-runtime-accelerator/src/inference.rs,66806,2010,1829,production,true,false,false,true
crates/arcweft-runtime-accelerator/src/lib.rs,41726,1285,1141,production,true,false,false,false
crates/arcweft-runtime-accelerator/src/math/browser_webgpu/auto_adapter.rs,18607,525,499,production,true,false,false,false
crates/arcweft-runtime-accelerator/src/math/browser_webgpu/context.rs,70375,1862,1781,production,true,false,false,false
crates/arcweft-runtime-accelerator/src/math/browser_webgpu.rs,17150,626,506,production,true,false,false,false
crates/arcweft-runtime-accelerator/src/math/browser_webgpu_policy.rs,9490,273,225,production,true,false,false,false
crates/arcweft-runtime-accelerator/src/math/tests.rs,42195,1102,986,test,true,true,false,false
crates/arcweft-runtime-accelerator/src/math/wgpu_backend.rs,48359,1398,1338,production,true,false,false,false
crates/arcweft-runtime-accelerator/src/math.rs,86092,2340,2190,production,true,false,false,false
crates/arcweft-runtime-accelerator/src/tests.rs,98746,2465,2307,test,true,true,false,false
crates/arcweft-runtime-codegen/Cargo.toml,306,17,14,text,false,false,false,false
crates/arcweft-runtime-codegen/src/artifact.rs,3121,106,91,production,true,false,false,false
crates/arcweft-runtime-codegen/src/awbc_region.rs,11017,318,295,production,true,false,false,false
crates/arcweft-runtime-codegen/src/cache.rs,4606,119,106,production,true,false,false,false
crates/arcweft-runtime-codegen/src/lib.rs,329,13,7,production,true,false,false,false
crates/arcweft-runtime-codegen/src/policy.rs,2029,85,74,production,true,false,false,false
crates/arcweft-runtime-codegen/src/region.rs,14691,426,396,production,true,false,false,false
crates/arcweft-runtime-codegen/src/tests.rs,13798,393,358,test,true,true,false,false
crates/arcweft-runtime-driver/Cargo.toml,846,29,25,text,false,false,false,false
crates/arcweft-runtime-driver/src/clock.rs,2318,79,64,production,true,false,false,true
crates/arcweft-runtime-driver/src/display.rs,53503,1428,1311,production,true,false,false,true
crates/arcweft-runtime-driver/src/generation_runtime.rs,7206,218,156,generated,true,false,true,true
crates/arcweft-runtime-driver/src/lib.rs,468,15,9,production,true,false,false,false
crates/arcweft-runtime-driver/src/presentation_handles.rs,34820,1031,949,production,true,false,false,true
crates/arcweft-runtime-driver/src/session.rs,75367,1952,1800,production,true,false,false,false
crates/arcweft-runtime-driver/src/session_save.rs,16092,448,418,production,true,false,false,false
crates/arcweft-runtime-driver/src/swap.rs,30791,926,840,production,true,false,false,true
crates/arcweft-runtime-driver/src/task.rs,15000,451,387,production,true,false,false,true
crates/arcweft-runtime-driver/src/text_control_writeback.rs,3692,116,94,production,true,false,false,false
crates/arcweft-runtime-driver/tests/awbc_product_session.rs,16693,474,432,test,true,true,false,false
crates/arcweft-runtime-driver/tests/patch_source_gate.rs,678,18,16,test,true,true,false,false
crates/arcweft-runtime-driver/tests/session.rs,52284,1463,1340,test,true,true,false,false
crates/arcweft-runtime-host/Cargo.toml,1122,35,31,text,false,false,false,false
crates/arcweft-runtime-host/src/activity_host.rs,9752,317,274,production,true,false,false,true
crates/arcweft-runtime-host/src/bundle_runner/session.rs,8199,218,187,production,true,false,false,false
crates/arcweft-runtime-host/src/bundle_runner.rs,40051,1164,1082,production,true,false,false,true
crates/arcweft-runtime-host/src/capabilities.rs,10644,315,243,production,true,false,false,true
crates/arcweft-runtime-host/src/clipboard_host.rs,5118,163,142,production,true,false,false,false
crates/arcweft-runtime-host/src/lib.rs,2953,62,59,production,true,false,false,false
crates/arcweft-runtime-host/src/native_system.rs,839,25,22,production,true,false,false,false
crates/arcweft-runtime-host/src/native_task.rs,27854,804,731,production,true,false,false,true
crates/arcweft-runtime-host/src/player_text_input_bridge.rs,20646,598,517,production,true,false,false,true
crates/arcweft-runtime-host/src/presentation_dispatch.rs,35975,1066,958,production,true,false,false,true
crates/arcweft-runtime-host/src/stats.rs,6646,173,164,production,true,false,false,false
crates/arcweft-runtime-host/src/text_input_dispatch.rs,25421,707,627,production,true,false,false,true
crates/arcweft-runtime-host/src/view_frame.rs,18170,609,548,production,true,false,false,true
crates/arcweft-runtime-host/tests/awbc_product_runner.rs,255,7,6,test,true,true,false,false
crates/arcweft-runtime-host/tests/bundle_runner.rs,10169,300,273,test,true,true,false,false
crates/arcweft-runtime-host/tests/executor_source_gate.rs,2023,63,58,test,true,true,false,false
crates/arcweft-runtime-host/tests/view_interaction_dispatch.rs,4616,132,125,test,true,true,false,false
crates/arcweft-runtime-plan/Cargo.toml,666,25,21,text,false,false,false,false
crates/arcweft-runtime-plan/src/audio.rs,11821,288,263,production,true,false,false,false
crates/arcweft-runtime-plan/src/awbc_lower/audio.rs,11639,318,308,production,true,false,false,false
crates/arcweft-runtime-plan/src/awbc_lower/expr.rs,43626,1184,1143,production,true,false,false,false
crates/arcweft-runtime-plan/src/awbc_lower/flow.rs,79345,2135,2047,production,true,false,false,false
crates/arcweft-runtime-plan/src/awbc_lower/frame.rs,5932,206,179,generated,true,false,true,false
crates/arcweft-runtime-plan/src/awbc_lower/inventory.rs,50944,1307,1225,production,true,false,false,false
crates/arcweft-runtime-plan/src/awbc_lower/line.rs,903,29,25,production,true,false,false,false
crates/arcweft-runtime-plan/src/awbc_lower/pattern.rs,5956,158,152,production,true,false,false,false
crates/arcweft-runtime-plan/src/awbc_lower/source.rs,18674,473,457,production,true,false,false,false
crates/arcweft-runtime-plan/src/awbc_lower/tests.rs,12113,367,347,test,true,true,false,false
crates/arcweft-runtime-plan/src/awbc_lower/trait_method.rs,9716,266,250,production,true,false,false,false
crates/arcweft-runtime-plan/src/awbc_lower.rs,5418,170,141,production,true,false,false,false
crates/arcweft-runtime-plan/src/errors.rs,1571,54,38,production,true,false,false,false
crates/arcweft-runtime-plan/src/expr/desugar.rs,16464,433,421,production,true,false,false,false
crates/arcweft-runtime-plan/src/expr/enum_constructor.rs,2772,98,91,production,true,false,false,false
crates/arcweft-runtime-plan/src/expr/named_callable.rs,4703,142,134,production,true,false,false,false
crates/arcweft-runtime-plan/src/expr/tests.rs,34367,1021,928,test,true,true,false,false
crates/arcweft-runtime-plan/src/expr.rs,78751,2233,2107,production,true,false,false,false
crates/arcweft-runtime-plan/src/flow/closure_metadata.rs,1018,34,25,production,true,false,false,false
crates/arcweft-runtime-plan/src/flow/presentation.rs,3932,126,116,production,true,false,false,false
crates/arcweft-runtime-plan/src/flow/pure_helpers.rs,798,26,25,production,true,false,false,false
crates/arcweft-runtime-plan/src/flow/record_projection.rs,12382,346,331,production,true,false,false,false
crates/arcweft-runtime-plan/src/flow/tests.rs,22407,722,675,test,true,true,false,false
crates/arcweft-runtime-plan/src/flow.rs,90757,2485,2341,production,true,false,false,false
crates/arcweft-runtime-plan/src/function_values.rs,28700,869,814,production,true,false,false,false
crates/arcweft-runtime-plan/src/host_request.rs,16210,446,409,production,true,false,false,false
crates/arcweft-runtime-plan/src/labels.rs,7821,218,203,production,true,false,false,false
crates/arcweft-runtime-plan/src/lib.rs,288,16,16,production,true,false,false,false
crates/arcweft-runtime-plan/src/line_task.rs,30265,826,768,production,true,false,false,false
crates/arcweft-runtime-plan/src/pattern.rs,3227,79,74,production,true,false,false,false
crates/arcweft-runtime-plan/src/pure.rs,26508,758,690,production,true,false,false,true
crates/arcweft-runtime-plan/src/render_text/attrs.rs,4252,146,132,production,true,false,false,false
crates/arcweft-runtime-plan/src/render_text/contributions.rs,13888,394,373,production,true,false,false,false
crates/arcweft-runtime-plan/src/render_text/defaults.rs,9931,286,266,production,true,false,false,false
crates/arcweft-runtime-plan/src/render_text/entity_defaults.rs,8378,256,237,production,true,false,false,false
crates/arcweft-runtime-plan/src/render_text/helpers.rs,1080,30,26,production,true,false,false,false
crates/arcweft-runtime-plan/src/render_text/inline_failure.rs,5666,155,141,production,true,false,false,false
crates/arcweft-runtime-plan/src/render_text/line.rs,9331,243,233,production,true,false,false,false
crates/arcweft-runtime-plan/src/render_text/raw.rs,12575,353,330,production,true,false,false,false
crates/arcweft-runtime-plan/src/render_text/speaker_preset.rs,5924,187,175,production,true,false,false,false
crates/arcweft-runtime-plan/src/render_text/style_block.rs,6004,184,171,production,true,false,false,false
crates/arcweft-runtime-plan/src/render_text/style_expr.rs,8946,254,235,production,true,false,false,false
crates/arcweft-runtime-plan/src/render_text/tag.rs,27684,757,714,production,true,false,false,false
crates/arcweft-runtime-plan/src/render_text/tests.rs,45281,1458,1359,test,true,true,false,false
crates/arcweft-runtime-plan/src/render_text.rs,520,24,19,production,true,false,false,false
crates/arcweft-runtime-plan/src/source.rs,8097,222,208,production,true,false,false,false
crates/arcweft-runtime-plan/src/stream.rs,4318,119,110,production,true,false,false,false
crates/arcweft-runtime-plan/src/trait_methods.rs,11447,299,286,production,true,false,false,false
crates/arcweft-runtime-plan/src/typed_evidence.rs,5437,157,131,production,true,false,false,false
crates/arcweft-runtime-plan/tests/awbc_product_parity.rs,73312,2198,2061,test,true,true,false,false
crates/arcweft-runtime-plan/tests/iterator_witness_awbc.rs,9552,274,257,test,true,true,false,false
crates/arcweft-runtime-plan/tests/runtime_plan.rs,56369,1841,1679,test,true,true,false,false
crates/arcweft-runtime-scheduler/Cargo.toml,284,16,13,text,false,false,false,false
crates/arcweft-runtime-scheduler/src/lib.rs,20374,571,506,production,true,false,false,true
crates/arcweft-rust-abi/Cargo.toml,338,18,15,text,false,false,false,false
crates/arcweft-rust-abi/src/lib.rs,18306,556,475,production,true,false,false,true
crates/arcweft-rust-abi-build/Cargo.toml,313,15,13,text,false,false,false,false
crates/arcweft-rust-abi-build/src/lib.rs,7573,230,185,production,true,false,false,true
crates/arcweft-rust-abi-macros/Cargo.toml,428,22,18,text,false,false,false,false
crates/arcweft-rust-abi-macros/src/lib.rs,8434,247,229,production,true,false,false,false
crates/arcweft-rust-abi-macros/tests/compile_fail.rs,3471,115,103,test,true,true,false,false
crates/arcweft-rust-abi-macros/tests/export.rs,2315,74,66,test,true,true,false,false
crates/arcweft-rust-abi-macros/tests/ui/reject_generic_type.rs,124,8,6,test,true,true,false,false
crates/arcweft-rust-abi-macros/tests/ui/reject_reference_export.rs,164,8,6,test,true,true,false,false
crates/arcweft-rust-abi-macros/tests/ui/reject_reference_field.rs,130,8,6,test,true,true,false,false
crates/arcweft-rust-abi-macros/tests/ui/reject_reference_return.rs,165,8,6,test,true,true,false,false
crates/arcweft-rust-abi-macros/tests/ui/reject_self_receiver_export.rs,192,12,9,test,true,true,false,false
crates/arcweft-save/Cargo.toml,362,16,14,text,false,false,false,false
crates/arcweft-save/src/lib.rs,18352,572,526,production,true,false,false,false
crates/arcweft-save/tests/strict_decode.rs,8475,339,303,test,true,true,false,false
crates/arcweft-serde-bridge/Cargo.toml,463,18,16,text,false,false,false,false
crates/arcweft-serde-bridge/src/lib.rs,1282,31,20,production,true,false,false,false
crates/arcweft-source/Cargo.toml,213,13,11,text,false,false,false,false
crates/arcweft-source/src/lib.rs,12053,500,420,production,true,false,false,true
crates/arcweft-takumi-adapter/Cargo.toml,662,23,20,text,false,false,false,false
crates/arcweft-takumi-adapter/src/adapter.rs,6754,195,178,production,true,false,false,true
crates/arcweft-takumi-adapter/src/cache.rs,5029,183,155,production,true,false,false,true
crates/arcweft-takumi-adapter/src/capture.rs,13103,472,402,production,true,false,false,true
crates/arcweft-takumi-adapter/src/coverage.rs,33867,1180,1055,production,true,false,false,false
crates/arcweft-takumi-adapter/src/diagnostic.rs,3481,124,109,production,true,false,false,false
crates/arcweft-takumi-adapter/src/evidence.rs,14267,460,428,production,true,false,false,true
crates/arcweft-takumi-adapter/src/lib.rs,2562,58,48,production,true,false,false,false
crates/arcweft-takumi-adapter/src/lowering.rs,37280,1102,999,production,true,false,false,true
crates/arcweft-takumi-adapter/src/metadata.rs,9279,328,286,production,true,false,false,true
crates/arcweft-takumi-adapter/src/paint_extractor.rs,20075,629,532,production,true,false,false,false
crates/arcweft-takumi-adapter/src/style.rs,9561,308,274,production,true,false,false,true
crates/arcweft-takumi-adapter/src/text.rs,4595,191,162,production,true,false,false,true
crates/arcweft-takumi-adapter/tests/adapter_contract.rs,2106,66,61,test,true,true,false,false
crates/arcweft-takumi-adapter/tests/compositing_capture_exact_png.rs,349,7,7,test,true,true,false,false
crates/arcweft-takumi-adapter/tests/compositing_capture_fixtures.rs,2513,73,67,test,true,true,false,false
crates/arcweft-takumi-adapter/tests/compositing_capture_schema.rs,2949,77,70,test,true,true,false,false
crates/arcweft-takumi-adapter/tests/compositing_capture_source_gates.rs,1323,42,40,test,true,true,false,false
crates/arcweft-takumi-adapter/tests/computed_direct_paint.rs,6436,190,168,test,true,true,false,false
crates/arcweft-takumi-adapter/tests/css_box_shadow_lowering.rs,9936,362,320,test,true,true,false,false
crates/arcweft-takumi-adapter/tests/css_layout_cascade_coverage.rs,4499,129,113,test,true,true,false,false
crates/arcweft-takumi-adapter/tests/fixtures/compositing-capture/README.md,424,9,7,test,false,true,false,false
crates/arcweft-takumi-adapter/tests/fixtures/compositing-capture/expected-evidence.json,1115,37,37,test,false,true,false,false
crates/arcweft-takumi-adapter/tests/fixtures/compositing-capture/promotion-review.md,989,25,18,test,false,true,false,false
crates/arcweft-takumi-adapter/tests/fixtures/compositing-capture/scene.css,730,22,18,test,false,true,false,false
crates/arcweft-takumi-adapter/tests/fixtures/seq06_11a_direct_paint.css,796,33,30,test,false,true,false,false
crates/arcweft-takumi-adapter/tests/no_cpu_raster_fallback.rs,1810,64,58,test,true,true,false,false
crates/arcweft-test/Cargo.toml,573,21,18,text,false,false,false,false
crates/arcweft-test/src/agent.rs,8564,254,227,production,true,false,false,true
crates/arcweft-test/src/lib.rs,4967,166,136,production,true,false,false,true
crates/arcweft-text-layout/Cargo.toml,482,21,17,text,false,false,false,false
crates/arcweft-text-layout/data/jlreq_pair_adjustments.txt,2338,26,25,text,false,false,false,false
crates/arcweft-text-layout/data/jlreq_punctuation_ranges.txt,9444,202,201,text,false,false,false,false
crates/arcweft-text-layout/src/jlreq_punctuation.rs,14353,371,342,production,true,false,false,true
crates/arcweft-text-layout/src/jlreq_punctuation_data.rs,34583,1285,1268,generated,true,false,true,false
crates/arcweft-text-layout/src/lib.rs,81491,2458,2226,production,true,false,false,false
crates/arcweft-text-layout/src/ruby.rs,14548,445,424,production,true,false,false,false
crates/arcweft-text-layout/src/tests/ruby.rs,26841,674,620,test,true,true,false,false
crates/arcweft-text-layout/src/tests/vertical_class_mix.rs,74126,1749,1646,test,true,true,false,false
crates/arcweft-text-layout/src/tests/vertical_sequences.rs,31461,778,713,test,true,true,false,false
crates/arcweft-text-layout/src/tests.rs,58387,1576,1458,test,true,true,false,false
crates/arcweft-text-layout/src/vertical_orientation.rs,357456,12399,12383,generated,true,false,true,false
crates/arcweft-tooling/Cargo.toml,419,19,16,text,false,false,false,false
crates/arcweft-tooling/src/agent_repl.rs,29062,917,830,production,true,false,false,true
crates/arcweft-tooling/src/code_actions.rs,1730,63,60,production,true,false,false,false
crates/arcweft-tooling/src/decl_identity.rs,1598,47,44,production,true,false,false,false
crates/arcweft-tooling/src/dialogue_content.rs,8409,262,254,production,true,false,false,false
crates/arcweft-tooling/src/dialogue_defaults.rs,6528,231,217,production,true,false,false,false
crates/arcweft-tooling/src/dialogue_sugar.rs,24830,802,765,production,true,false,false,false
crates/arcweft-tooling/src/edit.rs,1916,59,54,production,true,false,false,false
crates/arcweft-tooling/src/format.rs,2334,67,61,production,true,false,false,false
crates/arcweft-tooling/src/id_context.rs,2636,84,76,production,true,false,false,false
crates/arcweft-tooling/src/lib.rs,501,22,16,production,true,false,false,false
crates/arcweft-tooling/src/line_sugar.rs,3917,126,118,production,true,false,false,false
crates/arcweft-tooling/src/model.rs,2346,72,56,production,true,false,false,false
crates/arcweft-tooling/src/speaker_presets.rs,26796,682,662,production,true,false,false,false
crates/arcweft-tooling/src/sugar_expansion.rs,2951,84,80,production,true,false,false,false
crates/arcweft-tooling/src/tests.rs,20571,579,516,test,true,true,false,false
crates/arcweft-tooling/src/util.rs,246,7,7,production,true,false,false,false
crates/arcweft-verify/Cargo.toml,636,25,21,text,false,false,false,false
crates/arcweft-verify/src/contract_smt.rs,25222,695,650,production,true,false,false,true
crates/arcweft-verify/src/insertion.rs,7471,224,187,generated,true,false,true,true
crates/arcweft-verify/src/lib.rs,66901,1927,1759,production,true,false,false,false
crates/arcweft-verify/src/runtime_type.rs,33589,934,869,production,true,false,false,true
crates/arcweft-verify/src/smt.rs,27746,895,781,production,true,false,false,true
crates/arcweft-verify/src/tests.rs,17251,581,530,test,true,true,false,false
crates/arcweft-verify-lsp/Cargo.toml,564,22,19,text,false,false,false,false
crates/arcweft-verify-lsp/src/lib.rs,58953,1586,1426,production,true,false,false,true
crates/arcweft-verify-oxiz/Cargo.toml,358,19,16,text,false,false,false,false
crates/arcweft-verify-oxiz/src/lib.rs,11325,313,291,production,true,false,false,true
crates/arcweft-verify-z3/Cargo.toml,307,17,14,text,false,false,false,false
crates/arcweft-verify-z3/src/lib.rs,11556,343,309,production,true,false,false,true
crates/arcweft-view/Cargo.toml,438,20,17,text,false,false,false,false
crates/arcweft-view/src/display.rs,5131,172,144,production,true,false,false,false
crates/arcweft-view/src/entity.rs,6821,242,201,production,true,false,false,false
crates/arcweft-view/src/fragment.rs,7352,260,202,production,true,false,false,false
crates/arcweft-view/src/frame.rs,2234,81,68,production,true,false,false,false
crates/arcweft-view/src/handler.rs,3697,131,109,production,true,false,false,false
crates/arcweft-view/src/image.rs,11707,454,374,production,true,false,false,false
crates/arcweft-view/src/layout.rs,4912,192,154,production,true,false,false,false
crates/arcweft-view/src/lib.rs,34937,1034,966,production,true,false,false,true
crates/arcweft-view/src/motion.rs,16470,523,456,production,true,false,false,false
crates/arcweft-view/src/presentation_image.rs,10698,284,257,production,true,false,false,true
crates/arcweft-view/src/program.rs,7947,304,254,production,true,false,false,true
crates/arcweft-view/src/reactive.rs,3211,114,93,production,true,false,false,false
crates/arcweft-view/src/semantics.rs,4605,181,149,production,true,false,false,false
crates/arcweft-view/src/style.rs,19670,671,579,production,true,false,false,false
crates/arcweft-view/src/style_authoring.rs,9795,373,307,production,true,false,false,true
crates/arcweft-view/src/text_field.rs,50004,1458,1323,production,true,false,false,true
crates/arcweft-view/src/text_source.rs,3180,133,105,production,true,false,false,false
crates/arcweft-view/src/view.rs,3264,109,81,production,true,false,false,false
crates/arcweft-view/tests/interaction_routing.rs,6651,204,191,test,true,true,false,false
crates/arcweft-view/tests/motion_transitions.rs,5023,154,140,test,true,true,false,false
deny.toml,501,29,27,text,false,false,false,false
docs/00-overview/README.md,476,14,11,text,false,false,false,false
docs/00-overview/architecture.md,6139,131,90,text,false,false,false,false
docs/00-overview/code-fences.md,1855,57,42,text,false,false,false,false
docs/00-overview/crate-map.md,12943,263,247,text,false,false,false,false
docs/00-overview/decisions.md,11514,355,258,text,false,false,false,false
docs/00-overview/feature-matrix.md,5526,105,89,text,false,false,false,false
docs/00-overview/implementation-guide.md,3834,153,108,text,false,false,false,false
docs/00-overview/naming.md,6502,256,195,text,false,false,false,false
docs/00-overview/roadmap.md,1855,79,59,text,false,false,false,false
docs/00-overview/runtime-boundary-refactor.md,19639,659,487,text,false,false,false,false
docs/00-overview/terminology.md,1451,22,21,text,false,false,false,false
docs/01-language/README.md,2087,35,34,text,false,false,false,false
docs/01-language/adt.md,1927,103,76,text,false,false,false,false
docs/01-language/await-need-result.md,5651,225,165,text,false,false,false,false
docs/01-language/block-scopes.md,6414,279,215,text,false,false,false,false
docs/01-language/contracts.md,2170,104,83,text,false,false,false,false
docs/01-language/control-transfer-return-out-yield.md,4396,192,145,text,false,false,false,false
docs/01-language/dialogue-calls-scopes-cancellation.md,20689,804,612,text,false,false,false,false
docs/01-language/dialogue-character-methods-and-textbox.md,24349,944,709,text,false,false,false,false
docs/01-language/dialogue-control-tags-and-ruby.md,19680,614,462,text,false,false,false,false
docs/01-language/dialogue-line-handles-and-returns.md,10991,433,320,text,false,false,false,false
docs/01-language/dialogue-windows-and-hooks.md,6182,302,224,text,false,false,false,false
docs/01-language/entries-and-capabilities.md,4872,198,151,text,false,false,false,false
docs/01-language/error-trace-context.md,6087,280,220,text,false,false,false,false
docs/01-language/expression-control-flow.md,3789,245,185,text,false,false,false,false
docs/01-language/functions-and-pipeline.md,6253,243,177,text,false,false,false,false
docs/01-language/grammar.md,28517,704,586,text,false,false,false,false
docs/01-language/hooks-and-memoization.md,10483,465,378,text,false,false,false,false
docs/01-language/ids-and-references.md,15028,517,398,text,false,false,false,false
docs/01-language/literals-and-primitives.md,7118,330,252,text,false,false,false,false
docs/01-language/localization-dialogue.md,14731,565,420,text,false,false,false,false
docs/01-language/macros-precompile.md,1716,86,64,text,false,false,false,false
docs/01-language/modules.md,3261,146,112,text,false,false,false,false
docs/01-language/never-bottom-type.md,3294,169,123,text,false,false,false,false
docs/01-language/parsing.md,1790,97,72,text,false,false,false,false
docs/01-language/patterns-and-bindings.md,3564,159,118,text,false,false,false,false
docs/01-language/proofs-and-unsafe-audits.md,6599,211,157,text,false,false,false,false
docs/01-language/result-option-context.md,5862,240,178,text,false,false,false,false
docs/01-language/scenario-surface-syntax.md,18683,686,516,text,false,false,false,false
docs/01-language/semicolon-policy.md,2086,127,88,text,false,false,false,false
docs/01-language/standard-types-and-prelude.md,9327,348,279,text,false,false,false,false
docs/01-language/state-flow-reducer.md,2272,100,76,text,false,false,false,false
docs/01-language/syntax.md,7690,264,204,text,false,false,false,false
docs/01-language/traits-seq-ranges.md,11148,475,368,text,false,false,false,false
docs/01-language/types-and-effects.md,1869,118,86,text,false,false,false,false
docs/02-runtime/README.md,774,17,16,text,false,false,false,false
docs/02-runtime/activity.md,2369,88,69,text,false,false,false,false
docs/02-runtime/async-scheduler.md,7693,235,200,text,false,false,false,false
docs/02-runtime/control-flow-runtime.md,5429,203,160,text,false,false,false,false
docs/02-runtime/core.md,20633,485,418,text,false,false,false,false
docs/02-runtime/cranelift-jit.md,13298,283,241,text,false,false,false,false
docs/02-runtime/device-streams.md,6650,253,196,text,false,false,false,false
docs/02-runtime/error-diagnostics-stacktrace.md,4832,228,188,text,false,false,false,false
docs/02-runtime/executable-runtime-core.md,47135,1037,875,text,false,false,false,false
docs/02-runtime/hooks-memoization.md,5312,239,188,text,false,false,false,false
docs/02-runtime/layered-input.md,13713,609,468,text,false,false,false,false
docs/02-runtime/memory-ipc.md,1308,76,59,text,false,false,false,false
docs/02-runtime/plugins.md,5487,138,116,text,false,false,false,false
docs/02-runtime/product-awbc-runtime-step-parity.md,9821,229,176,text,false,false,false,false
docs/02-runtime/runtime-step-and-executors.md,8021,229,187,text,false,false,false,false
docs/02-runtime/save-replay.md,1585,77,62,text,false,false,false,false
docs/02-runtime/streams-generators.md,6729,271,202,text,false,false,false,false
docs/03-presentation/README.md,1099,23,22,text,false,false,false,false
docs/03-presentation/audio.md,9559,405,314,text,false,false,false,false
docs/03-presentation/capture-devices.md,15072,423,322,text,false,false,false,false
docs/03-presentation/character-stage.md,14371,558,428,text,false,false,false,false
docs/03-presentation/device-generator-and-usb.md,10805,391,300,text,false,false,false,false
docs/03-presentation/device-io-usb.md,6619,266,203,text,false,false,false,false
docs/03-presentation/html-servo-dom.md,1630,72,53,text,false,false,false,false
docs/03-presentation/image-presentation-objects.md,6491,150,127,text,false,false,false,false
docs/03-presentation/layered-rendering.md,8707,405,324,text,false,false,false,false
docs/03-presentation/layers-and-input.md,18977,783,613,text,false,false,false,false
docs/03-presentation/layers.md,16139,644,513,text,false,false,false,false
docs/03-presentation/render-input-layers.md,17148,793,615,text,false,false,false,false
docs/03-presentation/rich-text-effects-transforms.md,13198,298,234,text,false,false,false,false
docs/03-presentation/text-presentation-objects.md,10435,205,175,text,false,false,false,false
docs/03-presentation/text-typesetting.md,4868,179,145,text,false,false,false,false
docs/03-presentation/touch-virtual-controller.md,6166,245,190,text,false,false,false,false
docs/03-presentation/usb-devices.md,773,24,18,text,false,false,false,false
docs/03-presentation/vector-svg.md,1459,93,75,text,false,false,false,false
docs/03-presentation/view-input-text-field.md,1332,37,27,text,false,false,false,false
docs/03-presentation/view-reactive.md,3224,148,114,text,false,false,false,false
docs/03-presentation/virtual-controller.md,860,25,19,text,false,false,false,false
docs/03-presentation/wgpu-renderer.md,1353,65,51,text,false,false,false,false
docs/03-presentation/wgsl-shaders.md,2319,110,91,text,false,false,false,false
docs/04-tooling/README.md,328,9,8,text,false,false,false,false
docs/04-tooling/agent-debug-mcp-cli.md,23767,438,403,text,false,false,false,false
docs/04-tooling/agent-observe-capture-contract.md,20891,473,399,text,false,false,false,false
docs/04-tooling/cli.md,87276,1460,1326,text,false,false,false,false
docs/04-tooling/graph-rag-jj.md,2395,141,119,text,false,false,false,false
docs/04-tooling/logging-signal-test-bench.md,4250,182,137,text,false,false,false,false
docs/04-tooling/lsp.md,13474,308,268,text,false,false,false,false
docs/04-tooling/verification.md,5633,172,142,text,false,false,false,false
docs/05-build-and-security/README.md,213,7,5,text,false,false,false,false
docs/05-build-and-security/device-generator.md,6163,287,210,text,false,false,false,false
docs/05-build-and-security/native-web-build.md,5612,145,119,text,false,false,false,false
docs/05-build-and-security/packaging.md,12312,278,249,text,false,false,false,false
docs/05-build-and-security/product-awfb-bytecode.md,1226,18,13,text,false,false,false,false
docs/05-build-and-security/security.md,6843,163,111,text,false,false,false,false
docs/README.md,4561,75,64,text,false,false,false,false
docs/design/component-text-control-layout-bounds-resource-contract-2026-07-04.md,5719,149,112,text,false,false,false,false
docs/design/cross-platform-clipboard-text-control-contract.md,15668,305,224,text,false,false,false,false
docs/design/seq-04-5-deferred-runtime-bytecode-link.md,2241,31,19,text,false,false,false,false
docs/design/seq-06.10-cross-backend-text-raster-parity.md,8060,227,174,text,false,false,false,false
docs/design/seq-06.10a-styled-paragraph-layout.md,4606,113,75,text,false,false,false,false
docs/design/seq-06.10b-styled-paragraph-raster-evidence-closure.md,4815,86,58,text,false,false,false,false
docs/design/seq-06.11a-css-computed-style-direct-paint-extractor.md,6274,179,132,text,false,false,false,false
docs/design/seq-06.11a-unsupported-css-diagnostics.md,1730,55,43,text,false,false,false,false
docs/design/seq-06.11b-frame-paint-contract.md,4413,126,93,text,false,false,false,false
docs/design/seq-06.11b-view-scene-compositor-player-path-integration.md,2520,63,51,text,false,false,false,false
docs/design/seq-06.12-css-layout-cascade-coverage.md,5516,153,117,text,false,false,false,false
docs/design/seq-06.12-css-layout-cascade-support-matrix.md,5300,48,44,text,false,false,false,false
docs/design/seq-06.13-css-motion-effects-coverage-design.md,7575,172,129,text,false,false,false,false
docs/design/seq-06.13a-clip-path-mask-render-closure-design.md,4646,139,100,text,false,false,false,false
docs/design/seq-06.13b-box-shadow-and-blend-render-closure-design.md,2248,60,47,text,false,false,false,false
docs/design/seq-06.13c-vector-clip-advanced-mask-render-closure-design.md,10550,192,120,text,false,false,false,false
docs/design/seq-06.13d-css-box-shadow-lowering-design.md,4900,132,101,text,false,false,false,false
docs/design/seq-06.13e-css-inset-box-shadow-rendering-design.md,5158,129,99,text,false,false,false,false
docs/design/seq-06.13e.2-per-corner-elliptical-box-shadow-radius-contract-design.md,6838,177,136,text,false,false,false,false
docs/design/seq-06.16.4-runtime-control-style-contract.md,5073,109,73,text,false,false,false,false
docs/design/seq-06.16.4.1-runtime-control-backdrop-filter-contract.md,5325,164,122,text,false,false,false,false
docs/design/seq-06.16.6-scoped-presentation-resource-handles.md,14621,388,304,text,false,false,false,false
docs/design/seq-06.9a-ui-compositing-scene-contract-design.md,6389,165,127,text,false,false,false,false
docs/design/seq-06.9b-wgpu-ui-compositor-effects-design.md,3731,88,66,text,false,false,false,false
docs/design/seq-06.9c-compositing-capture-goldens-design.md,3038,82,61,text,false,false,false,false
docs/design/seq06.14-responsive-stage-placement.md,7512,134,96,text,false,false,false,false
docs/design/seq06.15-awchar-character-stage-runtime-lsp.md,7546,149,104,text,false,false,false,false
docs/examples/README.md,803,18,17,text,false,false,false,false
docs/examples/audio.md,1324,45,34,text,false,false,false,false
docs/examples/capture-devices.md,3187,119,96,text,false,false,false,false
docs/examples/concise-dialogue-and-localization.md,5478,180,143,text,false,false,false,false
docs/examples/control-flow-patterns.arcw.md,1690,68,54,text,false,false,false,false
docs/examples/device-io-usb.md,1790,78,61,text,false,false,false,false
docs/examples/device-usb-virtual-controller.md,3902,150,119,text,false,false,false,false
docs/examples/error-context.arcw.md,1351,44,34,text,false,false,false,false
docs/examples/hooks-memoization.md,1592,67,58,text,false,false,false,false
docs/examples/layered-scene-input.md,1811,88,68,text,false,false,false,false
docs/examples/layers-input.md,1869,91,73,text,false,false,false,false
docs/examples/opening-flow.md,1392,47,35,text,false,false,false,false
docs/examples/product-awfb-awbc-v1-manifest.json,367,17,17,text,false,false,false,false
docs/examples/reactive-view.md,590,25,23,text,false,false,false,false
docs/examples/scope-relative-ids.md,2690,95,73,text,false,false,false,false
docs/examples/shader.md,749,29,25,text,false,false,false,false
docs/examples/touch-virtual-controller.md,1432,64,53,text,false,false,false,false
docs/examples/usb-and-virtual-controller.md,3564,147,120,text,false,false,false,false
docs/examples/usb-devices-and-virtual-controller.md,3615,157,119,text,false,false,false,false
docs/examples/virtual-controller.md,1498,65,51,text,false,false,false,false
docs/fixtures/css/seq06.13c-vector-clip-advanced-mask.css,1009,37,33,text,false,false,false,false
docs/fixtures/css/seq06.13d-box-shadow-card.css,857,30,22,text,false,false,false,false
docs/fixtures/css/seq06.13e-inset-box-shadow-card.css,846,29,21,text,false,false,false,false
docs/fixtures/css/seq06.13e.2-per-corner-elliptical-box-shadow-card.css,396,15,14,text,false,false,false,false
docs/fixtures/native/modern_feedback_view_runtime_control_style_smoke.json,3095,157,157,text,false,false,false,false
docs/fixtures/native/seq06_13d_box_shadow_smoke.json,1063,29,29,text,false,false,false,false
docs/fixtures/native/seq06_13e1_inset_box_shadow_exact_golden.json,3220,85,85,text,false,false,false,false
docs/fixtures/native/seq06_13e2_per_corner_elliptical_box_shadow_smoke.json,1122,31,31,text,false,false,false,false
docs/fixtures/native/seq06_13e_inset_box_shadow_smoke.json,1274,32,32,text,false,false,false,false
docs/fixtures/retained-view/seq06_13c_retained_view_fixture.rs,3919,93,87,production,true,false,false,false
docs/fixtures/web/modern_feedback_view_runtime_control_style_smoke.json,3089,157,157,text,false,false,false,false
docs/fixtures/web/seq06_13d_box_shadow_smoke.json,1063,29,29,text,false,false,false,false
docs/fixtures/web/seq06_13e1_inset_box_shadow_exact_golden.json,4129,96,96,text,false,false,false,false
docs/fixtures/web/seq06_13e2_per_corner_elliptical_box_shadow_smoke.json,1119,31,31,text,false,false,false,false
docs/fixtures/web/seq06_13e_inset_box_shadow_smoke.json,1271,32,32,text,false,false,false,false
docs/implementation/2026-06-27-view-style-text-input-wgpu-post-seq02.4-plan.md,4665,77,60,text,false,false,false,false
docs/implementation/2026-06-28-seq-02-6-02-7-adapter-validation.md,2857,68,56,text,false,false,false,false
docs/implementation/2026-06-28-seq-02-6-02-7-awfr-signing-boundary.md,8479,244,184,text,false,false,false,false
docs/implementation/2026-06-28-seq-02-6-02-7-remaining-work.md,3344,71,48,text,false,false,false,false
docs/implementation/2026-06-28-seq-02.4.1-view-style-text-input-resource-codecs.md,9544,236,176,text,false,false,false,false
docs/implementation/2026-06-29-seq-02-10-remote-publication-backend.md,6899,156,127,text,false,false,false,false
docs/implementation/2026-06-30-css-style-parity-startup-scale-profile.md,4241,108,82,text,false,false,false,false
docs/implementation/2026-06-30-reactive-view-style-sample.md,4618,96,75,text,false,false,false,false
docs/implementation/2026-07-01-agent-observe-player-path-convergence.md,3462,74,55,text,false,false,false,false
docs/implementation/2026-07-02-dsl-trait-impl-associated-type-substrate.md,3371,63,47,text,false,false,false,false
docs/implementation/2026-07-02-runtime-range-iterator-and-numeric-defaults.md,3165,59,46,text,false,false,false,false
docs/implementation/2026-07-03-dsl-text-input-submit-flow.md,3152,56,48,text,false,false,false,false
docs/implementation/2026-07-03-seq-08.3.1-awbc-trait-method-call-table-and-vm-closure.md,3560,50,40,text,false,false,false,false
docs/implementation/2026-07-04-component-scoped-render-capture.md,2656,44,33,text,false,false,false,false
docs/implementation/2026-07-04-text-control-visual-navigation-and-component-capture.md,2925,67,52,text,false,false,false,false
docs/implementation/2026-07-05-runtime-control-css-radius-filter-frame-fit.md,6304,100,88,text,false,false,false,false
docs/implementation/2026-07-06-dialogue-speaker-display-label.md,1555,38,27,text,false,false,false,false
docs/implementation/2026-07-07-call-select-unification-refactor.md,2368,31,23,text,false,false,false,false
docs/implementation/2026-07-07-functions-closures-pipeline-language-stack.md,132109,1926,1828,text,false,false,false,false
docs/implementation/2026-07-08-samples-dsl-canonical-decl-identity.md,3509,74,58,text,false,false,false,false
docs/implementation/2026-07-08-selectable-static-view-text-blocks.md,2344,40,26,text,false,false,false,false
docs/implementation/README.md,130588,1867,1845,text,false,false,false,false
docs/implementation/agent-repl-cell-transaction-2026-06-28.md,3455,63,44,text,false,false,false,false
docs/implementation/agent-script-final-completion-audit.md,6039,73,61,text,false,false,false,false
docs/implementation/agent-script-implementation.md,110903,507,495,text,false,false,false,false
docs/implementation/agents-policy-audit-2026-06-27.md,17630,235,160,text,false,false,false,false
docs/implementation/agents-policy-audit-response-2026-06-27.md,5154,109,89,text,false,false,false,false
docs/implementation/arcw-project-architecture-2026-06-23.md,8033,135,105,text,false,false,false,false
docs/implementation/audio-cpal-v3.md,4854,101,84,text,false,false,false,false
docs/implementation/character-psd-import.md,7627,150,123,text,false,false,false,false
docs/implementation/cli-run-project-manifest-2026-06-23.md,1537,33,25,text,false,false,false,false
docs/implementation/component-text-control-layout-bounds-resource-contract-2026-07-04.md,4751,89,75,text,false,false,false,false
docs/implementation/component-text-input-native-interactive-smoke-2026-07-04.md,10893,207,159,text,false,false,false,false
docs/implementation/component-text-input-unification-2026-07-04.md,8653,143,127,text,false,false,false,false
docs/implementation/content-policy-rewrite-2026-06-22.md,2809,50,38,text,false,false,false,false
docs/implementation/content-policy-stabilization-2026-06-23.md,3207,46,35,text,false,false,false,false
docs/implementation/css-style-parity-sample-2026-06-29.md,4286,100,77,text,false,false,false,false
docs/implementation/current-work-status-2026-07-08.md,9716,194,164,text,false,false,false,false
docs/implementation/current-work-status-2026-07-09.md,10820,193,170,text,false,false,false,false
docs/implementation/data-codec-dependency-selection.md,2099,24,20,text,false,false,false,false
docs/implementation/data-codecs-reflection-adr-0008.md,3486,107,82,text,false,false,false,false
docs/implementation/data-format-coverage.md,2897,45,39,text,false,false,false,false
docs/implementation/desktop-adapters.md,10561,195,146,text,false,false,false,false
docs/implementation/diagnostics-renderer-foundation-2026-06-29.md,3369,80,62,text,false,false,false,false
docs/implementation/effect-system.md,3353,59,52,text,false,false,false,false
docs/implementation/executable-runtime-core-2026-06-24.md,6208,138,115,text,false,false,false,false
docs/implementation/first-order-effect-lowering.md,2787,57,48,text,false,false,false,false
docs/implementation/fixture-regeneration.md,6629,133,104,text,false,false,false,false
docs/implementation/function-stack-apply-spread-runtime-substrate-2026-07-09.md,4170,82,65,text,false,false,false,false
docs/implementation/function-stack-awbc-control-expression-parity-2026-07-09.md,7086,113,93,text,false,false,false,false
docs/implementation/function-stack-awbc-expression-apply-suspension-boundary-2026-07-09.md,3025,64,50,text,false,false,false,false
docs/implementation/function-stack-closure-effect-callable-evidence-2026-07-09.md,1335,30,23,text,false,false,false,false
docs/implementation/function-stack-closure-effect-row-audit-2026-07-09.md,15078,214,181,text,false,false,false,false
docs/implementation/function-stack-closure-effect-row-lsp-hover-2026-07-09.md,1682,35,28,text,false,false,false,false
docs/implementation/function-stack-closure-expected-effect-row-bound-2026-07-09.md,1897,48,36,text,false,false,false,false
docs/implementation/function-stack-current-gap-map-2026-07-09.md,16698,219,199,text,false,false,false,false
docs/implementation/function-stack-current-state-2026-07-09.md,23242,284,253,text,false,false,false,false
docs/implementation/function-stack-current-status-2026-07-08.md,13584,249,217,text,false,false,false,false
docs/implementation/function-stack-data-last-callable-kind-partial-rejection-2026-07-09.md,1544,42,31,text,false,false,false,false
docs/implementation/function-stack-data-last-fixed-spread-fallback-2026-07-09.md,3820,74,56,text,false,false,false,false
docs/implementation/function-stack-data-last-unsupported-source-partial-2026-07-09.md,3201,68,53,text,false,false,false,false
docs/implementation/function-stack-effect-callable-report-api-2026-07-09.md,1115,27,20,text,false,false,false,false
docs/implementation/function-stack-effect-row-artifact-closed-input-2026-07-09.md,2311,57,42,text,false,false,false,false
docs/implementation/function-stack-effect-row-closed-boundary-2026-07-09.md,3154,74,56,text,false,false,false,false
docs/implementation/function-stack-effect-row-curried-higher-order-timing-2026-07-09.md,1756,46,33,text,false,false,false,false
docs/implementation/function-stack-effect-row-lsp-hover-2026-07-09.md,2366,57,43,text,false,false,false,false
docs/implementation/function-stack-effect-row-partial-closure-timing-2026-07-09.md,1443,40,27,text,false,false,false,false
docs/implementation/function-stack-effect-row-raw-lsp-hover-2026-07-09.md,2496,55,43,text,false,false,false,false
docs/implementation/function-stack-effect-row-report-boundary-2026-07-09.md,3822,79,63,text,false,false,false,false
docs/implementation/function-stack-effect-row-returned-closure-no-effect-2026-07-09.md,1180,31,22,text,false,false,false,false
docs/implementation/function-stack-effect-trace-report-2026-07-09.md,2919,63,49,text,false,false,false,false
docs/implementation/function-stack-expr-path-split-2026-07-09.md,1055,27,19,text,false,false,false,false
docs/implementation/function-stack-expression-source-range-coverage-2026-07-08.md,5000,87,70,text,false,false,false,false
docs/implementation/function-stack-function-type-effect-rows-2026-07-09.md,2352,48,41,text,false,false,false,false
docs/implementation/function-stack-function-value-fixed-spread-apply-2026-07-09.md,3112,70,52,text,false,false,false,false
docs/implementation/function-stack-goal-completion-audit-2026-07-08.md,11341,113,97,text,false,false,false,false
docs/implementation/function-stack-lsp-performed-effect-trace-2026-07-09.md,1178,34,25,text,false,false,false,false
docs/implementation/function-stack-method-value-rejection-2026-07-09.md,2046,51,37,text,false,false,false,false
docs/implementation/function-stack-non-helper-callable-inventory-2026-07-08.md,7617,84,66,text,false,false,false,false
docs/implementation/function-stack-non-helper-callable-kind-rejection-2026-07-09.md,2959,62,48,text,false,false,false,false
docs/implementation/function-stack-non-helper-source-function-values-2026-07-09.md,28394,362,321,text,false,false,false,false
docs/implementation/function-stack-pipe-control-expression-rhs-2026-07-09.md,3677,74,61,text,false,false,false,false
docs/implementation/function-stack-prefix-source-partial-rejection-2026-07-09.md,1395,37,26,text,false,false,false,false
docs/implementation/function-stack-request-split-audit-2026-07-08.md,2994,69,52,text,false,false,false,false
docs/implementation/function-stack-signature-fixed-spread-apply-2026-07-09.md,3509,76,57,text,false,false,false,false
docs/implementation/function-stack-source-function-pipe-bodies-2026-07-09.md,3200,67,52,text,false,false,false,false
docs/implementation/function-stack-source-function-top-level-aliases-2026-07-09.md,3261,69,52,text,false,false,false,false
docs/implementation/function-stack-source-function-type-effect-row-syntax-2026-07-09.md,1414,33,26,text,false,false,false,false
docs/implementation/function-stack-source-function-unaccepted-source-call-rejection-2026-07-09.md,2044,48,36,text,false,false,false,false
docs/implementation/function-stack-spread-contract-closure-2026-07-09.md,4672,77,64,text,false,false,false,false
docs/implementation/function-stack-spread-rejection-boundary-2026-07-09.md,4026,81,64,text,false,false,false,false
docs/implementation/function-stack-status-rollup-2026-07-09.md,25111,348,305,text,false,false,false,false
docs/implementation/function-stack-unsupported-bare-source-function-values-2026-07-09.md,4259,87,70,text,false,false,false,false
docs/implementation/image-animation-goal-audit.md,7151,80,65,text,false,false,false,false
docs/implementation/image-animation-policy.md,18855,334,304,text,false,false,false,false
docs/implementation/incremental-hot-swap-bundle-2026-06-23.md,59499,839,810,text,false,false,false,false
docs/implementation/incremental-hot-swap-completion-audit-2026-06-24.md,5697,71,56,text,false,false,false,false
docs/implementation/integrated-execution-2026-06-24.md,7036,130,118,text,false,false,false,false
docs/implementation/layout-scaling-units-and-capture-2026-06-24.md,4733,98,80,text,false,false,false,false
docs/implementation/modern-feedback-view-translucent-depth-2026-07-04.md,4297,91,72,text,false,false,false,false
docs/implementation/native-cli-player-boundaries.md,19195,317,294,text,false,false,false,false
docs/implementation/native-ime-focus-loss-2026-07-06.md,4421,85,68,text,false,false,false,false
docs/implementation/native-ime-renderer-editor-geometry-normalization-2026-07-07.md,5951,98,68,text,false,false,false,false
docs/implementation/native-rich-text-player.md,43590,611,580,text,false,false,false,false
docs/implementation/numeric-fast-path-bench-inventory.md,23919,250,222,text,false,false,false,false
docs/implementation/owned-window-driver-audit.md,6604,88,73,text,false,false,false,false
docs/implementation/performance-snapshot.md,87731,1247,1133,text,false,false,false,false
docs/implementation/persistent-file-grants-multitarget-2026-06-22.md,3530,77,60,text,false,false,false,false
docs/implementation/persistent-file-grants-redesign-ce9ea4-2026-06-23.md,3073,65,54,text,false,false,false,false
docs/implementation/phase-0-1-workspace.md,48430,512,473,text,false,false,false,false
docs/implementation/player-frame-semantic-action-target-backlog-2026-07-08.md,3623,84,63,text,false,false,false,false
docs/implementation/player-native-windowed-path-clippy-cleanup-2026-06-29.md,1544,40,31,text,false,false,false,false
docs/implementation/pro-review30-audit.md,6244,85,70,text,false,false,false,false
docs/implementation/pro-review33-completion-audit.md,8495,217,174,text,false,false,false,false
docs/implementation/project-rs-wrapper-review-2026-06-21.md,3471,71,61,text,false,false,false,false
docs/implementation/project-wide-typed-diagnostics-2026-06-29.md,2953,65,50,text,false,false,false,false
docs/implementation/refactor-checklist.md,4398,98,80,text,false,false,false,false
docs/implementation/relative-runtime-id-boundaries-2026-07-07.md,6975,148,120,text,false,false,false,false
docs/implementation/repl-adapter-formatting-host-follow-up-2026-06-28.md,4228,85,58,text,false,false,false,false
docs/implementation/repl-commands-agent-runner-2026-06-28.md,5870,129,100,text,false,false,false,false
docs/implementation/repl-executor-tiering-warm-codegen-2026-06-28.md,3036,72,56,text,false,false,false,false
docs/implementation/request-2026-06-27-seq-02.4.1-view-style-text-input-resource-codec.md,4536,97,79,text,false,false,false,false
docs/implementation/rich-text-object-goal-audit.md,7148,82,67,text,false,false,false,false
docs/implementation/rich-text-object-visual-evidence.md,4718,53,42,text,false,false,false,false
docs/implementation/runtime-acceleration-goal-gap.md,9295,238,173,text,false,false,false,false
docs/implementation/runtime-control-rounded-shadow-font-parity-2026-07-06.md,6392,114,93,text,false,false,false,false
docs/implementation/scoped-presentation-handles-final-ui-syntax-2026-07-06.md,107608,1755,1459,text,false,false,false,false
docs/implementation/seq-01-1-through-01-3-implementation-2026-06-24.md,7715,165,126,text,false,false,false,false
docs/implementation/seq-01-4-runtime-driver-host-executor-migration-2026-06-25.md,3092,66,54,text,false,false,false,false
docs/implementation/seq-01-5-product-awfb-bytecode-migration-2026-06-25.md,7043,116,95,text,false,false,false,false
docs/implementation/seq-01-6-1-product-awbc-runtime-step-parity-closure-2026-06-26.md,89538,1949,1511,text,false,false,false,false
docs/implementation/seq-01-6-1-product-awbc-runtime-step-parity-test-matrix-2026-06-26.md,6422,100,84,text,false,false,false,false
docs/implementation/seq-01-6-2-product-awbc-audio-payload-parity-2026-06-26.md,7852,167,125,text,false,false,false,false
docs/implementation/seq-01-6-product-awbc-build-parity-legacy-audit-2026-06-25.md,7713,179,146,text,false,false,false,false
docs/implementation/seq-01-remaining-01-4-01-5-and-open-items-2026-06-24.md,12781,297,220,text,false,false,false,false
docs/implementation/seq-02-1-common-resource-wire-codec-2026-06-27.md,20681,365,295,text,false,false,false,false
docs/implementation/seq-02-2-runtime-resource-codecs-2026-06-27.md,17259,377,308,text,false,false,false,false
docs/implementation/seq-02-3-4-product-catalog-resource-codecs-2026-06-27.md,6534,139,108,text,false,false,false,false
docs/implementation/seq-02-5-patch-schema-2-direct-replacement-2026-06-27.md,12040,238,189,text,false,false,false,false
docs/implementation/seq-02-8-overlay-production-application-2026-06-28.md,23202,229,175,text,false,false,false,false
docs/implementation/seq-02-9-release-trust-e2e-fixtures-2026-06-28.md,2633,59,47,text,false,false,false,false
docs/implementation/seq-02-product-artifact-patch-signing-first-cut-2026-06-27.md,13847,179,158,text,false,false,false,false
docs/implementation/seq-03-5-windowed-runtime-owner-scene-integration-2026-06-28.md,4236,62,47,text,false,false,false,false
docs/implementation/seq-03-6-multi-entry-generation-runtime-api-2026-06-28.md,7016,126,106,text,false,false,false,false
docs/implementation/seq-03-7-windowed-live-patch-smoke-fixtures-2026-06-28.md,9128,181,143,text,false,false,false,false
docs/implementation/seq-03-8-windowed-live-patch-ingress-adapter-2026-06-28.md,6152,132,110,text,false,false,false,false
docs/implementation/seq-03-8-windowed-live-patch-ingress-closure-audit-2026-06-28.md,2667,58,44,text,false,false,false,false
docs/implementation/seq-03-generation-runtime-windowed-owner-2026-06-28.md,5874,109,93,text,false,false,false,false
docs/implementation/seq-04-1-awbo-parse-hir-codec-2026-06-28.md,6052,150,106,text,false,false,false,false
docs/implementation/seq-04-2-persistent-query-read-through-soft-miss-2026-06-28.md,7705,165,124,text,false,false,false,false
docs/implementation/seq-04-3-persistent-query-write-through-buildsnapshot-2026-06-28.md,9076,158,105,text,false,false,false,false
docs/implementation/seq-04-4-cache-explain-query-evidence-2026-06-28.md,9796,235,185,text,false,false,false,false
docs/implementation/seq-04-5-interface-runtime-bytecode-link-reuse-2026-06-28.md,4497,86,54,text,false,false,false,false
docs/implementation/seq-04-6-module-aware-sema-typecheck-cache-gates-2026-06-29.md,2915,66,50,text,false,false,false,false
docs/implementation/seq-04-8-1-bytecode-link-actual-reuse-boundary-2026-06-30.md,4088,78,61,text,false,false,false,false
docs/implementation/seq-04-8-2-full-build-orchestration-actual-builder-integration-2026-06-30.md,6041,117,97,text,false,false,false,false
docs/implementation/seq-04-8-3-bytecode-link-producer-identity-closure-2026-07-01.md,3116,53,41,text,false,false,false,false
docs/implementation/seq-04-8-4-normal-build-cli-goldens-cache-evidence-2026-07-02.md,4286,96,74,text,false,false,false,false
docs/implementation/seq-04-8-bytecode-unit-link-plan-cache-gates-2026-06-29.md,2191,54,40,text,false,false,false,false
docs/implementation/seq-05.2.2-runtime-driver-task-ownership-2026-06-28.md,4954,93,76,text,false,false,false,false
docs/implementation/seq-05.4.1-mcp-repl-command-result-adapter-2026-06-29.md,3527,62,41,text,false,false,false,false
docs/implementation/seq-06-15-awchar-character-stage-runtime-lsp-2026-07-03.md,6312,118,94,text,false,false,false,false
docs/implementation/seq-06-16-player-rendered-text-submit-button-2026-07-03.md,2733,56,43,text,false,false,false,false
docs/implementation/seq-06-layout-capture-visual-goldens-2026-06-28.md,5821,121,103,text,false,false,false,false
docs/implementation/seq-06.10-cross-backend-text-raster-parity-2026-06-30.md,8203,228,169,text,false,false,false,false
docs/implementation/seq-06.10a-styled-paragraph-layout-2026-06-30.md,6033,112,81,text,false,false,false,false
docs/implementation/seq-06.10b-styled-paragraph-raster-evidence-closure-2026-07-01.md,6133,91,64,text,false,false,false,false
docs/implementation/seq-06.11a-css-computed-style-direct-paint-extractor-2026-06-30.md,3573,70,50,text,false,false,false,false
docs/implementation/seq-06.11b-view-scene-compositor-player-path-integration-2026-06-30.md,4395,96,76,text,false,false,false,false
docs/implementation/seq-06.12-css-layout-cascade-coverage-2026-07-02.md,2561,59,45,text,false,false,false,false
docs/implementation/seq-06.12-css-layout-cascade-future-work-2026-07-02.md,1175,20,19,text,false,false,false,false
docs/implementation/seq-06.13-css-motion-effects-coverage-2026-07-03.md,8327,207,155,text,false,false,false,false
docs/implementation/seq-06.13-css-motion-effects-coverage-matrix.md,4809,37,36,text,false,false,false,false
docs/implementation/seq-06.13b-box-shadow-and-blend-render-closure-2026-07-03.md,4501,88,71,text,false,false,false,false
docs/implementation/seq-06.13b-support-matrix.md,1321,16,15,text,false,false,false,false
docs/implementation/seq-06.13c-css-mask-clip-support-matrix.md,3113,27,26,text,false,false,false,false
docs/implementation/seq-06.13c-vector-clip-advanced-mask-render-closure-2026-07-03.md,7803,161,108,text,false,false,false,false
docs/implementation/seq-06.13d-css-box-shadow-lowering-2026-07-03.md,5581,148,109,text,false,false,false,false
docs/implementation/seq-06.13d-css-box-shadow-support-matrix.md,1889,19,18,text,false,false,false,false
docs/implementation/seq-06.13e-css-inset-box-shadow-rendering-2026-07-03.md,9257,197,148,text,false,false,false,false
docs/implementation/seq-06.13e-css-inset-box-shadow-support-matrix.md,2088,18,17,text,false,false,false,false
docs/implementation/seq-06.13e.1-inset-box-shadow-pinned-png-golden-promotion-2026-07-04.md,10955,178,145,text,false,false,false,false
docs/implementation/seq-06.13e.1.1-web-exact-png-readback-harness-2026-07-04.md,12756,232,194,text,false,false,false,false
docs/implementation/seq-06.13e.2-per-corner-elliptical-box-shadow-radius-contract-2026-07-04.md,11032,221,167,text,false,false,false,false
docs/implementation/seq-06.13e.2-per-corner-elliptical-box-shadow-radius-support-matrix.md,2796,21,20,text,false,false,false,false
docs/implementation/seq-06.16.4-modern-feedback-view-style-to-runtime-control-rendering-2026-07-04.md,9364,135,105,text,false,false,false,false
docs/implementation/seq-06.16.4.1-runtime-control-backdrop-filter-2026-07-04.md,7919,146,125,text,false,false,false,false
docs/implementation/seq-06.16.6-scoped-presentation-resource-handles-2026-07-06.md,10034,216,172,text,false,false,false,false
docs/implementation/seq-06.16.6.1-save-load-scoped-presentation-handles-2026-07-06.md,4392,85,59,text,false,false,false,false
docs/implementation/seq-06.4k.1.1-product-runtime-text-control-emission-2026-06-29.md,2807,63,49,text,false,false,false,false
docs/implementation/seq-06.4k.1.2-runtime-text-control-submit-writeback-2026-06-29.md,3122,68,54,text,false,false,false,false
docs/implementation/seq-06.5-selected-capture-resource-metadata-2026-06-28.md,4287,68,45,text,false,false,false,false
docs/implementation/seq-06.6-visual-smoke-golden-fixtures-2026-06-28.md,6741,145,115,text,false,false,false,false
docs/implementation/seq-06.7-exact-native-golden-drift-stabilization-2026-06-28.md,9435,230,176,text,false,false,false,false
docs/implementation/seq-06.7.1-exact-native-golden-baseline-promotion-review-2026-06-28/DECISION.md,2145,68,51,text,false,false,false,false
docs/implementation/seq-06.7.1-exact-native-golden-baseline-promotion-review-2026-06-28/IMPLEMENTATION.md,1630,37,28,text,false,false,false,false
docs/implementation/seq-06.7.1-exact-native-golden-baseline-promotion-review-2026-06-28/README.md,2158,38,31,text,false,false,false,false
docs/implementation/seq-06.7.1-exact-native-golden-baseline-promotion-review-2026-06-28/REQUEST.md,4781,133,100,text,false,false,false,false
docs/implementation/seq-06.7.1-exact-native-golden-baseline-promotion-review-2026-06-28/REVIEW.md,5898,144,107,text,false,false,false,false
docs/implementation/seq-06.7.1-exact-native-golden-baseline-promotion-review-2026-06-28/SHA256SUMS.txt,3284,28,28,text,false,false,false,false
docs/implementation/seq-06.7.1-exact-native-golden-baseline-promotion-review-2026-06-28/SOURCE_INVENTORY.md,4152,56,45,text,false,false,false,false
docs/implementation/seq-06.7.1-exact-native-golden-baseline-promotion-review-2026-06-28/docs/implementation/seq-06.7.1-exact-native-golden-baseline-promotion-review-2026-06-28.md,2208,57,44,text,false,false,false,false
docs/implementation/seq-06.7.1-exact-native-golden-baseline-promotion-review-2026-06-28/evidence/README.md,710,16,12,text,false,false,false,false
docs/implementation/seq-06.7.1-exact-native-golden-baseline-promotion-review-2026-06-28/evidence/candidate/vertical_tutr_golden.candidate.png.MISSING.md,581,16,11,text,false,false,false,false
docs/implementation/seq-06.7.1-exact-native-golden-baseline-promotion-review-2026-06-28/evidence/environment/package-generation.environment.json,513,19,19,text,false,false,false,false
docs/implementation/seq-06.7.1-exact-native-golden-baseline-promotion-review-2026-06-28/evidence/environment/pinned-run-not-executed.environment.json,2394,79,79,text,false,false,false,false
docs/implementation/seq-06.7.1-exact-native-golden-baseline-promotion-review-2026-06-28/evidence/environment/required-pinned-windows-run.expected.json,699,30,30,text,false,false,false,false
docs/implementation/seq-06.7.1-exact-native-golden-baseline-promotion-review-2026-06-28/evidence/imq/vertical_tutr_golden.imq.not-run.json,822,25,25,text,false,false,false,false
docs/implementation/seq-06.7.1-exact-native-golden-baseline-promotion-review-2026-06-28/evidence/imq/vertical_tutr_golden.seq06.6-drift.json,644,19,19,text,false,false,false,false
docs/implementation/seq-06.7.1-exact-native-golden-baseline-promotion-review-2026-06-28/evidence/observe/vertical_tutr_golden.observe.not-run.json,582,8,8,text,false,false,false,false
docs/implementation/seq-06.7.1-exact-native-golden-baseline-promotion-review-2026-06-28/evidence/source-snapshots/docs/implementation/fixture-regeneration.excerpt.md,693,13,10,text,false,false,false,false
docs/implementation/seq-06.7.1-exact-native-golden-baseline-promotion-review-2026-06-28/evidence/source-snapshots/docs/implementation/seq-06.7-exact-native-golden-drift-stabilization.excerpt.md,754,12,8,text,false,false,false,false
docs/implementation/seq-06.7.1-exact-native-golden-baseline-promotion-review-2026-06-28/evidence/source-snapshots/docs/implementation/test-execution-policy.excerpt.md,981,21,16,text,false,false,false,false
docs/implementation/seq-06.7.1-exact-native-golden-baseline-promotion-review-2026-06-28/evidence/source-snapshots/exact-native-golden-policy.json,6021,130,130,text,false,false,false,false
docs/implementation/seq-06.7.1-exact-native-golden-baseline-promotion-review-2026-06-28/evidence/source-snapshots/tests/fixtures/native_capture/README.excerpt.md,1015,9,7,test,false,true,false,false
docs/implementation/seq-06.7.1-exact-native-golden-baseline-promotion-review-2026-06-28/evidence/source-snapshots/tests/fixtures/native_capture/vertical_tutr_golden.arcw,515,20,17,test,false,true,false,false
docs/implementation/seq-06.7.1-exact-native-golden-baseline-promotion-review-2026-06-28/evidence/source-snapshots/vertical_tutr_golden.seq06.6-drift.json,644,19,19,text,false,false,false,false
docs/implementation/seq-06.7.1-exact-native-golden-baseline-promotion-review-2026-06-28/verification/VALIDATION.md,2204,76,58,text,false,false,false,false
docs/implementation/seq-06.7.1-exact-native-golden-baseline-promotion-review-2026-06-28.md,3846,96,74,text,false,false,false,false
docs/implementation/seq-06.7.2-exact-native-golden-baseline-promotion-2026-06-28.md,4473,105,80,text,false,false,false,false
docs/implementation/seq-06.8-visual-evidence-ci-integration-disabled-design-2026-06-28.md,6558,109,71,text,false,false,false,false
docs/implementation/seq-06.9a-ui-compositing-scene-contract-2026-06-29.md,6828,175,136,text,false,false,false,false
docs/implementation/seq-06.9b-wgpu-ui-compositor-effects-2026-06-29.md,6064,122,99,text,false,false,false,false
docs/implementation/seq-06.9c-compositing-capture-goldens-2026-06-29.md,3465,84,64,text,false,false,false,false
docs/implementation/seq-08-2-standard-iterator-intoiterator-on-trait-substrate-2026-07-03.md,4926,114,91,text,false,false,false,false
docs/implementation/seq05-0-agent-repl-runtime-tiers-dispatch-2026-06-28.md,2573,73,49,text,false,false,false,false
docs/implementation/seq05-4-2-1-mcp-lsp-cli-local-command-result-adapters-2026-06-29.md,3777,90,65,text,false,false,false,false
docs/implementation/seq05-4-2-cli-repl-inspection-debug-command-adapter-2026-06-29.md,5091,124,95,text,false,false,false,false
docs/implementation/seq05-4-3-lsp-repl-command-result-adapter-2026-06-30.md,5714,160,123,text,false,false,false,false
docs/implementation/seq05-4-repl-host-adapter-integration-2026-06-29.md,6628,122,85,text,false,false,false,false
docs/implementation/seq06-1-view-style-text-input-wgpu-substrate.md,4436,94,75,text,false,false,false,false
docs/implementation/seq06-11c-final-style-component-view-dsl-2026-07-03.md,3077,61,53,text,false,false,false,false
docs/implementation/seq06-16-8-cross-platform-clipboard-text-control-capability.md,7885,200,140,text,false,false,false,false
docs/implementation/seq06-2-takumi-css-scene-to-wgpu-lowering.md,6134,137,104,text,false,false,false,false
docs/implementation/seq06-3-platform-ime-adapters-textfield-session-integration.md,6728,134,110,text,false,false,false,false
docs/implementation/seq06-4a1-web-editcontext-player-owned-glue.md,3286,53,39,text,false,false,false,false
docs/implementation/seq06-4a2-web-editcontext-caret-geometry-selection.md,1935,22,15,text,false,false,false,false
docs/implementation/seq06-4a3-web-player-runtime-text-input-bridge.md,4066,100,76,text,false,false,false,false
docs/implementation/seq06-4a4-old-dom-ime-sample-historical.md,407,12,9,text,false,false,false,false
docs/implementation/seq06-4a4-web-ime-player-rendered-sample-2026-06-29.md,2748,62,49,text,false,false,false,false
docs/implementation/seq06-4abc-platform-text-input-adapters.md,5061,102,86,text,false,false,false,false
docs/implementation/seq06-4b-2-windows-tsf-real-ime-window-integration-closure.md,4507,94,73,text,false,false,false,false
docs/implementation/seq06-4c-2-macos-nstextinputclient-real-ime-window-integration-closure.md,2907,48,35,text,false,false,false,false
docs/implementation/seq06-4g-06-4a2-integrated-application-2026-06-28.md,3807,92,71,text,false,false,false,false
docs/implementation/seq06-4g-cross-platform-text-editing-behavior.md,2279,27,18,text,false,false,false,false
docs/implementation/seq06-4h-web-editcontext-real-ime-validation.md,4716,112,86,text,false,false,false,false
docs/implementation/seq06-4i-renderer-backed-text-editor-geometry.md,1579,25,20,text,false,false,false,false
docs/implementation/seq06-4j-1-cross-platform-native-ime-player-rendered-sample-and-validation-2026-06-29.md,2361,51,40,text,false,false,false,false
docs/implementation/seq06-4j-native-player-platform-text-input-bridge.md,9227,174,139,text,false,false,false,false
docs/implementation/seq06-4k-2-scene-windowed-owned-window-runtime-migration-2026-06-30.md,4953,71,53,text,false,false,false,false
docs/implementation/seq06-4k-player-text-input-windowed-path-convergence-2026-06-29.md,5536,112,84,text,false,false,false,false
docs/implementation/seq06-4k1-real-text-control-schema-to-prepared-frame-2026-06-29.md,4463,70,50,text,false,false,false,false
docs/implementation/seq06-ime-caret-selection-gap-analysis-2026-06-28.md,3320,63,51,text,false,false,false,false
docs/implementation/seq06-ime-css-font-sample-2026-06-28.md,3115,78,59,text,false,false,false,false
docs/implementation/seq06.14-responsive-stage-placement.md,7671,107,78,text,false,false,false,false
docs/implementation/seq06.17-focus-navigation-controller-dsl-2026-07-03.md,8148,142,98,text,false,false,false,false
docs/implementation/seq08-3-2-iterator-method-body-source-closure-2026-07-03.md,3280,54,36,text,false,false,false,false
docs/implementation/seq08-3-trait-method-body-runtime-dispatch-2026-07-03.md,4577,90,74,text,false,false,false,false
docs/implementation/solver-contracts-2026-06-23/README.md,2984,87,68,text,false,false,false,false
docs/implementation/solver-contracts-2026-06-23/STRUCTURAL_AUDIT.md,5109,80,65,text,false,false,false,false
docs/implementation/structural-audit-size-error-refactor-2026-07-04.md,4031,91,67,text,false,false,false,false
docs/implementation/structure-audit-2026-06-21/violations.md,17121,512,256,text,false,false,false,false
docs/implementation/structure-audit-audio-cpal-v3/violations.md,17507,524,262,text,false,false,false,false
docs/implementation/structure-audit-content-policy-rewrite-2026-06-23/violations.md,17702,528,265,text,false,false,false,false
docs/implementation/structure-audit-content-policy-stabilization-2026-06-23/violations.md,17704,530,265,text,false,false,false,false
docs/implementation/structure-audit-incremental-hot-swap-2026-06-23/violations.md,19503,582,292,text,false,false,false,false
docs/implementation/structure-audit-integrated-execution-2026-06-24/violations.md,19505,584,292,text,false,false,false,false
docs/implementation/structure-audit-layout-scaling-units-and-capture-2026-06-24/violations.md,19503,582,292,text,false,false,false,false
docs/implementation/structure-audit-persistent-file-grants-2026-06-22/violations.md,17702,528,265,text,false,false,false,false
docs/implementation/structure-audit-persistent-file-grants-redesign-ce9ea4-2026-06-23/violations.md,17702,528,265,text,false,false,false,false
docs/implementation/structure-audit-view-interaction-routing-2026-06-22/violations.md,17703,529,265,text,false,false,false,false
docs/implementation/structure-audit-web-sample-ui-2026-06-23/violations.md,18298,547,274,text,false,false,false,false
docs/implementation/structure-audits/call-select-unification-2026-07-08/violations.md,29966,894,448,text,false,false,false,false
docs/implementation/structure-audits/executable-runtime-core-2026-06-24/violations.md,19888,596,298,text,false,false,false,false
docs/implementation/structure-audits/function-enum-shorthand-2026-07-08/violations.md,30401,907,454,text,false,false,false,false
docs/implementation/structure-audits/function-expression-source-ranges-2026-07-08/violations.md,30402,908,454,text,false,false,false,false
docs/implementation/structure-audits/function-stack-apply-spread-runtime-substrate-2026-07-09/violations.md,30412,907,454,text,false,false,false,false
docs/implementation/structure-audits/function-stack-awbc-expression-apply-suspension-boundary-2026-07-09/violations.md,30412,907,454,text,false,false,false,false
docs/implementation/structure-audits/function-stack-closure-effect-callable-evidence-2026-07-09/violations.md,30804,919,460,text,false,false,false,false
docs/implementation/structure-audits/function-stack-closure-effect-row-lsp-hover-2026-07-09/violations.md,30804,919,460,text,false,false,false,false
docs/implementation/structure-audits/function-stack-closure-expected-effect-row-bound-2026-07-09/violations.md,30804,919,460,text,false,false,false,false
docs/implementation/structure-audits/function-stack-closure-expected-effect-row-lsp-hover-2026-07-09/violations.md,30804,919,460,text,false,false,false,false
docs/implementation/structure-audits/function-stack-data-last-callable-kind-partial-rejection-2026-07-09/violations.md,30401,907,454,text,false,false,false,false
docs/implementation/structure-audits/function-stack-data-last-fixed-spread-fallback-2026-07-09/violations.md,30412,907,454,text,false,false,false,false
docs/implementation/structure-audits/function-stack-data-last-unaccepted-source-call-rejection-2026-07-09/violations.md,30401,907,454,text,false,false,false,false
docs/implementation/structure-audits/function-stack-data-last-unsupported-source-partial-2026-07-09/violations.md,30412,907,454,text,false,false,false,false
docs/implementation/structure-audits/function-stack-effect-callable-report-api-2026-07-09/violations.md,30804,919,460,text,false,false,false,false
docs/implementation/structure-audits/function-stack-effect-row-artifact-closed-input-2026-07-09/violations.md,30400,906,454,text,false,false,false,false
docs/implementation/structure-audits/function-stack-effect-row-borrowed-capture-evidence-2026-07-09/violations.md,30412,907,454,text,false,false,false,false
docs/implementation/structure-audits/function-stack-effect-row-captured-function-aliases-2026-07-09/violations.md,30412,907,454,text,false,false,false,false
docs/implementation/structure-audits/function-stack-effect-row-closed-boundary-2026-07-09/violations.md,30401,907,454,text,false,false,false,false
docs/implementation/structure-audits/function-stack-effect-row-curried-higher-order-timing-2026-07-09/violations.md,30401,907,454,text,false,false,false,false
docs/implementation/structure-audits/function-stack-effect-row-lsp-hover-2026-07-09/violations.md,30400,906,454,text,false,false,false,false
docs/implementation/structure-audits/function-stack-effect-row-owned-report-2026-07-09/violations.md,30805,920,460,text,false,false,false,false
docs/implementation/structure-audits/function-stack-effect-row-partial-closure-timing-2026-07-09/violations.md,30401,907,454,text,false,false,false,false
docs/implementation/structure-audits/function-stack-effect-row-report-boundary-2026-07-09/violations.md,30400,906,454,text,false,false,false,false
docs/implementation/structure-audits/function-stack-effect-row-returned-closure-no-effect-2026-07-09/violations.md,30401,907,454,text,false,false,false,false
docs/implementation/structure-audits/function-stack-effect-trace-report-2026-07-09/violations.md,30400,906,454,text,false,false,false,false
docs/implementation/structure-audits/function-stack-expr-path-split-2026-07-09/violations.md,30804,919,460,text,false,false,false,false
docs/implementation/structure-audits/function-stack-function-type-effect-rows-2026-07-09/error-exception.md,1459,37,27,text,false,false,false,false
docs/implementation/structure-audits/function-stack-function-type-effect-rows-2026-07-09/violations.md,30793,919,460,text,false,false,false,false
docs/implementation/structure-audits/function-stack-function-value-fixed-spread-apply-2026-07-09/violations.md,30411,906,454,text,false,false,false,false
docs/implementation/structure-audits/function-stack-lsp-performed-effect-trace-2026-07-09/violations.md,30401,907,454,text,false,false,false,false
docs/implementation/structure-audits/function-stack-method-value-rejection-2026-07-09/violations.md,30401,907,454,text,false,false,false,false
docs/implementation/structure-audits/function-stack-non-helper-callable-kind-rejection-2026-07-09/violations.md,30412,907,454,text,false,false,false,false
docs/implementation/structure-audits/function-stack-pipe-control-expression-rhs-2026-07-09/violations.md,30413,908,454,text,false,false,false,false
docs/implementation/structure-audits/function-stack-prefix-source-partial-rejection-2026-07-09/violations.md,30401,907,454,text,false,false,false,false
docs/implementation/structure-audits/function-stack-signature-fixed-spread-apply-2026-07-09/violations.md,30412,907,454,text,false,false,false,false
docs/implementation/structure-audits/function-stack-source-function-exact-call-fixed-point-2026-07-09/violations.md,30412,907,454,text,false,false,false,false
docs/implementation/structure-audits/function-stack-source-function-pipe-bodies-2026-07-09/violations.md,30401,907,454,text,false,false,false,false
docs/implementation/structure-audits/function-stack-source-function-top-level-aliases-2026-07-09/violations.md,30400,906,454,text,false,false,false,false
docs/implementation/structure-audits/function-stack-source-function-type-effect-row-syntax-2026-07-09/violations.md,30804,919,460,text,false,false,false,false
docs/implementation/structure-audits/function-stack-source-function-unaccepted-source-call-rejection-2026-07-09/violations.md,30401,907,454,text,false,false,false,false
docs/implementation/structure-audits/function-stack-spread-contract-closure-2026-07-09/violations.md,30412,907,454,text,false,false,false,false
docs/implementation/structure-audits/function-stack-spread-rejection-boundary-2026-07-09/violations.md,30412,907,454,text,false,false,false,false
docs/implementation/structure-audits/function-stack-unsupported-bare-source-function-values-2026-07-09/violations.md,30412,907,454,text,false,false,false,false
docs/implementation/structure-audits/seq-01-1-through-01-3-2026-06-24/violations.md,19888,596,298,text,false,false,false,false
docs/implementation/structure-audits/seq-06-14-responsive-stage-placement-2026-07-03/violations.md,25891,774,388,text,false,false,false,false
docs/implementation/structure-audits/view-resource-rename-2026-07-08/violations.md,29976,896,448,text,false,false,false,false
docs/implementation/structure-refactor-2026-06-21.md,14752,247,228,text,false,false,false,false
docs/implementation/test-execution-policy.md,27459,432,360,text,false,false,false,false
docs/implementation/test-workspace-profile-2026-06-27.md,3623,90,70,text,false,false,false,false
docs/implementation/text-control-advanced-editing-and-web-glue-2026-07-08.md,2592,51,39,text,false,false,false,false
docs/implementation/text-control-selection-policy-2026-07-04.md,3577,68,58,text,false,false,false,false
docs/implementation/text-control-shaped-caret-geometry-2026-07-06.md,3615,61,53,text,false,false,false,false
docs/implementation/unit-number-image-decl-design-2026-06-27.md,6161,115,87,text,false,false,false,false
docs/implementation/unsafe-audit-cli-repair-path-convergence-2026-06-30.md,5086,99,80,text,false,false,false,false
docs/implementation/verifier-action-diagnostics-2026-06-29.md,3440,66,49,text,false,false,false,false
docs/implementation/verifier-obligation-insertion-spans-2026-06-29.md,4603,93,72,text,false,false,false,false
docs/implementation/vertical-longterm-design-20260612/Cargo.toml,419,20,17,text,false,false,false,false
docs/implementation/vertical-longterm-design-20260612/README.md,2002,45,33,text,false,false,false,false
docs/implementation/vertical-longterm-design-20260612/VALIDATION.md,832,23,17,text,false,false,false,false
docs/implementation/vertical-longterm-design-20260612/crates/arcweft-text-layout-design/Cargo.toml,266,13,11,text,false,false,false,false
docs/implementation/vertical-longterm-design-20260612/crates/arcweft-text-layout-design/src/hit_test.rs,1818,63,55,test,true,true,false,false
docs/implementation/vertical-longterm-design-20260612/crates/arcweft-text-layout-design/src/lib.rs,1086,25,17,production,true,false,false,false
docs/implementation/vertical-longterm-design-20260612/crates/arcweft-text-layout-design/src/line_break.rs,3862,135,113,production,true,false,false,true
docs/implementation/vertical-longterm-design-20260612/crates/arcweft-text-layout-design/src/model.rs,1557,50,41,production,true,false,false,false
docs/implementation/vertical-longterm-design-20260612/crates/arcweft-text-layout-design/src/pipeline.rs,4603,117,103,production,true,false,false,true
docs/implementation/vertical-longterm-design-20260612/crates/arcweft-text-layout-design/src/segmentation.rs,2299,62,51,production,true,false,false,true
docs/implementation/vertical-longterm-design-20260612/crates/arcweft-text-layout-design/src/shaping.rs,3770,111,95,production,true,false,false,true
docs/implementation/vertical-longterm-design-20260612/crates/arcweft-text-layout-design/src/style.rs,1977,80,67,production,true,false,false,false
docs/implementation/vertical-longterm-design-20260612/crates/arcweft-text-layout-design/src/unicode_orientation.rs,3158,91,77,production,true,false,false,true
docs/implementation/vertical-longterm-design-20260612/crates/glyphon-layout-ext-api/Cargo.toml,198,12,10,text,false,false,false,false
docs/implementation/vertical-longterm-design-20260612/crates/glyphon-layout-ext-api/src/color.rs,601,28,24,production,true,false,false,false
docs/implementation/vertical-longterm-design-20260612/crates/glyphon-layout-ext-api/src/geom.rs,5034,208,167,production,true,false,false,true
docs/implementation/vertical-longterm-design-20260612/crates/glyphon-layout-ext-api/src/glyph.rs,4657,167,137,production,true,false,false,true
docs/implementation/vertical-longterm-design-20260612/crates/glyphon-layout-ext-api/src/lib.rs,619,18,12,production,true,false,false,false
docs/implementation/vertical-longterm-design-20260612/crates/glyphon-layout-ext-api/src/renderer.rs,1049,35,25,production,true,false,false,false
docs/implementation/vertical-longterm-design-20260612/docs/adrs/ADR-001-glypharea-not-textarea-writing-mode.md,1254,44,30,text,false,false,false,false
docs/implementation/vertical-longterm-design-20260612/docs/adrs/ADR-002-engine-rotates-sideways-runs.md,948,36,24,text,false,false,false,false
docs/implementation/vertical-longterm-design-20260612/docs/adrs/ADR-003-layout-sans-io-renderer-gpu-adapter.md,984,37,25,text,false,false,false,false
docs/implementation/vertical-longterm-design-20260612/docs/algorithms/00-pipeline.md,4332,177,134,text,false,false,false,false
docs/implementation/vertical-longterm-design-20260612/docs/algorithms/01-segmentation-orientation.md,4352,152,117,text,false,false,false,false
docs/implementation/vertical-longterm-design-20260612/docs/algorithms/02-shaping-vertical-features.md,4739,173,134,text,false,false,false,false
docs/implementation/vertical-longterm-design-20260612/docs/algorithms/03-line-breaking-columns.md,3762,171,129,text,false,false,false,false
docs/implementation/vertical-longterm-design-20260612/docs/algorithms/04-ruby-text-combine.md,4210,171,130,text,false,false,false,false
docs/implementation/vertical-longterm-design-20260612/docs/algorithms/05-hit-testing-selection.md,3136,134,101,text,false,false,false,false
docs/implementation/vertical-longterm-design-20260612/docs/algorithms/06-cache-invalidation.md,3075,113,84,text,false,false,false,false
docs/implementation/vertical-longterm-design-20260612/docs/api/rust-api.md,5366,171,134,text,false,false,false,false
docs/implementation/vertical-longterm-design-20260612/docs/architecture.md,8301,255,203,text,false,false,false,false
docs/implementation/vertical-longterm-design-20260612/docs/arcweft-integration.md,3609,126,95,text,false,false,false,false
docs/implementation/vertical-longterm-design-20260612/docs/patches/glyphon-upstream-patch-sketch.md,2363,117,87,text,false,false,false,false
docs/implementation/vertical-longterm-design-20260612/docs/renderer-extension.md,3463,119,91,text,false,false,false,false
docs/implementation/vertical-longterm-design-20260612/docs/roadmap.md,1925,56,42,text,false,false,false,false
docs/implementation/vertical-longterm-design-20260612/examples/vertical_rl_dialogue_flow.md,1679,84,71,text,false,false,false,false
docs/implementation/vertical-text-implementation-policy.md,48629,687,676,text,false,false,false,false
docs/implementation/view-interaction-routing-2026-06-22.md,3485,71,58,text,false,false,false,false
docs/implementation/view-resource-rename-2026-07-08.md,9912,160,146,text,false,false,false,false
docs/implementation/visual-sample-review-issues/2026-06-15/README.md,18914,79,63,text,false,false,false,false
docs/implementation/visual-sample-review-issues/2026-06-15/capture-results.json,4512,131,131,text,false,false,false,false
docs/implementation/visual-sample-review-issues/2026-06-15/issue-011-html-ruby-baseline.html,1520,67,62,text,false,false,false,false
docs/implementation/visual-sample-review-issues/2026-06-15/issue-012-html-vertical-ruby-baseline-metrics.json,2062,89,89,text,false,false,false,false
docs/implementation/visual-sample-review-issues/2026-06-15/issue-012-html-vertical-ruby-baseline.html,2848,127,115,text,false,false,false,false
docs/implementation/visual-sample-review-issues/2026-06-15/issue-015-html-vertical-ruby-punctuation-baseline-metrics.json,3053,156,156,text,false,false,false,false
docs/implementation/visual-sample-review-issues/2026-06-15/issue-015-html-vertical-ruby-punctuation-baseline.html,4181,161,144,text,false,false,false,false
docs/implementation/visual-sample-review-issues/2026-06-16/README.md,1518,21,18,text,false,false,false,false
docs/implementation/visual-sample-review-issues/2026-06-16/horizontal-ruby-html-comparison.json,1753,79,79,text,false,false,false,false
docs/implementation/visual-sample-review-issues/2026-06-16/html-horizontal-ruby-reference-bboxes.json,3655,218,218,text,false,false,false,false
docs/implementation/visual-sample-review-issues/2026-06-16/html-horizontal-ruby-reference.html,1372,54,50,text,false,false,false,false
docs/implementation/visual-sample-review-issues/2026-06-17/README.md,50907,60,57,text,false,false,false,false
docs/implementation/visual-sample-review-issues/2026-06-18/README.md,7294,24,20,text,false,false,false,false
docs/implementation/visual-sample-review-issues/2026-06-18/proxy-hotspot-capture-metadata.json,2420,113,113,text,false,false,false,false
docs/implementation/visual-sample-review-issues/2026-06-18/proxy-param-choice-presentation-tree.json,18532,626,626,text,false,false,false,false
docs/implementation/warning-structured-diagnostics-2026-06-21.md,2617,58,45,text,false,false,false,false
docs/implementation/wasm-browser-native-runner-migration.md,7707,150,127,text,false,false,false,false
docs/implementation/zip-gap-audit-2026-06-21.md,21940,324,310,text,false,false,false,false
docs/implementation/zip-gap-open-items-2026-06-21.md,25553,459,413,text,false,false,false,false
docs/implementation/zip-gap-unimplemented-items-2026-06-22.md,24593,478,394,text,false,false,false,false
docs/implementation/zundamon-awchar-migration-plan.md,1281,45,34,text,false,false,false,false
docs/implementation/zundamon-observe-resolution-character-debug-2026-07-03.md,5086,125,94,text,false,false,false,false
docs/reviews/designs/2026-06-28-seq-06-layout-capture-visual-goldens.md,12584,271,217,text,false,false,false,false
docs/reviews/pro_review1.md,22527,670,495,text,false,false,false,false
docs/reviews/pro_review10.md,24274,938,713,text,false,false,false,false
docs/reviews/pro_review11.md,62235,3442,2511,text,false,false,false,false
docs/reviews/pro_review12.md,29045,1227,890,text,false,false,false,false
docs/reviews/pro_review13.md,5908,55,30,text,false,false,false,false
docs/reviews/pro_review14.md,23120,1097,800,text,false,false,false,false
docs/reviews/pro_review15.md,10303,149,109,text,false,false,false,false
docs/reviews/pro_review16.md,12802,207,139,text,false,false,false,false
docs/reviews/pro_review17.md,16331,338,235,text,false,false,false,false
docs/reviews/pro_review18.md,36984,1600,1192,text,false,false,false,false
docs/reviews/pro_review19.md,12828,330,247,text,false,false,false,false
docs/reviews/pro_review2.md,36930,1584,1139,text,false,false,false,false
docs/reviews/pro_review20.md,27174,1102,756,text,false,false,false,false
docs/reviews/pro_review21.md,42877,1439,1086,text,false,false,false,false
docs/reviews/pro_review22.md,16320,584,407,text,false,false,false,false
docs/reviews/pro_review23.md,11209,284,199,text,false,false,false,false
docs/reviews/pro_review24.md,8444,181,132,text,false,false,false,false
docs/reviews/pro_review25.md,17410,443,329,text,false,false,false,false
docs/reviews/pro_review26.md,17799,416,293,text,false,false,false,false
docs/reviews/pro_review27.md,6399,50,37,text,false,false,false,false
docs/reviews/pro_review28.md,13010,325,215,text,false,false,false,false
docs/reviews/pro_review29.md,20053,755,515,text,false,false,false,false
docs/reviews/pro_review3.md,34088,1381,1058,text,false,false,false,false
docs/reviews/pro_review30.md,56235,1247,839,text,false,false,false,false
docs/reviews/pro_review31.md,46223,2122,1613,text,false,false,false,false
docs/reviews/pro_review32.md,33065,697,519,text,false,false,false,false
docs/reviews/pro_review33.md,10452,286,200,text,false,false,false,false
docs/reviews/pro_review34.md,3261,78,65,text,false,false,false,false
docs/reviews/pro_review4.md,10703,511,368,text,false,false,false,false
docs/reviews/pro_review5.md,12919,89,58,text,false,false,false,false
docs/reviews/pro_review6.md,21204,824,586,text,false,false,false,false
docs/reviews/pro_review7.md,8514,62,42,text,false,false,false,false
docs/reviews/pro_review8.md,33623,915,683,text,false,false,false,false
docs/reviews/pro_review9.md,31989,1495,1089,text,false,false,false,false
docs/reviews/requests/2026-05-21-launch-profile-and-adapter-context.md,6976,221,163,text,false,false,false,false
docs/reviews/requests/2026-05-31-performance-improvement-advice.md,7992,196,153,text,false,false,false,false
docs/reviews/requests/2026-06-02-browser-webgpu-math-best-practices.md,6562,175,133,text,false,false,false,false
docs/reviews/requests/2026-06-24-awbc-executable-compact-table-design.md,5145,120,97,text,false,false,false,false
docs/reviews/requests/2026-06-24-code-generational-hot-swap-design.md,4311,104,84,text,false,false,false,false
docs/reviews/requests/2026-06-24-layout-fit-mode-coordinate-contract.md,2143,46,37,text,false,false,false,false
docs/reviews/requests/2026-06-24-layout-units-text-fitting-and-shared-capture.md,2049,45,36,text,false,false,false,false
docs/reviews/requests/2026-06-24-patch-target-manifest-signature-design.md,4955,117,93,text,false,false,false,false
docs/reviews/requests/2026-06-24-persistent-compiler-query-cache-design.md,5663,128,104,text,false,false,false,false
docs/reviews/requests/2026-06-24-product-resource-section-codecs-design.md,4805,112,88,text,false,false,false,false
docs/reviews/requests/2026-06-24-seq-01-executable-runtime-core.md,5916,158,124,text,false,false,false,false
docs/reviews/requests/2026-06-24-seq-01.1-runtime-plan-awbc-lowering.md,4694,109,85,text,false,false,false,false
docs/reviews/requests/2026-06-24-seq-01.2-compact-vm-and-parity-harness.md,4069,101,79,text,false,false,false,false
docs/reviews/requests/2026-06-24-seq-01.3-full-script-compiled-region-lowering.md,3529,93,72,text,false,false,false,false
docs/reviews/requests/2026-06-24-seq-01.4-runtime-driver-host-executor-migration.md,3554,92,70,text,false,false,false,false
docs/reviews/requests/2026-06-24-seq-01.5-product-awfb-bytecode-migration.md,11841,299,237,text,false,false,false,false
docs/reviews/requests/2026-06-24-seq-02-product-artifact-patch-signing.md,8032,183,146,text,false,false,false,false
docs/reviews/requests/2026-06-24-seq-03-generation-runtime-windowed-live-patch.md,6777,160,126,text,false,false,false,false
docs/reviews/requests/2026-06-24-seq-04-persistent-compiler-query-cache.md,6852,161,124,text,false,false,false,false
docs/reviews/requests/2026-06-24-seq-05-agent-repl-runtime-tiers.md,6000,149,114,text,false,false,false,false
docs/reviews/requests/2026-06-24-seq-06-layout-capture-visual-goldens.md,5231,138,104,text,false,false,false,false
docs/reviews/requests/2026-06-24-windowed-native-live-patch-design.md,5088,118,94,text,false,false,false,false
docs/reviews/requests/2026-06-25-seq-01.4.1-compact-awbc-runtime-step-parity.md,5184,102,83,text,false,false,false,false
docs/reviews/requests/2026-06-25-seq-01.6-product-awbc-build-parity-and-legacy-audit.md,12378,242,204,text,false,false,false,false
docs/reviews/requests/2026-06-25-seq-01.6.1-product-awbc-runtime-step-parity-closure.md,5278,128,93,text,false,false,false,false
docs/reviews/requests/2026-06-26-seq-01.6.2-product-awbc-audio-payload-parity.md,4682,95,79,text,false,false,false,false
docs/reviews/requests/2026-06-27-seq-02.1-common-resource-wire-codec-and-resource-codec-plan.md,5945,128,103,text,false,false,false,false
docs/reviews/requests/2026-06-27-seq-02.2-runtime-types-entrypoints-adapter-requirements-codecs.md,5014,116,93,text,false,false,false,false
docs/reviews/requests/2026-06-27-seq-02.3-content-presentation-entity-resource-codecs.md,4912,111,89,text,false,false,false,false
docs/reviews/requests/2026-06-27-seq-02.4-shader-ui-audio-debug-contract-resource-codecs.md,5027,115,93,text,false,false,false,false
docs/reviews/requests/2026-06-27-seq-02.4.1-view-style-text-input-resource-codec.md,4536,97,79,text,false,false,false,false
docs/reviews/requests/2026-06-27-seq-02.5-patch-v2-compatibility-and-materialization.md,5173,113,91,text,false,false,false,false
docs/reviews/requests/2026-06-27-seq-02.6-awfr-release-archive-and-external-payload-carrier.md,4549,109,86,text,false,false,false,false
docs/reviews/requests/2026-06-27-seq-02.7-signing-policy-redesign.md,4655,110,88,text,false,false,false,false
docs/reviews/requests/2026-06-27-seq-02.8-overlay-production-application.md,4346,102,80,text,false,false,false,false
docs/reviews/requests/2026-06-27-seq-06.1-view-style-text-input-wgpu-direct-rendering.md,3762,86,71,text,false,false,false,false
docs/reviews/requests/2026-06-27-seq-06.2-takumi-css-scene-to-wgpu-lowering.md,3834,80,66,text,false,false,false,false
docs/reviews/requests/2026-06-27-seq-06.3-platform-ime-adapters-and-textfield-session-integration.md,3852,84,70,text,false,false,false,false
docs/reviews/requests/2026-06-28-seq-02-6-02-7-follow-up-adapter-and-policy-wiring.md,1587,24,18,text,false,false,false,false
docs/reviews/requests/2026-06-28-seq-02.6-02.7-awfr-publish-trust-verifier-package.md,10454,207,178,text,false,false,false,false
docs/reviews/requests/2026-06-28-seq-02.8-final-overlay-production-application-package.md,10048,203,175,text,false,false,false,false
docs/reviews/requests/2026-06-28-seq-03-remaining-package-dispatch.md,3088,74,54,text,false,false,false,false
docs/reviews/requests/2026-06-28-seq-03.5-windowed-runtime-owner-scene-integration-package.md,4195,92,74,text,false,false,false,false
docs/reviews/requests/2026-06-28-seq-03.6-multi-entry-generation-runtime-api-package.md,3667,84,67,text,false,false,false,false
docs/reviews/requests/2026-06-28-seq-03.7-windowed-live-patch-smoke-fixtures-package.md,3382,81,64,text,false,false,false,false
docs/reviews/requests/2026-06-28-seq-03.8-windowed-live-patch-ingress-adapter-package.md,3988,87,70,text,false,false,false,false
docs/reviews/requests/2026-06-28-seq-03.8-windowed-live-patch-ingress-closure-audit-package.md,5636,136,107,text,false,false,false,false
docs/reviews/requests/2026-06-28-seq-04.1-awbo-parse-hir-codec-package.md,3259,79,62,text,false,false,false,false
docs/reviews/requests/2026-06-28-seq-04.2-persistent-query-read-through-soft-miss-package.md,2459,61,46,text,false,false,false,false
docs/reviews/requests/2026-06-28-seq-04.3-persistent-query-write-through-buildsnapshot-package.md,2383,62,47,text,false,false,false,false
docs/reviews/requests/2026-06-28-seq-04.4-cache-explain-query-evidence-package.md,1868,56,41,text,false,false,false,false
docs/reviews/requests/2026-06-28-seq-04.5-interface-runtime-bytecode-link-reuse-package.md,2701,64,49,text,false,false,false,false
docs/reviews/requests/2026-06-28-seq-05.0-agent-repl-runtime-tiers-dispatch-package.md,5024,136,96,text,false,false,false,false
docs/reviews/requests/2026-06-28-seq-05.1-repl-overlay-cell-transaction-package.md,9052,210,165,text,false,false,false,false
docs/reviews/requests/2026-06-28-seq-05.2-repl-commands-agent-runner-package.md,6978,187,147,text,false,false,false,false
docs/reviews/requests/2026-06-28-seq-05.2.1-repl-adapter-follow-up-package.md,8456,164,124,text,false,false,false,false
docs/reviews/requests/2026-06-28-seq-05.2.2-runtime-driver-task-ownership-adapter-package.md,2226,62,46,text,false,false,false,false
docs/reviews/requests/2026-06-28-seq-05.3-repl-executor-tiering-warm-codegen-package.md,6635,155,121,text,false,false,false,false
docs/reviews/requests/2026-06-28-seq-06.3.1-text-input-capability-contract.md,5484,119,95,text,false,false,false,false
docs/reviews/requests/2026-06-28-seq-06.3.2-text-input-offset-range-contract.md,5722,122,98,text,false,false,false,false
docs/reviews/requests/2026-06-28-seq-06.3.3-text-input-batch-serial-contract.md,5224,114,90,text,false,false,false,false
docs/reviews/requests/2026-06-28-seq-06.3.4-text-input-geometry-contract.md,5426,121,97,text,false,false,false,false
docs/reviews/requests/2026-06-28-seq-06.4a-web-editcontext-text-input-adapter-package.md,8388,180,150,text,false,false,false,false
docs/reviews/requests/2026-06-28-seq-06.4a.1-web-editcontext-player-owned-glue-package.md,6763,159,128,text,false,false,false,false
docs/reviews/requests/2026-06-28-seq-06.4a.2-web-editcontext-caret-geometry-selection-package.md,7065,160,133,text,false,false,false,false
docs/reviews/requests/2026-06-28-seq-06.4b-windows-tsf-text-input-adapter-package.md,7623,169,139,text,false,false,false,false
docs/reviews/requests/2026-06-28-seq-06.4b.1-windows-tsf-com-bootstrap-window-integration-package.md,6723,166,136,text,false,false,false,false
docs/reviews/requests/2026-06-28-seq-06.4b.2-windows-tsf-real-ime-window-integration-closure-package.md,7387,166,136,text,false,false,false,false
docs/reviews/requests/2026-06-28-seq-06.4c-macos-nstextinputclient-text-input-adapter-package.md,7685,170,140,text,false,false,false,false
docs/reviews/requests/2026-06-28-seq-06.4c.1-macos-appkit-window-integration-package.md,6393,154,124,text,false,false,false,false
docs/reviews/requests/2026-06-28-seq-06.4c.2-macos-nstextinputclient-real-ime-window-integration-closure-package.md,7340,164,134,text,false,false,false,false
docs/reviews/requests/2026-06-28-seq-06.4d-wayland-text-input-v3-adapter-package.md,7629,170,140,text,false,false,false,false
docs/reviews/requests/2026-06-28-seq-06.4e-android-inputconnection-adapter-package.md,8393,182,152,text,false,false,false,false
docs/reviews/requests/2026-06-28-seq-06.4f-ios-uitextinput-adapter-package.md,8101,180,150,text,false,false,false,false
docs/reviews/requests/2026-06-28-seq-06.4g-cross-platform-text-editing-behavior-package.md,7628,185,154,text,false,false,false,false
docs/reviews/requests/2026-06-28-seq-06.4h-web-editcontext-real-ime-validation-package.md,5918,149,120,text,false,false,false,false
docs/reviews/requests/2026-06-28-seq-06.4i-renderer-backed-text-editor-geometry-package.md,6278,151,123,text,false,false,false,false
docs/reviews/requests/2026-06-28-seq-06.5-selected-capture-resource-metadata-package.md,6267,156,126,text,false,false,false,false
docs/reviews/requests/2026-06-28-seq-06.6-visual-smoke-golden-fixtures-package.md,6266,159,129,text,false,false,false,false
docs/reviews/requests/2026-06-28-seq-06.7-exact-native-golden-drift-stabilization-package.md,7746,202,170,text,false,false,false,false
docs/reviews/requests/2026-06-28-seq-06.7.1-exact-native-golden-baseline-promotion-review-package.md,4781,133,100,text,false,false,false,false
docs/reviews/requests/2026-06-28-seq-06.8-visual-evidence-ci-integration-disabled-design-package.md,5024,135,103,text,false,false,false,false
docs/reviews/requests/2026-06-29-seq-02.10-remote-publication-backend-package.md,6068,162,128,text,false,false,false,false
docs/reviews/requests/2026-06-29-seq-02.9-release-trust-e2e-fixtures-package.md,6643,160,131,text,false,false,false,false
docs/reviews/requests/2026-06-29-seq-04.6-module-aware-sema-typecheck-cache-gates-package.md,6527,153,122,text,false,false,false,false
docs/reviews/requests/2026-06-29-seq-04.6.1-module-aware-sema-typecheck-reuse-boundary.md,1411,34,25,text,false,false,false,false
docs/reviews/requests/2026-06-29-seq-04.7-runtime-plan-unit-cache-reuse-package.md,5697,143,114,text,false,false,false,false
docs/reviews/requests/2026-06-29-seq-04.8-bytecode-unit-and-link-plan-cache-reuse-package.md,6295,155,124,text,false,false,false,false
docs/reviews/requests/2026-06-29-seq-05.4-repl-host-adapter-integration-package.md,11729,229,177,text,false,false,false,false
docs/reviews/requests/2026-06-29-seq-05.4.1-mcp-lsp-repl-command-result-adapters.md,2132,37,25,text,false,false,false,false
docs/reviews/requests/2026-06-29-seq-05.4.2-cli-repl-inspection-debug-command-adapter-package.md,16701,307,236,text,false,false,false,false
docs/reviews/requests/2026-06-29-seq-05.4.2.1-mcp-lsp-cli-local-command-result-adapters.md,1759,33,22,text,false,false,false,false
docs/reviews/requests/2026-06-29-seq-05.4.3-lsp-repl-command-result-adapter.md,1158,22,15,text,false,false,false,false
docs/reviews/requests/2026-06-29-seq-06.4a.3-web-player-runtime-text-input-bridge-package.md,12243,267,225,text,false,false,false,false
docs/reviews/requests/2026-06-29-seq-06.4a.4-web-ime-player-rendered-sample-package.md,11832,267,225,text,false,false,false,false
docs/reviews/requests/2026-06-29-seq-06.4j-native-player-platform-text-input-bridge-package.md,10809,226,189,text,false,false,false,false
docs/reviews/requests/2026-06-29-seq-06.4j.1-native-ime-player-rendered-sample-and-validation-package.md,18649,394,344,text,false,false,false,false
docs/reviews/requests/2026-06-29-seq-06.4k-player-text-input-windowed-path-convergence-package.md,15815,331,282,text,false,false,false,false
docs/reviews/requests/2026-06-29-seq-06.4k.1-real-text-control-schema-to-prepared-frame.md,2912,50,39,text,false,false,false,false
docs/reviews/requests/2026-06-29-seq-06.4k.1.1-product-runtime-text-control-emission.md,4326,80,59,text,false,false,false,false
docs/reviews/requests/2026-06-29-seq-06.4k.1.2-runtime-text-control-submit-writeback.md,3591,84,67,text,false,false,false,false
docs/reviews/requests/2026-06-29-seq-06.4k.2-scene-windowed-owned-window-runtime-migration.md,4132,73,58,text,false,false,false,false
docs/reviews/requests/2026-06-29-seq-06.9a-ui-compositing-scene-contract-package.md,3838,82,66,text,false,false,false,false
docs/reviews/requests/2026-06-29-seq-06.9b-wgpu-ui-compositor-effects-package.md,3648,82,66,text,false,false,false,false
docs/reviews/requests/2026-06-29-seq-06.9c-compositing-capture-goldens-package.md,2923,67,52,text,false,false,false,false
docs/reviews/requests/2026-06-29-seq-07.1-project-wide-typed-diagnostics-package.md,4157,107,85,text,false,false,false,false
docs/reviews/requests/2026-06-29-seq-07.2-verifier-action-diagnostics-package.md,3670,99,77,text,false,false,false,false
docs/reviews/requests/2026-06-30-seq-04.8.1-bytecode-link-actual-reuse-boundary.md,4326,98,78,text,false,false,false,false
docs/reviews/requests/2026-06-30-seq-04.8.2-full-build-orchestration-actual-builder-integration.md,6052,136,112,text,false,false,false,false
docs/reviews/requests/2026-06-30-seq-04.8.3-bytecode-link-producer-identity-closure.md,4847,125,98,text,false,false,false,false
docs/reviews/requests/2026-06-30-seq-04.8.4-normal-build-cli-goldens-cache-evidence.md,4255,104,83,text,false,false,false,false
docs/reviews/requests/2026-06-30-seq-06.10-cross-backend-text-raster-parity-package.md,4033,89,72,text,false,false,false,false
docs/reviews/requests/2026-06-30-seq-06.10a-styled-paragraph-layout-package.md,7826,169,144,text,false,false,false,false
docs/reviews/requests/2026-06-30-seq-06.10b-styled-paragraph-raster-evidence-closure.md,6668,133,111,text,false,false,false,false
docs/reviews/requests/2026-06-30-seq-06.11-reactive-view-authoring-style-resolution-package.md,5511,123,98,text,false,false,false,false
docs/reviews/requests/2026-06-30-seq-06.11a-css-computed-style-direct-paint-extractor-package.md,4730,124,97,text,false,false,false,false
docs/reviews/requests/2026-06-30-seq-06.11b-view-scene-compositor-player-path-integration-package.md,4240,116,92,text,false,false,false,false
docs/reviews/requests/2026-06-30-seq-06.12-css-layout-cascade-coverage-package.md,4341,121,97,text,false,false,false,false
docs/reviews/requests/2026-06-30-seq-06.13-css-motion-effects-coverage-package.md,3596,102,80,text,false,false,false,false
docs/reviews/requests/2026-06-30-seq-06.13a-clip-path-and-mask-render-closure-package.md,3740,115,91,text,false,false,false,false
docs/reviews/requests/2026-06-30-seq-06.13b-box-shadow-and-blend-render-closure-package.md,3281,99,77,text,false,false,false,false
docs/reviews/requests/2026-06-30-seq-07.3-verifier-obligation-proof-audit-insertion-spans-package.md,8301,186,154,text,false,false,false,false
docs/reviews/requests/2026-06-30-seq-07.3.1-unsafe-audit-cli-repair-path-convergence.md,4803,85,58,text,false,false,false,false
docs/reviews/requests/2026-07-02-seq-08.1-dsl-trait-impl-associated-type-substrate-package.md,9312,213,182,text,false,false,false,false
docs/reviews/requests/2026-07-02-seq-08.2-standard-iterator-intoiterator-on-trait-substrate-package.md,7190,176,145,text,false,false,false,false
docs/reviews/requests/2026-07-03-seq-06.10c-styled-paragraph-raster-drift-closure.md,4724,60,44,text,false,false,false,false
docs/reviews/requests/2026-07-03-seq-06.11c-final-style-component-view-dsl-package.md,7921,194,163,text,false,false,false,false
docs/reviews/requests/2026-07-03-seq-06.13c-vector-clip-and-advanced-mask-render-closure-package.md,4478,117,92,text,false,false,false,false
docs/reviews/requests/2026-07-03-seq-06.13d-css-box-shadow-lowering-package.md,4084,108,85,text,false,false,false,false
docs/reviews/requests/2026-07-03-seq-06.13e-css-inset-box-shadow-rendering-package.md,4650,116,96,text,false,false,false,false
docs/reviews/requests/2026-07-03-seq-06.14-responsive-stage-placement-package.md,4441,131,106,text,false,false,false,false
docs/reviews/requests/2026-07-03-seq-06.15-awchar-character-stage-runtime-lsp-package.md,5642,142,119,text,false,false,false,false
docs/reviews/requests/2026-07-03-seq-06.16-player-rendered-text-submit-button-package.md,3156,75,59,text,false,false,false,false
docs/reviews/requests/2026-07-03-seq-06.16.1-component-view-text-submit-button-lowering.md,5050,122,100,text,false,false,false,false
docs/reviews/requests/2026-07-03-seq-08.3-trait-method-body-runtime-dispatch.md,3472,89,70,text,false,false,false,false
docs/reviews/requests/2026-07-03-seq-08.3.1-awbc-trait-method-call-table-and-vm-closure.md,3144,75,57,text,false,false,false,false
docs/reviews/requests/2026-07-03-seq-08.3.2-iterator-method-body-source-closure.md,3679,92,73,text,false,false,false,false
docs/reviews/requests/2026-07-04-seq-06.13e.1-inset-box-shadow-pinned-png-golden-promotion.md,4082,93,72,text,false,false,false,false
docs/reviews/requests/2026-07-04-seq-06.13e.1.1-web-exact-png-readback-harness.md,4215,93,75,text,false,false,false,false
docs/reviews/requests/2026-07-04-seq-06.13e.2-per-corner-elliptical-box-shadow-radius-contract.md,4555,109,86,text,false,false,false,false
docs/reviews/requests/2026-07-04-seq-06.16.2-component-text-control-layout-bounds-resource-contract.md,4325,107,86,text,false,false,false,false
docs/reviews/requests/2026-07-04-seq-06.16.3-component-text-input-native-interactive-smoke.md,3842,93,72,text,false,false,false,false
docs/reviews/requests/2026-07-04-seq-06.16.4-modern-feedback-view-style-to-runtime-control-rendering.md,4600,113,90,text,false,false,false,false
docs/reviews/requests/2026-07-04-seq-06.16.4.1-runtime-control-backdrop-filter.md,3467,75,59,text,false,false,false,false
docs/reviews/requests/2026-07-04-seq-06.16.5-component-scoped-render-capture.md,3902,80,64,text,false,false,false,false
docs/reviews/requests/2026-07-04-seq-06.17-focus-navigation-controller-dsl-package.md,5662,142,119,text,false,false,false,false
docs/reviews/requests/2026-07-06-seq-06.16.6-scoped-presentation-resource-handles.md,3974,85,69,text,false,false,false,false
docs/reviews/requests/2026-07-06-seq-06.16.6.1-save-load-scoped-presentation-handles.md,7134,140,121,text,false,false,false,false
docs/reviews/requests/2026-07-06-seq-06.16.7-native-player-windows-tsf-ime-backend.md,4767,98,81,text,false,false,false,false
docs/reviews/requests/2026-07-06-seq-06.16.7.1-windows-ime-upstream-handling-investigation.md,5237,117,100,text,false,false,false,false
docs/reviews/requests/2026-07-07-seq-06.16.6.2-scroll-axis-virtualization-retained-content.md,4495,95,79,text,false,false,false,false
docs/reviews/requests/2026-07-07-seq-06.16.6.3-legacy-ui-crate-view-rename.md,4348,92,73,text,false,false,false,false
docs/reviews/requests/2026-07-07-seq-06.16.6.4-view-resource-naming-taxonomy-and-css-scroll-policy.md,8146,156,133,text,false,false,false,false
docs/reviews/requests/2026-07-07-seq-06.16.7.2-native-ime-glyph-range-overlap-root-cause-review.md,8383,199,155,text,false,false,false,false
docs/reviews/requests/2026-07-07-seq-07-function-closure-runtime-apply-capture-and-method-sugar.md,11282,204,179,text,false,false,false,false
docs/reviews/requests/2026-07-07-seq-07.1-function-stack-typed-expression-lowering-evidence.md,5414,108,91,text,false,false,false,false
docs/reviews/requests/2026-07-07-seq-07.2-function-stack-placeholder-inference-and-method-fallback.md,7880,145,130,text,false,false,false,false
docs/reviews/requests/2026-07-07-seq-07.2.1-function-stack-spread-partial-and-fallback-contract.md,10462,181,164,text,false,false,false,false
docs/reviews/requests/2026-07-07-seq-07.4-function-stack-capture-effect-lsp.md,10327,167,154,text,false,false,false,false
docs/reviews/requests/2026-07-07-seq-07.4.1-function-stack-expression-source-range-inlays.md,7001,140,118,text,false,false,false,false
docs/reviews/requests/2026-07-07-seq-07.5-function-stack-awbc-closure-apply.md,5702,111,96,text,false,false,false,false
docs/reviews/requests/2026-07-07-seq-07.6-relative-runtime-id-boundaries.md,2777,64,50,text,false,false,false,false
docs/reviews/requests/2026-07-08-seq-06.16.8-cross-platform-clipboard-text-control-capability.md,8627,175,148,text,false,false,false,false
docs/reviews/requests/2026-07-08-seq-07.7-function-stack-non-helper-callable-allocation.md,15037,264,243,text,false,false,false,false
docs/reviews/requests/2026-07-08-seq-07.8-function-stack-closure-effect-row-final-contract.md,11745,209,191,text,false,false,false,false
docs/schemas/README.md,1178,28,25,text,false,false,false,false
docs/schemas/adapter-manifest.md,3675,144,119,text,false,false,false,false
docs/schemas/agent-protocol.md,769,34,30,text,false,false,false,false
docs/schemas/audio-manifest.md,658,29,25,text,false,false,false,false
docs/schemas/capture-device-manifest.md,3181,147,124,text,false,false,false,false
docs/schemas/character-awchar.schema.json,5477,188,188,text,false,false,false,false
docs/schemas/character-manifest.md,1364,33,24,text,false,false,false,false
docs/schemas/compositing-capture-evidence.md,1212,23,18,text,false,false,false,false
docs/schemas/compositing-capture-evidence.schema.json,4098,107,107,text,false,false,false,false
docs/schemas/control-flow-manifest.md,1625,74,72,text,false,false,false,false
docs/schemas/device-io-manifest.md,2570,115,97,text,false,false,false,false
docs/schemas/device-manifest.md,3687,212,173,text,false,false,false,false
docs/schemas/device-profile-manifest.md,4207,200,173,text,false,false,false,false
docs/schemas/dialogue-line-manifest.md,6697,260,218,text,false,false,false,false
docs/schemas/error-trace-manifest.md,1727,91,83,text,false,false,false,false
docs/schemas/graph-patch.md,664,34,32,text,false,false,false,false
docs/schemas/hook-manifest.md,1783,80,72,text,false,false,false,false
docs/schemas/layer-manifest.md,1868,86,74,text,false,false,false,false
docs/schemas/layer-tree.md,3158,135,112,text,false,false,false,false
docs/schemas/localization-catalog.md,2072,71,56,text,false,false,false,false
docs/schemas/memo-cache.md,2311,103,84,text,false,false,false,false
docs/schemas/module-manifest.md,528,24,21,text,false,false,false,false
docs/schemas/product-awfb-awbc-v1.json,642,31,31,text,false,false,false,false
docs/schemas/textbox-manifest.md,1259,58,49,text,false,false,false,false
docs/schemas/usb-device-manifest.md,2450,94,78,text,false,false,false,false
docs/schemas/virtual-controller-manifest.md,2050,88,72,text,false,false,false,false
examples/verification/solver-contracts/README.md,1706,49,37,text,false,false,false,false
examples/verification/solver-contracts/mutants.arcw,990,41,35,text,false,false,false,false
examples/verification/solver-contracts/valid.arcw,1146,45,38,text,false,false,false,false
examples/view-interaction-routing/runnable/confirmation-dialog.arcw,542,22,18,text,false,false,false,false
examples/view-interaction-routing/runnable/inventory-menu.arcw,1510,58,49,text,false,false,false,false
examples/view-interaction-routing/runnable/keyboard-focus-list.arcw,862,23,20,text,false,false,false,false
examples/view-interaction-routing/runnable/settings-menu.arcw,1610,51,44,text,false,false,false,false
examples/view-interaction-routing/view-surface/confirmation-dialog.arcw,968,26,26,text,false,false,false,false
examples/view-interaction-routing/view-surface/inventory-grid.arcw,672,17,17,text,false,false,false,false
examples/view-interaction-routing/view-surface/settings-panel.arcw,842,24,24,text,false,false,false,false
examples/view-interaction-routing/view-surface/toolbar.arcw,611,15,15,text,false,false,false,false
fixtures/awchar/zundamon-mini.awchar/character.awchar.json,3411,167,167,text,false,false,false,false
fixtures/css-layout-cascade-coverage/computed-style-compact.json,1173,36,36,text,false,false,false,false
fixtures/css-layout-cascade-coverage/computed-style-default.json,1652,50,50,text,false,false,false,false
fixtures/css-layout-cascade-coverage/computed-style-hidpi.json,1186,36,36,text,false,false,false,false
fixtures/css-layout-cascade-coverage/coverage.css,991,63,52,text,false,false,false,false
fixtures/css-layout-cascade-coverage/unsupported-diagnostics.expected.json,440,17,17,text,false,false,false,false
fixtures/css-layout-cascade-coverage/visual-smoke-manifest.json,1239,26,26,text,false,false,false,false
fixtures/css-style-parity-evidence/example-text-raster-default.json,812,32,32,text,false,false,false,false
fixtures/css-style-parity-evidence/example-web-default.frame.json,3181,109,109,text,false,false,false,false
fixtures/diagnostics/project-wide/EXPECTED.md,732,9,6,text,false,false,false,false
fixtures/diagnostics/project-wide/arcw.toml,60,2,2,text,false,false,false,false
fixtures/diagnostics/project-wide/src/main.arcw,111,11,9,text,false,false,false,false
fixtures/diagnostics/project-wide/src/routes/opening.arcw,50,4,3,text,false,false,false,false
fixtures/diagnostics/verifier-actions/README.md,433,9,6,text,false,false,false,false
fixtures/diagnostics/verifier-actions/agent-report.json,1320,55,55,text,false,false,false,false
fixtures/diagnostics/verifier-actions/lsp-code-actions.json,784,38,38,text,false,false,false,false
fixtures/diagnostics/verifier-actions/missing-proof.arcw,108,5,4,text,false,false,false,false
fixtures/diagnostics/verifier-actions/missing-proof.expected.txt,603,13,10,text,false,false,false,false
fixtures/diagnostics/verifier-actions/missing-unsafe-audit.arcw,142,6,6,text,false,false,false,false
fixtures/diagnostics/verifier-actions/missing-unsafe-audit.expected.txt,944,19,14,text,false,false,false,false
fixtures/iterator-witness/branch-mismatch.arcw,266,16,14,text,false,false,false,false
fixtures/iterator-witness/invalid-nested-assignment.arcw,203,16,13,text,false,false,false,false
fixtures/iterator-witness/user-defined.arcw,790,44,37,text,false,false,false,false
fixtures/macos-nstextinputclient/appkit-evidence.json,1005,42,42,text,false,false,false,false
fixtures/macos-nstextinputclient/committed-insert.json,301,15,15,text,false,false,false,false
fixtures/macos-nstextinputclient/delayed-focus-generation.json,246,7,7,text,false,false,false,false
fixtures/macos-nstextinputclient/first-rect-coordinate.json,414,18,18,text,false,false,false,false
fixtures/macos-nstextinputclient/invalid-nsnotfound.json,441,21,21,text,false,false,false,false
fixtures/macos-nstextinputclient/marked-text-update.json,618,26,26,text,false,false,false,false
fixtures/macos-nstextinputclient/replacement-selected-range.json,371,20,20,text,false,false,false,false
fixtures/macos-nstextinputclient/secure-redaction.json,389,17,17,text,false,false,false,false
fixtures/macos-nstextinputclient/unmark-cancel.json,236,13,13,text,false,false,false,false
fixtures/macos-nstextinputclient-real-ime/README.md,852,20,15,text,false,false,false,false
fixtures/macos-nstextinputclient-real-ime/capture-instructions.md,1130,23,18,text,false,false,false,false
fixtures/macos-nstextinputclient-real-ime/trace-schema.json,1375,49,49,text,false,false,false,false
fixtures/native-golden-drift/README.md,580,12,9,text,false,false,false,false
fixtures/native-golden-drift/vertical_tutr_golden.seq06.6-drift.json,644,19,19,text,false,false,false,false
fixtures/native-golden-drift/vertical_tutr_golden.seq06.7.2-promotion.json,2095,53,53,text,false,false,false,false
fixtures/native-text-input-trace/expected-schema.json,490,24,24,text,false,false,false,false
fixtures/persistent-cache-build/seq04-8-2/README.md,1236,31,22,text,false,false,false,false
fixtures/persistent-cache-build/seq04-8-2/expected-cache-explain-actual-hit-snippet.json,531,15,15,text,false,false,false,false
fixtures/persistent-cache-build/seq04-8-2/expected-second-build-cache-snippet.json,773,25,25,text,false,false,false,false
fixtures/persistent-cache-build/seq04-8-4/README.md,1005,23,17,text,false,false,false,false
fixtures/persistent-cache-build/seq04-8-4/goldens/cache-explain-bytecode-unit.json,748,27,27,text,false,false,false,false
fixtures/persistent-cache-build/seq04-8-4/goldens/cache-explain-conservative-bytecode-unit.json,1058,32,32,text,false,false,false,false
fixtures/persistent-cache-build/seq04-8-4/goldens/cache-explain-link-plan.json,720,27,27,text,false,false,false,false
fixtures/persistent-cache-build/seq04-8-4/goldens/corrupt-record-soft-miss.json,1045,44,44,text,false,false,false,false
fixtures/persistent-cache-build/seq04-8-4/goldens/normal-build-cli.json,3495,141,141,text,false,false,false,false
fixtures/persistent-cache-build/seq04-8-4/goldens/normal-conservative-build-cli.json,7811,206,206,text,false,false,false,false
fixtures/persistent-cache-build/seq04-8-4/normal-conservative-multi/arcw.toml,48,2,2,text,false,false,false,false
fixtures/persistent-cache-build/seq04-8-4/normal-conservative-multi/src/main.arcw,105,11,9,text,false,false,false,false
fixtures/persistent-cache-build/seq04-8-4/normal-conservative-multi/src/support.arcw,55,5,4,text,false,false,false,false
fixtures/persistent-cache-build/seq04-8-4/normal-single/arcw.toml,48,2,2,text,false,false,false,false
fixtures/persistent-cache-build/seq04-8-4/normal-single/src/main.arcw,105,11,9,text,false,false,false,false
fixtures/persistent-cache-bytecode-link/README.md,864,22,17,text,false,false,false,false
fixtures/persistent-cache-bytecode-link/expected-cache-explain.json,459,13,13,text,false,false,false,false
fixtures/persistent-cache-bytecode-link/main.arcw,91,7,6,text,false,false,false,false
fixtures/persistent-cache-bytecode-link/seq04-8-1/README.md,640,9,6,text,false,false,false,false
fixtures/persistent-cache-bytecode-link/seq04-8-1/equivalence-manifest.json,736,16,16,text,false,false,false,false
fixtures/persistent-cache-typecheck/README.md,775,21,16,text,false,false,false,false
fixtures/persistent-cache-typecheck/cache-explain-typecheck-gate-hit-then-rebuilt.json,376,14,14,text,false,false,false,false
fixtures/persistent-cache-typecheck/dep.arcw,40,3,3,text,false,false,false,false
fixtures/persistent-cache-typecheck/main.arcw,73,6,5,text,false,false,false,false
fixtures/release-trust/README.md,696,17,12,text,false,false,false,false
fixtures/release-trust/keys/README.md,374,7,6,text,false,false,false,false
fixtures/release-trust/matrix.json,2965,117,117,text,false,false,false,false
fixtures/repl-adapters/README.md,248,3,2,text,false,false,false,false
fixtures/repl-adapters/cancel-read-only.json,395,20,20,text,false,false,false,false
fixtures/repl-adapters/formatter-summary.txt,244,1,1,text,false,false,false,false
fixtures/repl-adapters/read-only-cell.stderr.txt,173,2,2,text,false,false,false,false
fixtures/repl-adapters/tasks-unsupported.json,412,19,19,text,false,false,false,false
fixtures/repl-adapters/typed-help.stdout.txt,146,1,1,text,false,false,false,false
fixtures/repl-adapters/warm-tiering-unavailable.txt,135,2,2,text,false,false,false,false
fixtures/repl-cli-inspection-debug/README.md,775,12,10,text,false,false,false,false
fixtures/repl-cli-inspection-debug/human-output-cli-families.txt,800,21,20,text,false,false,false,false
fixtures/repl-cli-inspection-debug/json-output-cli-families.json,1890,91,91,text,false,false,false,false
fixtures/repl-cli-inspection-debug/malformed-cli-command.json,224,10,10,text,false,false,false,false
fixtures/repl-cli-inspection-debug/parser-stage-cli-command.json,234,10,10,text,false,false,false,false
fixtures/repl-cli-inspection-debug/parser-stage-shared-command.json,206,9,9,text,false,false,false,false
fixtures/repl-cli-inspection-debug/read-only-trace-rejection.json,365,16,16,text,false,false,false,false
fixtures/repl-cli-inspection-debug/shared-result-preservation.json,263,13,13,text,false,false,false,false
fixtures/repl-cli-inspection-debug/unknown-command.json,292,10,10,text,false,false,false,false
fixtures/repl-host-adapters/all-evidence-json.json,2319,19,19,text,false,false,false,false
fixtures/repl-host-adapters/read-only-cancel-rejection.json,203,1,1,text,false,false,false,false
fixtures/repl-host-adapters/tasks-active.json,287,1,1,text,false,false,false,false
fixtures/repl-host-adapters/tasks-no-session.json,164,1,1,text,false,false,false,false
fixtures/repl-host-adapters/warm-codegen-unsupported.json,398,1,1,text,false,false,false,false
fixtures/responsive-stage-placement/conflicting-placement.arcw,748,39,34,text,false,false,false,false
fixtures/responsive-stage-placement/evidence/observe-1280x720.json,1664,91,91,text,false,false,false,false
fixtures/responsive-stage-placement/evidence/observe-1920x1080-dpr2.json,1671,91,91,text,false,false,false,false
fixtures/responsive-stage-placement/evidence/observe-1920x1080.json,1670,91,91,text,false,false,false,false
fixtures/responsive-stage-placement/evidence/observe-2560x1440.json,1670,91,91,text,false,false,false,false
fixtures/responsive-stage-placement/evidence/summary.json,2724,116,116,text,false,false,false,false
fixtures/responsive-stage-placement/high-dpi.arcw,599,21,18,text,false,false,false,false
fixtures/responsive-stage-placement/stand-top-right.arcw,538,24,22,text,false,false,false,false
fixtures/selected-capture-metadata/README.md,593,8,6,text,false,false,false,false
fixtures/selected-capture-metadata/layer-mask-resource.json,3473,160,160,text,false,false,false,false
fixtures/selected-capture-metadata/mcp-resource-list-descriptor.json,3977,166,166,text,false,false,false,false
fixtures/selected-capture-metadata/mcp-resource-read-blob.json,4404,168,168,text,false,false,false,false
fixtures/selected-capture-metadata/object-color-resource.json,3884,172,172,text,false,false,false,false
fixtures/seq-06.13-visual-smoke-golden-instructions.md,2231,74,56,text,false,false,false,false
fixtures/traits/err-ambiguous-method.arcw,272,21,16,text,false,false,false,false
fixtures/traits/err-associated-type-default.arcw,76,4,4,text,false,false,false,false
fixtures/traits/err-duplicate-impl.arcw,330,18,15,text,false,false,false,false
fixtures/traits/err-gat-deferred.arcw,76,4,4,text,false,false,false,false
fixtures/traits/err-missing-associated-type.arcw,215,14,12,text,false,false,false,false
fixtures/traits/err-missing-required-method.arcw,175,12,10,text,false,false,false,false
fixtures/traits/err-overlap-generic.arcw,293,18,15,text,false,false,false,false
fixtures/traits/ok-associated-type-projection.arcw,375,23,19,text,false,false,false,false
fixtures/traits/ok-basic-trait-impl.arcw,351,21,17,text,false,false,false,false
fixtures/visual-smoke-goldens/README.md,896,19,15,text,false,false,false,false
fixtures/visual-smoke-goldens/exact-native-golden-policy.json,6021,130,130,text,false,false,false,false
fixtures/visual-smoke-goldens/selected-layer-smoke-metadata.json,2868,132,132,text,false,false,false,false
fixtures/visual-smoke-goldens/selected-object-smoke-metadata.json,2583,106,106,text,false,false,false,false
fixtures/visual-smoke-goldens/seq06.13e.1-inset-box-shadow-exact-png-policy.json,9407,198,198,text,false,false,false,false
fixtures/web-editcontext/browser_metadata.json,540,11,11,text,false,false,false,false
fixtures/web-editcontext/composition_preedit_commit.json,987,47,47,text,false,false,false,false
fixtures/web-editcontext/editcontext_absent_unsupported.json,519,22,22,text,false,false,false,false
fixtures/web-editcontext/editcontext_present_activation.json,652,29,29,text,false,false,false,false
fixtures/web-editcontext/geometry_after_scroll_transform.json,1102,56,56,text,false,false,false,false
fixtures/web-editcontext/invalid_range_rejection.json,567,24,24,text,false,false,false,false
fixtures/web-editcontext/no_fallback_source_gate.json,572,24,24,text,false,false,false,false
fixtures/web-editcontext/secure_redaction.json,876,36,36,text,false,false,false,false
fixtures/web-editcontext/utf16_surrogate_replacement_delete.json,972,50,50,text,false,false,false,false
fixtures/web-editcontext-real-ime/README.md,448,8,6,text,false,false,false,false
fixtures/web-editcontext-real-ime/blocked-headless-chromium-2026-06-28.json,1211,36,36,text,false,false,false,false
fixtures/web-editcontext-real-ime/manual-session-template.json,833,28,28,text,false,false,false,false
fixtures/web-editcontext-real-ime/trace-schema.json,2355,119,119,text,false,false,false,false
fixtures/web-editcontext-real-ime/unsupported-browser-synthetic.json,1172,45,45,text,false,false,false,false
fixtures/web-editcontext-runtime-bridge/README.md,1753,30,23,text,false,false,false,false
fixtures/web-editcontext-runtime-bridge/evidence-schema.json,734,24,24,text,false,false,false,false
fixtures/web-editcontext-runtime-bridge/main.arcw,1076,39,30,text,false,false,false,false
fixtures/web-ime-player-rendered/view-runtime-text-controls.json,3040,127,127,text,false,false,false,false
fixtures/windows-tsf/acp-surrogate-pair.json,396,22,22,text,false,false,false,false
fixtures/windows-tsf/composition-commit.json,628,32,32,text,false,false,false,false
fixtures/windows-tsf/display-attributes.json,865,38,38,text,false,false,false,false
fixtures/windows-tsf/edit-session-grouping.json,483,21,21,text,false,false,false,false
fixtures/windows-tsf/focus-generation-change.json,508,23,23,text,false,false,false,false
fixtures/windows-tsf/geometry-clipped-no-layout.json,553,32,32,text,false,false,false,false
fixtures/windows-tsf/invalid-acp-range-diagnostic.json,461,22,22,text,false,false,false,false
fixtures/windows-tsf/reconversion-facts.json,709,27,27,text,false,false,false,false
fixtures/windows-tsf/secure-redaction.json,590,25,25,text,false,false,false,false
fixtures/windows-tsf-real-ime/CAPTURE_STATUS.md,1147,25,19,text,false,false,false,false
fixtures/windows-tsf-real-ime/expected-microsoft-japanese-ime-hiragana.trace.json,3010,147,147,text,false,false,false,false
fixtures/windows-tsf-real-ime/manual-capture-steps.md,1420,27,23,text,false,false,false,false
fixtures/windows-tsf-real-ime/schema.json,2746,130,130,text,false,false,false,false
samples/README.md,2172,38,35,text,false,false,false,false
samples/agent-script/action-target-fields.awfagent,344,13,11,text,false,false,false,false
samples/agent-script/assertions-smoke.awfagent,262,12,10,text,false,false,false,false
samples/agent-script/cli-advance-text-smoke.awfagent,139,7,7,text,false,false,false,false
samples/agent-script/cli-attach-capture-smoke.awfagent,341,14,14,text,false,false,false,false
samples/agent-script/cli-attach-resource-smoke.awfagent,306,9,9,text,false,false,false,false
samples/agent-script/cli-budget-smoke.awfagent,337,17,17,text,false,false,false,false
samples/agent-script/cli-capture-smoke.awfagent,240,12,12,text,false,false,false,false
samples/agent-script/cli-composite-wait-smoke.awfagent,309,12,12,text,false,false,false,false
samples/agent-script/cli-pointer-click-smoke.awfagent,288,11,11,text,false,false,false,false
samples/agent-script/cli-read-resource-metadata-smoke.awfagent,510,12,12,text,false,false,false,false
samples/agent-script/cli-read-resource-smoke.awfagent,281,8,8,text,false,false,false,false
samples/agent-script/cli-read-resource-value-smoke.awfagent,242,7,7,text,false,false,false,false
samples/agent-script/cli-run-smoke.awfagent,123,7,7,text,false,false,false,false
samples/agent-script/cli-state-wait-smoke.awfagent,417,17,17,text,false,false,false,false
samples/agent-script/failure-investigation.awfagent,1296,47,40,text,false,false,false,false
samples/agent-script/native-advance-text-game.awfagent,191,11,8,text,false,false,false,false
samples/agent-script/native-choice-dispatch.arcw,622,24,19,text,false,false,false,false
samples/agent-script/native-choice-dispatch.awfagent,542,25,20,text,false,false,false,false
samples/agent-script/native-entity-meta.awfagent,379,14,12,text,false,false,false,false
samples/agent-script/native-flow-wait-smoke.awfagent,237,7,7,text,false,false,false,false
samples/agent-script/native-invoke-action.awfagent,237,11,8,text,false,false,false,false
samples/agent-script/native-project-graph-relations.arcw,211,15,12,text,false,false,false,false
samples/agent-script/native-project-graph-relations.awfagent,490,16,13,text,false,false,false,false
samples/agent-script/native-project-index.arcw,205,10,8,text,false,false,false,false
samples/agent-script/native-project-neighbors.awfagent,567,20,16,text,false,false,false,false
samples/agent-script/native-visual-regression.arcw,396,22,16,text,false,false,false,false
samples/agent-script/opening-smoke.awfagent,1137,49,44,text,false,false,false,false
samples/agent-script/repl-connect-smoke.txt,221,9,8,text,false,false,false,false
samples/agent-script/repl-inspection-smoke.txt,285,13,12,text,false,false,false,false
samples/agent-script/repl-live-binding-smoke.txt,293,11,10,text,false,false,false,false
samples/agent-script/repl-physical-pointer-smoke.txt,77,2,2,text,false,false,false,false
samples/agent-script/repl-smoke.txt,186,10,9,text,false,false,false,false
samples/agent-script/repl-trace-readonly-smoke.txt,178,7,6,text,false,false,false,false
samples/agent-script/visual-regression.awfagent,934,42,37,text,false,false,false,false
samples/css-layout-cascade-coverage/README.md,465,14,10,text,false,false,false,false
samples/css-layout-cascade-coverage/main.arcw,1107,39,34,text,false,false,false,false
samples/css-style-parity/README.md,1395,34,25,text,false,false,false,false
samples/css-style-parity/main.arcw,3460,114,97,text,false,false,false,false
samples/desktop-capabilities.arcw,372,15,13,text,false,false,false,false
samples/desktop-owned-window-close.arcw,276,10,9,text,false,false,false,false
samples/desktop-owned-window-demo.arcw,1992,66,49,text,false,false,false,false
samples/focus-navigation-controller-dsl/README.md,900,17,13,text,false,false,false,false
samples/focus-navigation-controller-dsl/arcw.toml,123,7,6,text,false,false,false,false
samples/focus-navigation-controller-dsl/src/main.arcw,1629,53,42,text,false,false,false,false
samples/function-curried-call-groups/README.md,537,15,11,text,false,false,false,false
samples/function-curried-call-groups/arcw.toml,119,7,6,text,false,false,false,false
samples/function-curried-call-groups/src/main.arcw,384,20,16,text,false,false,false,false
samples/image-animation.arcw,4610,171,136,text,false,false,false,false
samples/ime-css-fonts/README.md,2131,75,53,text,false,false,false,false
samples/modern-feedback-view/README.md,1889,51,39,text,false,false,false,false
samples/modern-feedback-view/arcw.toml,221,14,11,text,false,false,false,false
samples/modern-feedback-view/src/main.arcw,6895,229,197,text,false,false,false,false
samples/native-text-input/README.md,1068,27,20,text,false,false,false,false
samples/native-text-input/arcw.toml,109,7,6,text,false,false,false,false
samples/native-text-input/src/main.arcw,3101,112,93,text,false,false,false,false
samples/reactive-view-style/.arcweft/content/view.program.json,1021,39,39,text,false,false,false,false
samples/reactive-view-style/.arcweft/content/view.style.json,5733,299,299,text,false,false,false,false
samples/reactive-view-style/.arcweft/content/view.text.json,702,36,36,text,false,false,false,false
samples/reactive-view-style/README.md,1317,30,22,text,false,false,false,false
samples/reactive-view-style/src/main.arcw,2140,65,57,text,false,false,false,false
samples/reactive-view-style/styles/reactive-view.css,580,30,25,text,false,false,false,false
samples/rich-text-effects-animation.arcw,4668,98,86,text,false,false,false,false
samples/rich-text-full-grammar.arcw,5699,127,108,text,false,false,false,false
samples/rich-text-profiled/README.md,1285,20,16,text,false,false,false,false
samples/rich-text-profiled/arcw.toml,264,13,11,text,false,false,false,false
samples/rich-text-profiled/src/main.arcw,1312,69,62,text,false,false,false,false
samples/rich-text-showcase.arcw,3491,117,103,text,false,false,false,false
samples/rich-text-windows-fonts.arcw,2937,101,89,text,false,false,false,false
samples/text-submit-flow/README.md,2089,59,44,text,false,false,false,false
samples/text-submit-flow/arcw.toml,108,7,6,text,false,false,false,false
samples/text-submit-flow/src/main.arcw,1695,73,58,text,false,false,false,false
samples/visual-novel-mini/README.md,2976,63,53,text,false,false,false,false
samples/visual-novel-mini/arcw.toml,548,31,25,text,false,false,false,false
samples/visual-novel-mini/benches/opening.arcw,255,8,7,text,false,false,false,false
samples/visual-novel-mini/src/game.arcw,1851,86,68,text,false,false,false,false
samples/visual-novel-mini/src/server.arcw,206,12,10,text,false,false,false,false
samples/visual-novel-mini/src/tool.arcw,117,8,7,text,false,false,false,false
samples/visual-novel-mini/tests/opening.arcw,377,16,14,test,false,true,false,false
samples/zundamon-awchar/arcw.toml,204,13,10,text,false,false,false,false
samples/zundamon-awchar/assets/zundamon.awchar/character.awchar.json,3411,167,167,text,false,false,false,false
samples/zundamon-awchar/src/main.arcw,259,9,7,text,false,false,false,false
samples/zundamon-stand-switch/README.md,2428,62,44,text,false,false,false,false
samples/zundamon-stand-switch/arcw.toml,81,5,4,text,false,false,false,false
samples/zundamon-stand-switch/main.arcw,3498,130,113,text,false,false,false,false
tests/fixtures/arcw/current_pass/check/001_minimal_flow_return.arcw,41,3,3,test,false,true,false,false
tests/fixtures/arcw/current_pass/check/002_two_flow_goto.arcw,89,7,6,test,false,true,false,false
tests/fixtures/arcw/current_pass/check/003_simple_log_effect.arcw,65,4,4,test,false,true,false,false
tests/fixtures/arcw/current_pass/check/004_if_statement.arcw,88,6,6,test,false,true,false,false
tests/fixtures/arcw/current_pass/check/005_match_statement.arcw,105,6,6,test,false,true,false,false
tests/fixtures/arcw/current_pass/check/006_loop_break_value.arcw,138,10,9,test,false,true,false,false
tests/fixtures/arcw/current_pass/check/007_scope_value.arcw,157,8,8,test,false,true,false,false
tests/fixtures/arcw/current_pass/check/008_let_else_diverge.arcw,161,10,9,test,false,true,false,false
tests/fixtures/arcw/current_pass/check/009_choice_static_goto.arcw,132,9,8,test,false,true,false,false
tests/fixtures/arcw/current_pass/check/010_dialogue_basic.arcw,110,7,6,test,false,true,false,false
tests/fixtures/arcw/current_pass/check/011_dialogue_with_plan.arcw,169,9,8,test,false,true,false,false
tests/fixtures/arcw/current_pass/check/012_function_final_expr.arcw,104,7,6,test,false,true,false,false
tests/fixtures/arcw/current_pass/check/013_task_fn_await_shape.arcw,168,8,7,test,false,true,false,false
tests/fixtures/arcw/current_pass/check/014_struct_enum_type_alias.arcw,205,16,13,test,false,true,false,false
tests/fixtures/arcw/current_pass/check/015_state_defaults.arcw,153,8,7,test,false,true,false,false
tests/fixtures/arcw/current_pass/check/016_source_decl.arcw,222,12,10,test,false,true,false,false
tests/fixtures/arcw/current_pass/check/017_stream_fn_shape.arcw,144,9,8,test,false,true,false,false
tests/fixtures/arcw/current_pass/check/018_trait_impl_shape.arcw,218,16,13,test,false,true,false,false
tests/fixtures/arcw/current_pass/check/019_line_defer_cleanup.arcw,158,9,8,test,false,true,false,false
tests/fixtures/arcw/current_pass/check/020_relative_ids.arcw,168,11,10,test,false,true,false,false
tests/fixtures/arcw/current_pass/check/021_keyword_like_identifier_if_else.arcw,145,7,7,test,false,true,false,false
tests/fixtures/arcw/current_pass/check/022_family_relative_test_bench_ids.arcw,209,12,10,test,false,true,false,false
tests/fixtures/arcw/current_pass/check/023_dialogue_cancel_defer_on.arcw,366,16,15,test,false,true,false,false
tests/fixtures/arcw/current_pass/check/024_source_stream_for_yield.arcw,427,18,15,test,false,true,false,false
tests/fixtures/arcw/current_pass/check/025_proof_unsafe_lifetime.arcw,303,11,9,test,false,true,false,false
tests/fixtures/arcw/current_pass/check/026_headless_observation_calls.arcw,339,12,11,test,false,true,false,false
tests/fixtures/arcw/current_pass/check/027_dialogue_bare_scope_after_bracket_call.arcw,543,20,17,test,false,true,false,false
tests/fixtures/arcw/current_pass/run/001_return_done.arcw,43,3,3,test,false,true,false,false
tests/fixtures/arcw/current_pass/run/002_goto_done.arcw,89,7,6,test,false,true,false,false
tests/fixtures/arcw/current_pass/run/003_log_then_return.arcw,67,4,4,test,false,true,false,false
tests/fixtures/arcw/current_pass/run/004_signal_metric_event.arcw,267,9,8,test,false,true,false,false
tests/fixtures/arcw/current_pass/run/005_loop_break_route.arcw,138,10,9,test,false,true,false,false
tests/fixtures/arcw/current_pass/run/006_if_goto.arcw,138,10,9,test,false,true,false,false
tests/fixtures/arcw/current_pass/run/007_match_return.arcw,105,6,6,test,false,true,false,false
tests/fixtures/arcw/current_pass/run/008_scope_return.arcw,137,7,7,test,false,true,false,false
tests/fixtures/arcw/current_pass/run/009_dialogue_line.arcw,110,7,6,test,false,true,false,false
tests/fixtures/arcw/current_pass/run/010_line_task_effects.arcw,175,9,8,test,false,true,false,false
tests/fixtures/arcw/current_pass/run/011_source_stream_policy_plan.arcw,417,18,15,test,false,true,false,false
tests/fixtures/arcw/metadata/fixture_manifest.json,39980,1030,1030,test,false,true,false,false
tests/fixtures/arcw/spec_should_fail/001_absolute_unix_path.arcw,272,5,5,test,false,true,false,false
tests/fixtures/arcw/spec_should_fail/002_absolute_windows_path.arcw,274,5,5,test,false,true,false,false
tests/fixtures/arcw/spec_should_fail/003_old_at_command.arcw,66,4,4,test,false,true,false,false
tests/fixtures/arcw/spec_should_fail/004_face_line_option.arcw,102,4,4,test,false,true,false,false
tests/fixtures/arcw/spec_should_fail/005_bare_relative_goto.arcw,41,3,3,test,false,true,false,false
tests/fixtures/arcw/spec_should_fail/006_missing_capability_effect.arcw,216,8,8,test,false,true,false,false
tests/fixtures/arcw/spec_should_fail/007_direct_network_without_capability.arcw,125,4,4,test,false,true,false,false
tests/fixtures/arcw/spec_should_fail/008_runtime_frame_name_forbidden_doc_sample.arcw,107,4,4,test,false,true,false,false
tests/fixtures/arcw/spec_should_fail/009_ambiguous_bare_dot_id.arcw,40,3,3,test,false,true,false,false
tests/fixtures/arcw/spec_should_fail/010_old_spawn_line_plan.arcw,131,6,6,test,false,true,false,false
tests/fixtures/arcw/spec_should_fail/011_await_question_with_rejected.arcw,157,6,6,test,false,true,false,false
tests/fixtures/arcw/spec_should_fail/012_name_at_pattern_removed_rejected.arcw,179,6,6,test,false,true,false,false
tests/fixtures/arcw/spec_should_fail/013_continue_expr_position_rejected.arcw,109,6,6,test,false,true,false,false
tests/fixtures/arcw/spec_should_fail/014_let_else_non_diverging_rejected.arcw,195,10,9,test,false,true,false,false
tests/fixtures/arcw/spec_should_fail/015_break_value_in_while_rejected.arcw,92,6,6,test,false,true,false,false
tests/fixtures/arcw/spec_should_fail/016_yield_in_flow_rejected.arcw,65,4,4,test,false,true,false,false
tests/fixtures/arcw/spec_should_fail/017_out_in_flow_rejected.arcw,63,4,4,test,false,true,false,false
tests/fixtures/arcw/spec_should_fail/018_private_full_replay_rejected.arcw,235,12,10,test,false,true,false,false
tests/fixtures/arcw/spec_should_fail/019_unsafe_lifetime_missing_reason_rejected.arcw,219,6,5,test,false,true,false,false
tests/fixtures/arcw/spec_should_fail/020_unsafe_block_missing_safety_doc_rejected.arcw,206,5,5,test,false,true,false,false
tests/fixtures/arcw/spec_should_fail/021_await_question_with_context_rejected.arcw,258,8,7,test,false,true,false,false
tests/fixtures/arcw/spec_should_pass/bench/001_thread_scheduling.arcw,280,16,15,test,false,true,false,false
tests/fixtures/arcw/spec_should_pass/bench/002_map_pure_jit.arcw,463,16,14,test,false,true,false,false
tests/fixtures/arcw/spec_should_pass/bench/003_for_pure_jit.arcw,466,18,16,test,false,true,false,false
tests/fixtures/arcw/spec_should_pass/bench/004_system_info_threads.arcw,906,26,24,test,false,true,false,false
tests/fixtures/arcw/spec_should_pass/bench/005_inferred_pure_jit.arcw,396,15,13,test,false,true,false,false
tests/fixtures/arcw/spec_should_pass/bench/006_linear_aot.arcw,191,9,8,test,false,true,false,false
tests/fixtures/arcw/spec_should_pass/bench/007_branching_iter_pure_jit.arcw,755,24,22,test,false,true,false,false
tests/fixtures/arcw/spec_should_pass/bench/008_large_map_pure_batch.arcw,428,16,14,test,false,true,false,false
tests/fixtures/arcw/spec_should_pass/bench/009_nonuniform_map_pure_batch.arcw,1344,16,14,test,false,true,false,false
tests/fixtures/arcw/spec_should_pass/bench/010_dense_i32_sum.arcw,1147,10,9,test,false,true,false,false
tests/fixtures/arcw/spec_should_pass/bench/011_dense_u64_sum.arcw,1147,10,9,test,false,true,false,false
tests/fixtures/arcw/spec_should_pass/bench/012_dense_integer_widths_sum.arcw,2024,16,15,test,false,true,false,false
tests/fixtures/arcw/spec_should_pass/bench/013_dense_scalar_len.arcw,632,14,13,test,false,true,false,false
tests/fixtures/arcw/spec_should_pass/bench/014_dense_textual_scalar_len.arcw,590,16,14,test,false,true,false,false
tests/fixtures/arcw/spec_should_pass/bench/015_dense_wide_numeric_len.arcw,688,13,12,test,false,true,false,false
tests/fixtures/arcw/spec_should_pass/bench/016_dense_i32_map_pure_batch.arcw,1348,16,14,test,false,true,false,false
tests/fixtures/arcw/spec_should_pass/bench/017_dense_u32_map_pure_batch.arcw,1348,16,14,test,false,true,false,false
tests/fixtures/arcw/spec_should_pass/bench/018_dense_u64_map_pure_batch.arcw,1348,16,14,test,false,true,false,false
tests/fixtures/arcw/spec_should_pass/bench/019_dense_i128_map_pure_batch.arcw,1489,16,14,test,false,true,false,false
tests/fixtures/arcw/spec_should_pass/bench/020_dense_u128_map_pure_batch.arcw,1489,16,14,test,false,true,false,false
tests/fixtures/arcw/spec_should_pass/bench/021_columnar_record_projection.arcw,516,9,8,test,false,true,false,false
tests/fixtures/arcw/spec_should_pass/bench/022_dense_f32_map_pure_batch.arcw,429,15,13,test,false,true,false,false
tests/fixtures/arcw/spec_should_pass/bench/023_dense_f64_map_pure_batch.arcw,429,15,13,test,false,true,false,false
tests/fixtures/arcw/spec_should_pass/bench/024_matrix_matmul_f32.arcw,247,8,7,test,false,true,false,false
tests/fixtures/arcw/spec_should_pass/bench/025_matrix_add_f32.arcw,239,8,7,test,false,true,false,false
tests/fixtures/arcw/spec_should_pass/bench/026_tensor_add_f32.arcw,239,8,7,test,false,true,false,false
tests/fixtures/arcw/spec_should_pass/bench/027_matrix_matmul_f64.arcw,247,8,7,test,false,true,false,false
tests/fixtures/arcw/spec_should_pass/bench/028_tensor_add_f64.arcw,239,8,7,test,false,true,false,false
tests/fixtures/arcw/spec_should_pass/bench/029_dense_i8_map_pure_batch.arcw,506,16,14,test,false,true,false,false
tests/fixtures/arcw/spec_should_pass/bench/030_dense_i16_map_pure_batch.arcw,535,16,14,test,false,true,false,false
tests/fixtures/arcw/spec_should_pass/bench/031_dense_u8_map_pure_batch.arcw,506,16,14,test,false,true,false,false
tests/fixtures/arcw/spec_should_pass/bench/032_dense_u16_map_pure_batch.arcw,535,16,14,test,false,true,false,false
tests/fixtures/arcw/spec_should_pass/bench/033_mixed_for_iter_pure_jit.arcw,1198,42,35,test,false,true,false,false
tests/fixtures/arcw/spec_should_pass/bench/034_mixed_aot_prefix.arcw,284,13,12,test,false,true,false,false
tests/fixtures/arcw/spec_should_pass/bench/035_matrix_add_f64.arcw,239,8,7,test,false,true,false,false
tests/fixtures/arcw/spec_should_pass/bench/036_dense_isize_map_pure_batch.arcw,1630,16,14,test,false,true,false,false
tests/fixtures/arcw/spec_should_pass/bench/037_dense_usize_map_pure_batch.arcw,1630,16,14,test,false,true,false,false
tests/fixtures/arcw/spec_should_pass/bench/038_wide_for_pure_jit.arcw,714,28,24,test,false,true,false,false
tests/fixtures/arcw/spec_should_pass/bench/039_hot_for_pure_auto_jit.arcw,675,28,24,test,false,true,false,false
tests/fixtures/arcw/spec_should_pass/bench/040_mixed_width_for_iter_pure_jit.arcw,2176,70,61,test,false,true,false,false
tests/fixtures/arcw/spec_should_pass/check/001_entry_game.arcw,91,7,6,test,false,true,false,false
tests/fixtures/arcw/spec_should_pass/check/002_entry_cli.arcw,88,7,6,test,false,true,false,false
tests/fixtures/arcw/spec_should_pass/check/003_entry_server.arcw,97,7,6,test,false,true,false,false
tests/fixtures/arcw/spec_should_pass/check/004_entry_activity.arcw,103,7,6,test,false,true,false,false
tests/fixtures/arcw/spec_should_pass/check/005_entry_test.arcw,91,7,6,test,false,true,false,false
tests/fixtures/arcw/spec_should_pass/check/006_entry_bench.arcw,94,7,6,test,false,true,false,false
tests/fixtures/arcw/spec_should_pass/check/010_capability_fs_read.arcw,413,14,12,test,false,true,false,false
tests/fixtures/arcw/spec_should_pass/check/011_capability_fs_write.arcw,422,14,12,test,false,true,false,false
tests/fixtures/arcw/spec_should_pass/check/012_capability_stdio.arcw,373,13,11,test,false,true,false,false
tests/fixtures/arcw/spec_should_pass/check/013_capability_http_entry.arcw,328,13,11,test,false,true,false,false
tests/fixtures/arcw/spec_should_pass/check/014_virtual_path_reject_os_paths_positive.arcw,384,14,13,test,false,true,false,false
tests/fixtures/arcw/spec_should_pass/check/020_multiline_struct_field_default.arcw,158,8,7,test,false,true,false,false
tests/fixtures/arcw/spec_should_pass/check/021_multiline_enum_variant_payload.arcw,145,8,7,test,false,true,false,false
tests/fixtures/arcw/spec_should_pass/check/022_multiline_trait_method.arcw,142,8,7,test,false,true,false,false
tests/fixtures/arcw/spec_should_pass/check/023_trait_default_method_body.arcw,88,5,4,test,false,true,false,false
tests/fixtures/arcw/spec_should_pass/check/024_reducer_body_structured.arcw,185,6,5,test,false,true,false,false
tests/fixtures/arcw/spec_should_pass/check/025_view_body_structured.arcw,100,5,4,test,false,true,false,false
tests/fixtures/arcw/spec_should_pass/check/026_pure_fn_call_value_position.arcw,153,10,9,test,false,true,false,false
tests/fixtures/arcw/spec_should_pass/check/027_method_call_value_position.arcw,141,8,7,test,false,true,false,false
tests/fixtures/arcw/spec_should_pass/check/028_index_expr_value_position.arcw,137,6,6,test,false,true,false,false
tests/fixtures/arcw/spec_should_pass/check/029_range_expr_value_position.arcw,100,5,5,test,false,true,false,false
tests/fixtures/arcw/spec_should_pass/check/030_closure_pipeline_value_position.arcw,160,6,6,test,false,true,false,false
tests/fixtures/arcw/spec_should_pass/check/031_nested_braces_in_string.arcw,125,8,7,test,false,true,false,false
tests/fixtures/arcw/spec_should_pass/check/032_raw_dialogue_braces.arcw,129,5,5,test,false,true,false,false
tests/fixtures/arcw/spec_should_pass/check/033_struct_doc_multiline_field.arcw,181,8,5,test,false,true,false,false
tests/fixtures/arcw/spec_should_pass/check/034_function_multiline_signature.arcw,137,8,7,test,false,true,false,false
tests/fixtures/arcw/spec_should_pass/check/035_impl_multiline_fn_body.arcw,195,11,10,test,false,true,false,false
tests/fixtures/arcw/spec_should_pass/check/036_source_handler_block_body.arcw,272,13,11,test,false,true,false,false
tests/fixtures/arcw/spec_should_pass/check/037_entry_selected_not_first_flow.arcw,132,4,3,test,false,true,false,false
tests/fixtures/arcw/spec_should_pass/check/038_flow_effect_capability_annotation.arcw,204,6,6,test,false,true,false,false
tests/fixtures/arcw/spec_should_pass/check/039_top_level_test_uses_entry.arcw,187,7,6,test,false,true,false,false
tests/fixtures/arcw/spec_should_pass/check/040_activity_entry.arcw,124,4,4,test,false,true,false,false
tests/fixtures/arcw/spec_should_pass/check/041_entry_declaration_edge.arcw,95,7,6,test,false,true,false,false
tests/fixtures/arcw/spec_should_pass/check/042_entry_bare_start.arcw,124,6,5,test,false,true,false,false
tests/fixtures/arcw/spec_should_pass/check/042_fn_result_match_final_expr.arcw,310,16,15,test,false,true,false,false
tests/fixtures/arcw/spec_should_pass/check/043_struct_destructure_multiline_literal.arcw,278,19,17,test,false,true,false,false
tests/fixtures/arcw/spec_should_pass/check/044_pattern_binding_combo.arcw,429,18,16,test,false,true,false,false
tests/fixtures/arcw/spec_should_pass/check/045_dialogue_sugar_ruby_timed_cancel.arcw,415,15,14,test,false,true,false,false
tests/fixtures/arcw/spec_should_pass/check/046_source_stream_payload_edge.arcw,517,19,16,test,false,true,false,false
tests/fixtures/arcw/spec_should_pass/check/047_relative_declaration_families_edge.arcw,264,18,14,test,false,true,false,false
tests/fixtures/arcw/spec_should_pass/check/048_literals_units_char_edge.arcw,121,7,7,test,false,true,false,false
tests/fixtures/arcw/spec_should_pass/check/049_await_context_option_boundaries.arcw,647,23,19,test,false,true,false,false
tests/fixtures/arcw/spec_should_pass/check/050_comments_strings_unicode_paths.arcw,431,8,7,test,false,true,false,false
tests/fixtures/arcw/spec_should_pass/check/051_collections_vec_array_methods.arcw,313,14,13,test,false,true,false,false
tests/fixtures/arcw/spec_should_pass/check/052_deep_relative_ids_and_family_refs.arcw,400,19,16,test,false,true,false,false
tests/fixtures/arcw/spec_should_pass/check/053_dialogue_rich_text_full_grammar.arcw,4272,124,104,test,false,true,false,false
tests/fixtures/arcw/spec_should_pass/run/001_cli_stdout_entry.arcw,290,9,9,test,false,true,false,false
tests/fixtures/arcw/spec_should_pass/run/002_file_read_task.arcw,390,7,7,test,false,true,false,false
tests/fixtures/arcw/spec_should_pass/run/003_file_write_task.arcw,400,7,7,test,false,true,false,false
tests/fixtures/arcw/spec_should_pass/run/004_server_health.arcw,310,5,5,test,false,true,false,false
tests/fixtures/arcw/spec_should_pass/run/005_pure_call_runtime.arcw,119,6,6,test,false,true,false,false
tests/fixtures/arcw/spec_should_pass/run/006_entry_second_flow.arcw,131,3,3,test,false,true,false,false
tests/fixtures/arcw/spec_should_pass/run/007_source_stream_payload.arcw,216,8,8,test,false,true,false,false
tests/fixtures/arcw/spec_should_pass/run/008_method_value_runtime.arcw,134,5,5,test,false,true,false,false
tests/fixtures/arcw/spec_should_pass/run/009_index_runtime.arcw,69,4,4,test,false,true,false,false
tests/fixtures/arcw/spec_should_pass/run/010_runtime_step_budget_many_ops.arcw,128,8,8,test,false,true,false,false
tests/fixtures/arcw/spec_should_pass/run/011_dialogue_line_value_and_handle_discard.arcw,419,15,13,test,false,true,false,false
tests/fixtures/css_style_text_raster/README.md,434,8,6,test,false,true,false,false
tests/fixtures/css_style_text_raster/evidence-checkpoints.json,2111,50,50,test,false,true,false,false
tests/fixtures/focus-navigation-expected-view-program.json,1108,34,34,test,false,true,false,false
tests/fixtures/native_capture/README.md,4820,72,64,test,false,true,false,false
tests/fixtures/native_capture/vertical_goal_clear_smoke.arcw,645,21,18,test,false,true,false,false
tests/fixtures/native_capture/vertical_jlreq_preset_loose_golden.arcw,572,20,17,test,false,true,false,false
tests/fixtures/native_capture/vertical_jlreq_preset_normal_golden.arcw,578,20,17,test,false,true,false,false
tests/fixtures/native_capture/vertical_lr_ruby_text_combine_golden.arcw,570,20,17,test,false,true,false,false
tests/fixtures/native_capture/vertical_tutr_golden.arcw,514,20,17,test,false,true,false,false
tools/apply-seq04-6-typecheck-gate.rs,57304,1380,1317,production,true,false,false,false
tools/arcw-comment-style-audit.rs,5113,174,160,production,true,false,false,false
tools/build-web-ime-player-rendered-fixture.rs,11483,305,291,production,true,false,false,false
tools/capture-bundle-scene-frame.rs,8974,250,236,production,true,false,false,false
tools/capture-css-style-parity-native-frame.rs,20479,567,532,production,true,false,false,false
tools/capture-seq06-13e1-inset-shadow-native-frame.rs,23253,722,665,production,true,false,false,false
tools/capture-webgpu-native-frame.rs,6827,183,171,production,true,false,false,false
tools/collect-pinned-windows-review-evidence.rs,10635,337,285,production,true,false,false,false
tools/collect-seq06-13e1-inset-shadow-pinned-golden-evidence.rs,40302,1183,1094,production,true,false,false,false
tools/generate-webgpu-demo-assets.rs,9886,298,270,production,true,false,false,false
tools/generate_jlreq_punctuation_data.rs,16116,422,398,production,true,false,false,false
tools/prepare-zundamon-sample.rs,13174,401,372,production,true,false,false,false
tools/profile-css-style-parity-startup.rs,6418,226,210,production,true,false,false,false
tools/regenerate-windowed-live-patch-fixtures.rs,7327,214,195,production,true,false,false,false
tools/run-css-layout-cascade-coverage-gates.rs,3646,100,88,production,true,false,false,false
tools/run-css-style-parity-gates.rs,7909,256,232,production,true,false,false,false
tools/selected-capture-metadata-audit.rs,2089,71,60,production,true,false,false,false
tools/source-gates/seq06_13e1_inset_shadow_exact_golden_policy.rs,8942,273,253,production,true,false,false,false
tools/source-gates/seq06_4j1_native_ime_player_rendered_gates.rs,4185,134,126,production,true,false,false,false
tools/source-gates/seq06_4k_text_input_windowed_gates.rs,11417,371,338,production,true,false,false,false
tools/structure-audit.rs,34003,1034,944,production,true,false,false,false
tools/verify-seq06-16-3-native-smoke-trace.rs,6521,210,186,production,true,false,false,false
tools/verify-text-raster-parity.rs,54685,1627,1536,production,true,false,false,false
tools/verify-webgpu-parity.rs,13635,405,385,production,true,false,false,false
tools/write-native-golden-fingerprint.rs,13931,392,346,production,true,false,false,false
web/README.md,3046,94,68,text,false,false,false,false
web/arcweft-grant-storage.js,7170,241,211,text,false,false,false,false
web/arcweft-microphone-worklet.js,1325,49,44,text,false,false,false,false
web/arcweft.web_frame_observation.v1.schema.json,3706,114,114,text,false,false,false,false
web/arcweft.web_observation.v2.schema.json,1545,42,42,text,false,false,false,false
web/assets/LICENSE-NotoSans.txt,4377,94,76,text,false,false,false,false
web/assets/README.md,1494,30,25,text,false,false,false,false
web/demo.arcw,2939,119,102,text,false,false,false,false
web/deno.json,111,5,5,text,false,false,false,false
web/ime-player-rendered.arcw,726,17,4,text,false,false,false,false
web/ime-sample.css,1261,59,54,text,false,false,false,false
web/ime-sample.html,914,29,29,text,false,false,false,false
web/ime-sample.js,2195,78,67,text,false,false,false,false
web/index.html,991,26,26,text,false,false,false,false
web/package-lock.json,1695,60,60,text,false,false,false,false
web/package.json,653,14,14,text,false,false,false,false
web/pkg/arcweft_player_web.d.ts,7094,106,60,text,false,false,false,false
web/pkg/arcweft_player_web.js,126395,2981,2744,text,false,false,false,false
web/pkg/arcweft_player_web_bg.wasm.d.ts,4428,46,44,text,false,false,false,false
web/player-editcontext.js,35304,971,887,text,false,false,false,false
web/player.js,12077,368,338,text,false,false,false,false
web/seq06-13e1-inset-shadow-capture.html,771,32,32,text,false,false,false,false
web/style.css,1180,58,53,text,false,false,false,false
web/test-results/.last-run.json,292,10,10,text,false,false,false,false
