id,layer,path,surface,current_state,final_decision,gate,evidence
CVRS-INV-00001,core value path,crates/arcweft-core/src/value/ownership/path.rs,RuntimeValuePathSegment::TupleElement,existing; tuple/anonymous tuple physical edge,canonical tag 0; payload u32; human index:u32; non-human index:u32,P3/P4,RUNTIME_VALUE_PATH_SEGMENTS.csv
CVRS-INV-00002,core value path,crates/arcweft-core/src/value/ownership/path.rs,RuntimeValuePathSegment::SequenceElement,existing; sequence/bytes physical edge,canonical tag 1; payload u64; human index:canonical decimal string; non-human index:u64,P3/P4,RUNTIME_VALUE_PATH_SEGMENTS.csv
CVRS-INV-00003,core value path,crates/arcweft-core/src/value/ownership/path.rs,RuntimeValuePathSegment::TupleColumn,existing; column ownership edge,canonical tag 2; payload u32; human index:u32; non-human index:u32,P3/P4,RUNTIME_VALUE_PATH_SEGMENTS.csv
CVRS-INV-00004,core value path,crates/arcweft-core/src/value/ownership/path.rs,RuntimeValuePathSegment::RecordField,existing; anonymous record field,canonical tag 3; payload RuntimeRecordFieldId; human field:RuntimeRecordFieldId; non-human field:RuntimeRecordFieldId,P3/P4,RUNTIME_VALUE_PATH_SEGMENTS.csv
CVRS-INV-00005,core value path,crates/arcweft-core/src/value/ownership/path.rs,RuntimeValuePathSegment::RecordColumn,existing; record-column edge,canonical tag 4; payload RuntimeRecordFieldId; human field:RuntimeRecordFieldId; non-human field:RuntimeRecordFieldId,P3/P4,RUNTIME_VALUE_PATH_SEGMENTS.csv
CVRS-INV-00006,core value path,crates/arcweft-core/src/value/ownership/path.rs,RuntimeValuePathSegment::NominalRecordField,existing; nominal defining-order field,canonical tag 5; payload RuntimeRecordFieldId; human field:RuntimeRecordFieldId; non-human field:RuntimeRecordFieldId,P3/P4,RUNTIME_VALUE_PATH_SEGMENTS.csv
CVRS-INV-00007,core value path,crates/arcweft-core/src/value/ownership/path.rs,RuntimeValuePathSegment::FunctionCapture,existing; affine capture edge,canonical tag 6; payload RuntimeCaptureSlotId; human capture:RuntimeCaptureSlotId; non-human capture:RuntimeCaptureSlotId,P3/P4,RUNTIME_VALUE_PATH_SEGMENTS.csv
CVRS-INV-00008,core value path,crates/arcweft-core/src/value/ownership/path.rs,RuntimeValuePathSegment::VariantPayload,existing; nominal/Option/Result physical payload,canonical tag 7; payload none; human no payload fields; non-human no payload fields,P3/P4,RUNTIME_VALUE_PATH_SEGMENTS.csv
CVRS-INV-00009,core value path,crates/arcweft-core/src/value/ownership/path.rs,RuntimeValuePathSegment::IteratorRemainder,existing; affine iterator remainder,canonical tag 8; payload u64; human index:canonical decimal string; non-human index:u64,P3/P4,RUNTIME_VALUE_PATH_SEGMENTS.csv
CVRS-INV-00010,core value path,crates/arcweft-core/src/value/ownership/path.rs,RuntimeValuePathSegment::IteratorWitnessState,existing; affine iterator evidence,canonical tag 9; payload none; human no payload fields; non-human no payload fields,P3/P4,RUNTIME_VALUE_PATH_SEGMENTS.csv
CVRS-INV-00011,core value path,crates/arcweft-core/src/value/ownership/path.rs,RuntimeValuePathSegment::OpaquePayload,new; sole opaque physical payload edge,canonical tag 10; payload none; human no payload fields; non-human no payload fields,P3/P4,RUNTIME_VALUE_PATH_SEGMENTS.csv
CVRS-INV-00012,core checked validation,crates/arcweft-core/src/pattern.rs,Sequence item,current boolean validation has no structured dual path for Sequence item,type path SequenceItem(u64); canonical value path SequenceElement(u64); enumerate actual items; usize -> u64 checked; budget/depth; outer Sequence; length/iteration; index conversion; child,P4,CHECKED_PATH_PUSH_RULES.csv
CVRS-INV-00013,core checked validation,crates/arcweft-core/src/pattern.rs,Bytes item,current boolean validation has no structured dual path for Bytes item,type path SequenceItem(u64); canonical value path SequenceElement(u64); same physical sequence index; expected child is Unsigned(U8); budget/depth; outer Sequence; index conversion; U8 child,P4,CHECKED_PATH_PUSH_RULES.csv
CVRS-INV-00014,core checked validation,crates/arcweft-core/src/pattern.rs,Tuple item,current boolean validation has no structured dual path for Tuple item,type path TupleItem(u32); canonical value path TupleElement(u32); usize -> u32 checked after exact tuple-length check; budget/depth; outer Tuple; length; index conversion; child,P4,CHECKED_PATH_PUSH_RULES.csv
CVRS-INV-00015,core checked validation,crates/arcweft-core/src/pattern.rs,Choice alternative,current boolean validation has no structured dual path for Choice alternative,type path ChoiceAlternative(u32); canonical value path no push; usize -> u32 checked before evaluating branch; budget/depth at Choice; alternative index; branch under shared budget,P4,CHECKED_PATH_PUSH_RULES.csv
CVRS-INV-00016,core checked validation,crates/arcweft-core/src/pattern.rs,Result Ok payload,current boolean validation has no structured dual path for Result Ok payload,type path ResultOk; canonical value path VariantPayload; no numeric index; owner; ordinal/name; payload presence; push; child,P4,CHECKED_PATH_PUSH_RULES.csv
CVRS-INV-00017,core checked validation,crates/arcweft-core/src/pattern.rs,Result Err payload,current boolean validation has no structured dual path for Result Err payload,type path ResultError; canonical value path VariantPayload; no numeric index; owner; ordinal/name; payload presence; push; child,P4,CHECKED_PATH_PUSH_RULES.csv
CVRS-INV-00018,core checked validation,crates/arcweft-core/src/pattern.rs,Option Some payload,current boolean validation has no structured dual path for Option Some payload,type path OptionSome; canonical value path VariantPayload; no numeric index; owner; ordinal/name; payload presence; push; child,P4,CHECKED_PATH_PUSH_RULES.csv
CVRS-INV-00019,core checked validation,crates/arcweft-core/src/pattern.rs,Option None,current boolean validation has no structured dual path for Option None,type path no push; canonical value path no push; no child; owner; ordinal/name; payload absence; success,P4,CHECKED_PATH_PUSH_RULES.csv
CVRS-INV-00020,core checked validation,crates/arcweft-core/src/pattern.rs,Opaque payload,current boolean validation has no structured dual path for Opaque payload,"generic checked validation is atomic owner-only: no payload lookup, recursion, type/value path push, depth increment, or payload work",P08,CHECKED_VALIDATION_API.md + CHECKED_PATH_PUSH_RULES.csv
CVRS-INV-00021,core checked validation,crates/arcweft-core/src/pattern.rs,Nominal/closed Variant payload,current boolean validation has no structured dual path for Nominal/closed Variant payload,type path VariantPayload { ordinal:u32 }; canonical value path VariantPayload; raw ordinal already u32; owner; ordinal; canonical name; payload presence; push; child,P4,CHECKED_PATH_PUSH_RULES.csv
CVRS-INV-00022,core checked validation,crates/arcweft-core/src/pattern.rs,Nominal record field,current boolean validation has no structured dual path for Nominal record field,type path NominalField(RuntimeRecordFieldId); canonical value path NominalRecordField(RuntimeRecordFieldId); field IDs derived one-based in defining order with checked u32 conversion; lookup; identity; layout; count; field ID; push; child,P4,CHECKED_PATH_PUSH_RULES.csv
CVRS-INV-00023,core runtime value,crates/arcweft-core/src/value.rs,RuntimeValue::Unit,current physical RuntimeValue family,actual checked-validation outer shape is exactly RuntimeValueShape::Unit,P4,RUNTIME_VALUE_OUTER_SHAPES.csv
CVRS-INV-00024,core runtime value,crates/arcweft-core/src/value.rs,RuntimeValue::Bool,current physical RuntimeValue family,actual checked-validation outer shape is exactly RuntimeValueShape::Bool,P4,RUNTIME_VALUE_OUTER_SHAPES.csv
CVRS-INV-00025,core runtime value,crates/arcweft-core/src/value.rs,RuntimeValue::Int,current physical RuntimeValue family,actual checked-validation outer shape is exactly RuntimeValueShape::Signed,P4,RUNTIME_VALUE_OUTER_SHAPES.csv
CVRS-INV-00026,core runtime value,crates/arcweft-core/src/value.rs,RuntimeValue::UInt,current physical RuntimeValue family,actual checked-validation outer shape is exactly RuntimeValueShape::Unsigned,P4,RUNTIME_VALUE_OUTER_SHAPES.csv
CVRS-INV-00027,core runtime value,crates/arcweft-core/src/value.rs,RuntimeValue::F32,current physical RuntimeValue family,actual checked-validation outer shape is exactly RuntimeValueShape::F32,P4,RUNTIME_VALUE_OUTER_SHAPES.csv
CVRS-INV-00028,core runtime value,crates/arcweft-core/src/value.rs,RuntimeValue::F64,current physical RuntimeValue family,actual checked-validation outer shape is exactly RuntimeValueShape::F64,P4,RUNTIME_VALUE_OUTER_SHAPES.csv
CVRS-INV-00029,core runtime value,crates/arcweft-core/src/value.rs,RuntimeValue::MatrixF32,current physical RuntimeValue family,actual checked-validation outer shape is exactly RuntimeValueShape::MatrixF32,P4,RUNTIME_VALUE_OUTER_SHAPES.csv
CVRS-INV-00030,core runtime value,crates/arcweft-core/src/value.rs,RuntimeValue::MatrixF64,current physical RuntimeValue family,actual checked-validation outer shape is exactly RuntimeValueShape::MatrixF64,P4,RUNTIME_VALUE_OUTER_SHAPES.csv
CVRS-INV-00031,core runtime value,crates/arcweft-core/src/value.rs,RuntimeValue::TensorF32,current physical RuntimeValue family,actual checked-validation outer shape is exactly RuntimeValueShape::TensorF32,P4,RUNTIME_VALUE_OUTER_SHAPES.csv
CVRS-INV-00032,core runtime value,crates/arcweft-core/src/value.rs,RuntimeValue::TensorF64,current physical RuntimeValue family,actual checked-validation outer shape is exactly RuntimeValueShape::TensorF64,P4,RUNTIME_VALUE_OUTER_SHAPES.csv
CVRS-INV-00033,core runtime value,crates/arcweft-core/src/value.rs,RuntimeValue::String,current physical RuntimeValue family,actual checked-validation outer shape is exactly RuntimeValueShape::String,P4,RUNTIME_VALUE_OUTER_SHAPES.csv
CVRS-INV-00034,core runtime value,crates/arcweft-core/src/value.rs,RuntimeValue::Char,current physical RuntimeValue family,actual checked-validation outer shape is exactly RuntimeValueShape::Char,P4,RUNTIME_VALUE_OUTER_SHAPES.csv
CVRS-INV-00035,core runtime value,crates/arcweft-core/src/value.rs,RuntimeValue::Duration,current physical RuntimeValue family,actual checked-validation outer shape is exactly RuntimeValueShape::Duration,P4,RUNTIME_VALUE_OUTER_SHAPES.csv
CVRS-INV-00036,core runtime value,crates/arcweft-core/src/value.rs,RuntimeValue::Range,current physical RuntimeValue family,actual checked-validation outer shape is exactly RuntimeValueShape::Range,P4,RUNTIME_VALUE_OUTER_SHAPES.csv
CVRS-INV-00037,core runtime value,crates/arcweft-core/src/value.rs,RuntimeValue::Iterator,current physical RuntimeValue family,actual checked-validation outer shape is exactly RuntimeValueShape::Iterator,P4,RUNTIME_VALUE_OUTER_SHAPES.csv
CVRS-INV-00038,core runtime value,crates/arcweft-core/src/value.rs,RuntimeValue::EntityRef,current physical RuntimeValue family,actual checked-validation outer shape is exactly RuntimeValueShape::EntityReference,P4,RUNTIME_VALUE_OUTER_SHAPES.csv
CVRS-INV-00039,core runtime value,crates/arcweft-core/src/value.rs,RuntimeValue::Tuple,current physical RuntimeValue family,actual checked-validation outer shape is exactly RuntimeValueShape::Tuple,P4,RUNTIME_VALUE_OUTER_SHAPES.csv
CVRS-INV-00040,core runtime value,crates/arcweft-core/src/value.rs,RuntimeValue::Seq,current physical RuntimeValue family,actual checked-validation outer shape is exactly RuntimeValueShape::Sequence,P4,RUNTIME_VALUE_OUTER_SHAPES.csv
CVRS-INV-00041,core runtime value,crates/arcweft-core/src/value.rs,RuntimeValue::Record,current physical RuntimeValue family,actual checked-validation outer shape is exactly RuntimeValueShape::Record,P4,RUNTIME_VALUE_OUTER_SHAPES.csv
CVRS-INV-00042,core runtime value,crates/arcweft-core/src/value.rs,RuntimeValue::NominalRecord,current physical RuntimeValue family,actual checked-validation outer shape is exactly RuntimeValueShape::NominalRecord,P4,RUNTIME_VALUE_OUTER_SHAPES.csv
CVRS-INV-00043,core runtime value,crates/arcweft-core/src/value.rs,RuntimeValue::Opaque,current physical RuntimeValue family,actual checked-validation outer shape is exactly RuntimeValueShape::Opaque,P4,RUNTIME_VALUE_OUTER_SHAPES.csv
CVRS-INV-00044,core runtime value,crates/arcweft-core/src/value.rs,RuntimeValue::Function,current physical RuntimeValue family,actual checked-validation outer shape is exactly RuntimeValueShape::Function,P4,RUNTIME_VALUE_OUTER_SHAPES.csv
CVRS-INV-00045,core runtime value,crates/arcweft-core/src/value.rs,RuntimeValue::Variant,current physical RuntimeValue family,actual checked-validation outer shape is exactly RuntimeValueShape::Variant,P4,RUNTIME_VALUE_OUTER_SHAPES.csv
CVRS-INV-00046,runtime-plan expression,crates/arcweft-core/src/value.rs,RuntimeExpr::Value / none,raw expression node does not retain a complete checked semantic coordinate,RuntimeTypedExpr node path ordinal none; derive exact checked type from RuntimeValue plus admitted nominal/opaque descriptor; every legal expression has root [0]; non-checkable families use exact Operational declaration,P02/P07,RUNTIME_EXPR_NODE_API.md + RUNTIME_PLAN_TYPE_KIND.csv + RUNTIME_EXPR_NODE_RESOLUTION.csv
CVRS-INV-00047,runtime-plan expression,crates/arcweft-core/src/value.rs,RuntimeExpr::Local / none,raw expression node does not retain a complete checked semantic coordinate,RuntimeTypedExpr node path ordinal none; resolve lexical binding type ID from enclosing typed owner scope; exact root [0] and every present child; declaration kind Checked or Operational; operational cannot emit AWBC origin/context,P02/P07,RUNTIME_EXPR_NODE_API.md + RUNTIME_PLAN_TYPE_KIND.csv + RUNTIME_EXPR_NODE_RESOLUTION.csv
CVRS-INV-00048,runtime-plan expression,crates/arcweft-core/src/value.rs,RuntimeExpr::EntityRef / none,raw expression node does not retain a complete checked semantic coordinate,RuntimeTypedExpr node path ordinal none; resolve accepted entity reference semantic type from admitted generation; exact root [0] and every present child; declaration kind Checked or Operational; operational cannot emit AWBC origin/context,P02/P07,RUNTIME_EXPR_NODE_API.md + RUNTIME_PLAN_TYPE_KIND.csv + RUNTIME_EXPR_NODE_RESOLUTION.csv
CVRS-INV-00049,runtime-plan expression,crates/arcweft-core/src/value.rs,RuntimeExpr::Let / expr,raw expression node does not retain a complete checked semantic coordinate,RuntimeTypedExpr node path ordinal 0; child fact; binds to declared lexical type; exact root [0] and every present child; declaration kind Checked or Operational; operational cannot emit AWBC origin/context,P02/P07,RUNTIME_EXPR_NODE_API.md + RUNTIME_PLAN_TYPE_KIND.csv + RUNTIME_EXPR_NODE_RESOLUTION.csv
CVRS-INV-00050,runtime-plan expression,crates/arcweft-core/src/value.rs,RuntimeExpr::Let / body,raw expression node does not retain a complete checked semantic coordinate,RuntimeTypedExpr node path ordinal 1; root type equals body type; exact root [0] and every present child; declaration kind Checked or Operational; operational cannot emit AWBC origin/context,P02/P07,RUNTIME_EXPR_NODE_API.md + RUNTIME_PLAN_TYPE_KIND.csv + RUNTIME_EXPR_NODE_RESOLUTION.csv
CVRS-INV-00051,runtime-plan expression,crates/arcweft-core/src/value.rs,RuntimeExpr::Tuple / items[i],raw expression node does not retain a complete checked semantic coordinate,RuntimeTypedExpr node path ordinal i; i is source/vector order; checked u32 path segment; exact root [0] and every present child; declaration kind Checked or Operational; operational cannot emit AWBC origin/context,P02/P07,RUNTIME_EXPR_NODE_API.md + RUNTIME_PLAN_TYPE_KIND.csv + RUNTIME_EXPR_NODE_RESOLUTION.csv
CVRS-INV-00052,runtime-plan expression,crates/arcweft-core/src/value.rs,RuntimeExpr::BracketSeq / items[i],raw expression node does not retain a complete checked semantic coordinate,RuntimeTypedExpr node path ordinal i; i is source/vector order; checked u32 path segment; exact root [0] and every present child; declaration kind Checked or Operational; operational cannot emit AWBC origin/context,P02/P07,RUNTIME_EXPR_NODE_API.md + RUNTIME_PLAN_TYPE_KIND.csv + RUNTIME_EXPR_NODE_RESOLUTION.csv
CVRS-INV-00053,runtime-plan expression,crates/arcweft-core/src/value.rs,RuntimeExpr::RepeatSeq / value,raw expression node does not retain a complete checked semantic coordinate,RuntimeTypedExpr node path ordinal 0; sequence item type; exact root [0] and every present child; declaration kind Checked or Operational; operational cannot emit AWBC origin/context,P02/P07,RUNTIME_EXPR_NODE_API.md + RUNTIME_PLAN_TYPE_KIND.csv + RUNTIME_EXPR_NODE_RESOLUTION.csv
CVRS-INV-00054,runtime-plan expression,crates/arcweft-core/src/value.rs,RuntimeExpr::Range / start,raw expression node does not retain a complete checked semantic coordinate,RuntimeTypedExpr node path ordinal 0; reserved ordinal 0; absent optional emits no row; exact root [0] and every present child; declaration kind Checked or Operational; operational cannot emit AWBC origin/context,P02/P07,RUNTIME_EXPR_NODE_API.md + RUNTIME_PLAN_TYPE_KIND.csv + RUNTIME_EXPR_NODE_RESOLUTION.csv
CVRS-INV-00055,runtime-plan expression,crates/arcweft-core/src/value.rs,RuntimeExpr::Range / end,raw expression node does not retain a complete checked semantic coordinate,RuntimeTypedExpr node path ordinal 1; reserved ordinal 1; absent optional emits no row; exact root [0] and every present child; declaration kind Checked or Operational; operational cannot emit AWBC origin/context,P02/P07,RUNTIME_EXPR_NODE_API.md + RUNTIME_PLAN_TYPE_KIND.csv + RUNTIME_EXPR_NODE_RESOLUTION.csv
CVRS-INV-00056,runtime-plan expression,crates/arcweft-core/src/value.rs,RuntimeExpr::Record / fields[i].expr,raw expression node does not retain a complete checked semantic coordinate,RuntimeTypedExpr node path ordinal i; authored field order; row identity also checks field name/id; exact root [0] and every present child; declaration kind Checked or Operational; operational cannot emit AWBC origin/context,P02/P07,RUNTIME_EXPR_NODE_API.md + RUNTIME_PLAN_TYPE_KIND.csv + RUNTIME_EXPR_NODE_RESOLUTION.csv
CVRS-INV-00057,runtime-plan expression,crates/arcweft-core/src/value.rs,RuntimeExpr::NominalRecord / initializers[i].expr,raw expression node does not retain a complete checked semantic coordinate,RuntimeTypedExpr node path ordinal i; authored order; scatter to defining field ID only after typed validation; exact root [0] and every present child; declaration kind Checked or Operational; operational cannot emit AWBC origin/context,P02/P07,RUNTIME_EXPR_NODE_API.md + RUNTIME_PLAN_TYPE_KIND.csv + RUNTIME_EXPR_NODE_RESOLUTION.csv
CVRS-INV-00058,runtime-plan expression,crates/arcweft-core/src/value.rs,RuntimeExpr::Variant / payload,raw expression node does not retain a complete checked semantic coordinate,RuntimeTypedExpr node path ordinal 0; absent optional emits no child; owner/case determines payload type; exact root [0] and every present child; declaration kind Checked or Operational; operational cannot emit AWBC origin/context,P02/P07,RUNTIME_EXPR_NODE_API.md + RUNTIME_PLAN_TYPE_KIND.csv + RUNTIME_EXPR_NODE_RESOLUTION.csv
CVRS-INV-00059,runtime-plan expression,crates/arcweft-core/src/value.rs,RuntimeExpr::Field / target,raw expression node does not retain a complete checked semantic coordinate,RuntimeTypedExpr node path ordinal 0; projection result derives from target checked type and selected field/ordinal; exact root [0] and every present child; declaration kind Checked or Operational; operational cannot emit AWBC origin/context,P02/P07,RUNTIME_EXPR_NODE_API.md + RUNTIME_PLAN_TYPE_KIND.csv + RUNTIME_EXPR_NODE_RESOLUTION.csv
CVRS-INV-00060,runtime-plan expression,crates/arcweft-core/src/value.rs,RuntimeExpr::ProjectTuple / target,raw expression node does not retain a complete checked semantic coordinate,RuntimeTypedExpr node path ordinal 0; projection result derives from target checked type and selected field/ordinal; exact root [0] and every present child; declaration kind Checked or Operational; operational cannot emit AWBC origin/context,P02/P07,RUNTIME_EXPR_NODE_API.md + RUNTIME_PLAN_TYPE_KIND.csv + RUNTIME_EXPR_NODE_RESOLUTION.csv
CVRS-INV-00061,runtime-plan expression,crates/arcweft-core/src/value.rs,RuntimeExpr::ProjectRecord / target,raw expression node does not retain a complete checked semantic coordinate,RuntimeTypedExpr node path ordinal 0; projection result derives from target checked type and selected field/ordinal; exact root [0] and every present child; declaration kind Checked or Operational; operational cannot emit AWBC origin/context,P02/P07,RUNTIME_EXPR_NODE_API.md + RUNTIME_PLAN_TYPE_KIND.csv + RUNTIME_EXPR_NODE_RESOLUTION.csv
CVRS-INV-00062,runtime-plan expression,crates/arcweft-core/src/value.rs,RuntimeExpr::AssignField / target,raw expression node does not retain a complete checked semantic coordinate,RuntimeTypedExpr node path ordinal 0; target aggregate type; exact root [0] and every present child; declaration kind Checked or Operational; operational cannot emit AWBC origin/context,P02/P07,RUNTIME_EXPR_NODE_API.md + RUNTIME_PLAN_TYPE_KIND.csv + RUNTIME_EXPR_NODE_RESOLUTION.csv
CVRS-INV-00063,runtime-plan expression,crates/arcweft-core/src/value.rs,RuntimeExpr::AssignField / expr,raw expression node does not retain a complete checked semantic coordinate,RuntimeTypedExpr node path ordinal 1; must equal selected field type; exact root [0] and every present child; declaration kind Checked or Operational; operational cannot emit AWBC origin/context,P02/P07,RUNTIME_EXPR_NODE_API.md + RUNTIME_PLAN_TYPE_KIND.csv + RUNTIME_EXPR_NODE_RESOLUTION.csv
CVRS-INV-00064,runtime-plan expression,crates/arcweft-core/src/value.rs,RuntimeExpr::AssignField / body,raw expression node does not retain a complete checked semantic coordinate,RuntimeTypedExpr node path ordinal 2; root type equals body type; exact root [0] and every present child; declaration kind Checked or Operational; operational cannot emit AWBC origin/context,P02/P07,RUNTIME_EXPR_NODE_API.md + RUNTIME_PLAN_TYPE_KIND.csv + RUNTIME_EXPR_NODE_RESOLUTION.csv
CVRS-INV-00065,runtime-plan expression,crates/arcweft-core/src/value.rs,RuntimeExpr::Call / args[i],raw expression node does not retain a complete checked semantic coordinate,RuntimeTypedExpr node path ordinal i; exact accepted callable/intrinsic signature parameter i; exact root [0] and every present child; declaration kind Checked or Operational; operational cannot emit AWBC origin/context,P02/P07,RUNTIME_EXPR_NODE_API.md + RUNTIME_PLAN_TYPE_KIND.csv + RUNTIME_EXPR_NODE_RESOLUTION.csv
CVRS-INV-00066,runtime-plan expression,crates/arcweft-core/src/value.rs,RuntimeExpr::Function / body,raw expression node does not retain a complete checked semantic coordinate,RuntimeTypedExpr node path ordinal 0; body typed; function value itself is deliberate non-root checked-type exclusion; exact root [0] and every present child; declaration kind Checked or Operational; operational cannot emit AWBC origin/context,P02/P07,RUNTIME_EXPR_NODE_API.md + RUNTIME_PLAN_TYPE_KIND.csv + RUNTIME_EXPR_NODE_RESOLUTION.csv
CVRS-INV-00067,runtime-plan expression,crates/arcweft-core/src/value.rs,RuntimeExpr::Apply / callee,raw expression node does not retain a complete checked semantic coordinate,RuntimeTypedExpr node path ordinal 0; callee closure evidence; deliberate non-root result unless exact function signature exists; exact root [0] and every present child; declaration kind Checked or Operational; operational cannot emit AWBC origin/context,P02/P07,RUNTIME_EXPR_NODE_API.md + RUNTIME_PLAN_TYPE_KIND.csv + RUNTIME_EXPR_NODE_RESOLUTION.csv
CVRS-INV-00068,runtime-plan expression,crates/arcweft-core/src/value.rs,RuntimeExpr::Apply / args[i],raw expression node does not retain a complete checked semantic coordinate,RuntimeTypedExpr node path ordinal i+1; checked u32 add; parameter order; exact root [0] and every present child; declaration kind Checked or Operational; operational cannot emit AWBC origin/context,P02/P07,RUNTIME_EXPR_NODE_API.md + RUNTIME_PLAN_TYPE_KIND.csv + RUNTIME_EXPR_NODE_RESOLUTION.csv
CVRS-INV-00069,runtime-plan expression,crates/arcweft-core/src/value.rs,RuntimeExpr::TraitCall / receiver,raw expression node does not retain a complete checked semantic coordinate,RuntimeTypedExpr node path ordinal 0; exact receiver type from RuntimeTraitMethod declaration; exact root [0] and every present child; declaration kind Checked or Operational; operational cannot emit AWBC origin/context,P02/P07,RUNTIME_EXPR_NODE_API.md + RUNTIME_PLAN_TYPE_KIND.csv + RUNTIME_EXPR_NODE_RESOLUTION.csv
CVRS-INV-00070,runtime-plan expression,crates/arcweft-core/src/value.rs,RuntimeExpr::TraitCall / args[i],raw expression node does not retain a complete checked semantic coordinate,RuntimeTypedExpr node path ordinal i+1; exact trait method parameter i; exact root [0] and every present child; declaration kind Checked or Operational; operational cannot emit AWBC origin/context,P02/P07,RUNTIME_EXPR_NODE_API.md + RUNTIME_PLAN_TYPE_KIND.csv + RUNTIME_EXPR_NODE_RESOLUTION.csv
CVRS-INV-00071,runtime-plan expression,crates/arcweft-core/src/value.rs,RuntimeExpr::PureCall / args[i],raw expression node does not retain a complete checked semantic coordinate,RuntimeTypedExpr node path ordinal i; exact RuntimePureHelper input_type_ids[i]; exact root [0] and every present child; declaration kind Checked or Operational; operational cannot emit AWBC origin/context,P02/P07,RUNTIME_EXPR_NODE_API.md + RUNTIME_PLAN_TYPE_KIND.csv + RUNTIME_EXPR_NODE_RESOLUTION.csv
CVRS-INV-00072,runtime-plan expression,crates/arcweft-core/src/value.rs,RuntimeExpr::SpreadArg / inner,raw expression node does not retain a complete checked semantic coordinate,RuntimeTypedExpr node path ordinal 0; same child type; spread legality checked by call owner; exact root [0] and every present child; declaration kind Checked or Operational; operational cannot emit AWBC origin/context,P02/P07,RUNTIME_EXPR_NODE_API.md + RUNTIME_PLAN_TYPE_KIND.csv + RUNTIME_EXPR_NODE_RESOLUTION.csv
CVRS-INV-00073,runtime-plan expression,crates/arcweft-core/src/value.rs,RuntimeExpr::MethodCall / receiver,raw expression node does not retain a complete checked semantic coordinate,RuntimeTypedExpr node path ordinal 0; resolved method receiver type; exact root [0] and every present child; declaration kind Checked or Operational; operational cannot emit AWBC origin/context,P02/P07,RUNTIME_EXPR_NODE_API.md + RUNTIME_PLAN_TYPE_KIND.csv + RUNTIME_EXPR_NODE_RESOLUTION.csv
CVRS-INV-00074,runtime-plan expression,crates/arcweft-core/src/value.rs,RuntimeExpr::MethodCall / args[i],raw expression node does not retain a complete checked semantic coordinate,RuntimeTypedExpr node path ordinal i+1; resolved method parameter i; exact root [0] and every present child; declaration kind Checked or Operational; operational cannot emit AWBC origin/context,P02/P07,RUNTIME_EXPR_NODE_API.md + RUNTIME_PLAN_TYPE_KIND.csv + RUNTIME_EXPR_NODE_RESOLUTION.csv
CVRS-INV-00075,runtime-plan expression,crates/arcweft-core/src/value.rs,RuntimeExpr::Map / source,raw expression node does not retain a complete checked semantic coordinate,RuntimeTypedExpr node path ordinal 0; sequence source type; exact root [0] and every present child; declaration kind Checked or Operational; operational cannot emit AWBC origin/context,P02/P07,RUNTIME_EXPR_NODE_API.md + RUNTIME_PLAN_TYPE_KIND.csv + RUNTIME_EXPR_NODE_RESOLUTION.csv
CVRS-INV-00076,runtime-plan expression,crates/arcweft-core/src/value.rs,RuntimeExpr::Map / body,raw expression node does not retain a complete checked semantic coordinate,RuntimeTypedExpr node path ordinal 1; mapped value or predicate type under bound parameter; exact root [0] and every present child; declaration kind Checked or Operational; operational cannot emit AWBC origin/context,P02/P07,RUNTIME_EXPR_NODE_API.md + RUNTIME_PLAN_TYPE_KIND.csv + RUNTIME_EXPR_NODE_RESOLUTION.csv
CVRS-INV-00077,runtime-plan expression,crates/arcweft-core/src/value.rs,RuntimeExpr::Filter / source,raw expression node does not retain a complete checked semantic coordinate,RuntimeTypedExpr node path ordinal 0; sequence source type; exact root [0] and every present child; declaration kind Checked or Operational; operational cannot emit AWBC origin/context,P02/P07,RUNTIME_EXPR_NODE_API.md + RUNTIME_PLAN_TYPE_KIND.csv + RUNTIME_EXPR_NODE_RESOLUTION.csv
CVRS-INV-00078,runtime-plan expression,crates/arcweft-core/src/value.rs,RuntimeExpr::Filter / body,raw expression node does not retain a complete checked semantic coordinate,RuntimeTypedExpr node path ordinal 1; mapped value or predicate type under bound parameter; exact root [0] and every present child; declaration kind Checked or Operational; operational cannot emit AWBC origin/context,P02/P07,RUNTIME_EXPR_NODE_API.md + RUNTIME_PLAN_TYPE_KIND.csv + RUNTIME_EXPR_NODE_RESOLUTION.csv
CVRS-INV-00079,runtime-plan expression,crates/arcweft-core/src/value.rs,RuntimeExpr::Sum / source,raw expression node does not retain a complete checked semantic coordinate,RuntimeTypedExpr node path ordinal 0; numeric sequence source; exact root [0] and every present child; declaration kind Checked or Operational; operational cannot emit AWBC origin/context,P02/P07,RUNTIME_EXPR_NODE_API.md + RUNTIME_PLAN_TYPE_KIND.csv + RUNTIME_EXPR_NODE_RESOLUTION.csv
CVRS-INV-00080,runtime-plan expression,crates/arcweft-core/src/value.rs,RuntimeExpr::Unary / expr,raw expression node does not retain a complete checked semantic coordinate,RuntimeTypedExpr node path ordinal 0; operator-specific operand/result rule; exact root [0] and every present child; declaration kind Checked or Operational; operational cannot emit AWBC origin/context,P02/P07,RUNTIME_EXPR_NODE_API.md + RUNTIME_PLAN_TYPE_KIND.csv + RUNTIME_EXPR_NODE_RESOLUTION.csv
CVRS-INV-00081,runtime-plan expression,crates/arcweft-core/src/value.rs,RuntimeExpr::Binary / lhs,raw expression node does not retain a complete checked semantic coordinate,RuntimeTypedExpr node path ordinal 0; operator-specific left operand; exact root [0] and every present child; declaration kind Checked or Operational; operational cannot emit AWBC origin/context,P02/P07,RUNTIME_EXPR_NODE_API.md + RUNTIME_PLAN_TYPE_KIND.csv + RUNTIME_EXPR_NODE_RESOLUTION.csv
CVRS-INV-00082,runtime-plan expression,crates/arcweft-core/src/value.rs,RuntimeExpr::Binary / rhs,raw expression node does not retain a complete checked semantic coordinate,RuntimeTypedExpr node path ordinal 1; operator-specific right operand; exact root [0] and every present child; declaration kind Checked or Operational; operational cannot emit AWBC origin/context,P02/P07,RUNTIME_EXPR_NODE_API.md + RUNTIME_PLAN_TYPE_KIND.csv + RUNTIME_EXPR_NODE_RESOLUTION.csv
CVRS-INV-00083,runtime-plan expression,crates/arcweft-core/src/value.rs,RuntimeExpr::If / condition,raw expression node does not retain a complete checked semantic coordinate,RuntimeTypedExpr node path ordinal 0; Bool; exact root [0] and every present child; declaration kind Checked or Operational; operational cannot emit AWBC origin/context,P02/P07,RUNTIME_EXPR_NODE_API.md + RUNTIME_PLAN_TYPE_KIND.csv + RUNTIME_EXPR_NODE_RESOLUTION.csv
CVRS-INV-00084,runtime-plan expression,crates/arcweft-core/src/value.rs,RuntimeExpr::If / then_expr,raw expression node does not retain a complete checked semantic coordinate,RuntimeTypedExpr node path ordinal 1; must equal root result type; exact root [0] and every present child; declaration kind Checked or Operational; operational cannot emit AWBC origin/context,P02/P07,RUNTIME_EXPR_NODE_API.md + RUNTIME_PLAN_TYPE_KIND.csv + RUNTIME_EXPR_NODE_RESOLUTION.csv
CVRS-INV-00085,runtime-plan expression,crates/arcweft-core/src/value.rs,RuntimeExpr::If / else_expr,raw expression node does not retain a complete checked semantic coordinate,RuntimeTypedExpr node path ordinal 2; must equal then/root result type; exact root [0] and every present child; declaration kind Checked or Operational; operational cannot emit AWBC origin/context,P02/P07,RUNTIME_EXPR_NODE_API.md + RUNTIME_PLAN_TYPE_KIND.csv + RUNTIME_EXPR_NODE_RESOLUTION.csv
CVRS-INV-00086,runtime-plan expression,crates/arcweft-core/src/value.rs,RuntimeExpr::IfLet / expr,raw expression node does not retain a complete checked semantic coordinate,RuntimeTypedExpr node path ordinal 0; pattern scrutinee type; exact root [0] and every present child; declaration kind Checked or Operational; operational cannot emit AWBC origin/context,P02/P07,RUNTIME_EXPR_NODE_API.md + RUNTIME_PLAN_TYPE_KIND.csv + RUNTIME_EXPR_NODE_RESOLUTION.csv
CVRS-INV-00087,runtime-plan expression,crates/arcweft-core/src/value.rs,RuntimeExpr::IfLet / guard,raw expression node does not retain a complete checked semantic coordinate,RuntimeTypedExpr node path ordinal 1; reserved ordinal 1; absent optional emits no row; Bool; exact root [0] and every present child; declaration kind Checked or Operational; operational cannot emit AWBC origin/context,P02/P07,RUNTIME_EXPR_NODE_API.md + RUNTIME_PLAN_TYPE_KIND.csv + RUNTIME_EXPR_NODE_RESOLUTION.csv
CVRS-INV-00088,runtime-plan expression,crates/arcweft-core/src/value.rs,RuntimeExpr::IfLet / then_expr,raw expression node does not retain a complete checked semantic coordinate,RuntimeTypedExpr node path ordinal 2; must equal root result type; exact root [0] and every present child; declaration kind Checked or Operational; operational cannot emit AWBC origin/context,P02/P07,RUNTIME_EXPR_NODE_API.md + RUNTIME_PLAN_TYPE_KIND.csv + RUNTIME_EXPR_NODE_RESOLUTION.csv
CVRS-INV-00089,runtime-plan expression,crates/arcweft-core/src/value.rs,RuntimeExpr::IfLet / else_expr,raw expression node does not retain a complete checked semantic coordinate,RuntimeTypedExpr node path ordinal 3; must equal then/root result type; exact root [0] and every present child; declaration kind Checked or Operational; operational cannot emit AWBC origin/context,P02/P07,RUNTIME_EXPR_NODE_API.md + RUNTIME_PLAN_TYPE_KIND.csv + RUNTIME_EXPR_NODE_RESOLUTION.csv
CVRS-INV-00090,runtime-plan expression,crates/arcweft-core/src/value.rs,RuntimeExpr::Match / scrutinee,raw expression node does not retain a complete checked semantic coordinate,RuntimeTypedExpr node path ordinal 0; all arm patterns use this type; exact root [0] and every present child; declaration kind Checked or Operational; operational cannot emit AWBC origin/context,P02/P07,RUNTIME_EXPR_NODE_API.md + RUNTIME_PLAN_TYPE_KIND.csv + RUNTIME_EXPR_NODE_RESOLUTION.csv
CVRS-INV-00091,runtime-plan expression,crates/arcweft-core/src/value.rs,RuntimeExpr::Match / arms[i].guard,raw expression node does not retain a complete checked semantic coordinate,RuntimeTypedExpr node path ordinal 1 + i*2; checked u32 arithmetic; absent guard emits no row; Bool; exact root [0] and every present child; declaration kind Checked or Operational; operational cannot emit AWBC origin/context,P02/P07,RUNTIME_EXPR_NODE_API.md + RUNTIME_PLAN_TYPE_KIND.csv + RUNTIME_EXPR_NODE_RESOLUTION.csv
CVRS-INV-00092,runtime-plan expression,crates/arcweft-core/src/value.rs,RuntimeExpr::Match / arms[i].expr,raw expression node does not retain a complete checked semantic coordinate,RuntimeTypedExpr node path ordinal 2 + i*2; checked u32 arithmetic; every arm equals root result type; exact root [0] and every present child; declaration kind Checked or Operational; operational cannot emit AWBC origin/context,P02/P07,RUNTIME_EXPR_NODE_API.md + RUNTIME_PLAN_TYPE_KIND.csv + RUNTIME_EXPR_NODE_RESOLUTION.csv
CVRS-INV-00093,runtime-plan pattern,crates/arcweft-core/src/pattern.rs,RuntimePattern::Ident / none,raw pattern node does not retain the independently expected type at every node,RuntimeTypedPattern path ordinal none; bind exact expected type,P5/P6,RUNTIME_PLAN_PATTERN_RESOLUTION.csv
CVRS-INV-00094,runtime-plan pattern,crates/arcweft-core/src/pattern.rs,RuntimePattern::MutIdent / none,raw pattern node does not retain the independently expected type at every node,RuntimeTypedPattern path ordinal none; bind exact expected type with mutable mode,P5/P6,RUNTIME_PLAN_PATTERN_RESOLUTION.csv
CVRS-INV-00095,runtime-plan pattern,crates/arcweft-core/src/pattern.rs,RuntimePattern::Discard / none,raw pattern node does not retain the independently expected type at every node,RuntimeTypedPattern path ordinal none; accept exact expected type without binding,P5/P6,RUNTIME_PLAN_PATTERN_RESOLUTION.csv
CVRS-INV-00096,runtime-plan pattern,crates/arcweft-core/src/pattern.rs,RuntimePattern::Literal / none,raw pattern node does not retain the independently expected type at every node,RuntimeTypedPattern path ordinal none; derive literal type and require equality,P5/P6,RUNTIME_PLAN_PATTERN_RESOLUTION.csv
CVRS-INV-00097,runtime-plan pattern,crates/arcweft-core/src/pattern.rs,RuntimePattern::Entity / none,raw pattern node does not retain the independently expected type at every node,RuntimeTypedPattern path ordinal none; require EntityReference,P5/P6,RUNTIME_PLAN_PATTERN_RESOLUTION.csv
CVRS-INV-00098,runtime-plan pattern,crates/arcweft-core/src/pattern.rs,RuntimePattern::Tuple / items[i],raw pattern node does not retain the independently expected type at every node,RuntimeTypedPattern path ordinal i; expected must be tuple; item i exact,P5/P6,RUNTIME_PLAN_PATTERN_RESOLUTION.csv
CVRS-INV-00099,runtime-plan pattern,crates/arcweft-core/src/pattern.rs,RuntimePattern::Record / fields[i].pattern,raw pattern node does not retain the independently expected type at every node,RuntimeTypedPattern path ordinal i; expected anonymous/nominal record; match one-based field identity; rest does not create child,P5/P6,RUNTIME_PLAN_PATTERN_RESOLUTION.csv
CVRS-INV-00100,runtime-plan pattern,crates/arcweft-core/src/pattern.rs,RuntimePattern::BracketSeq / items[i],raw pattern node does not retain the independently expected type at every node,RuntimeTypedPattern path ordinal i; expected sequence; item i exact; rest binding gets remainder sequence type,P5/P6,RUNTIME_PLAN_PATTERN_RESOLUTION.csv
CVRS-INV-00101,runtime-plan pattern,crates/arcweft-core/src/pattern.rs,RuntimePattern::Variant / payload,raw pattern node does not retain the independently expected type at every node,RuntimeTypedPattern path ordinal 0; owner/ordinal/name/presence then exact payload type; absent emits no child,P5/P6,RUNTIME_PLAN_PATTERN_RESOLUTION.csv
CVRS-INV-00102,runtime-plan pattern,crates/arcweft-core/src/pattern.rs,RuntimePattern::Whole / pattern,raw pattern node does not retain the independently expected type at every node,RuntimeTypedPattern path ordinal 0; inner expected equals whole expected; whole binding gets same type,P5/P6,RUNTIME_PLAN_PATTERN_RESOLUTION.csv
CVRS-INV-00103,runtime-plan pattern,crates/arcweft-core/src/pattern.rs,RuntimePattern::Typed / none,raw pattern node does not retain the independently expected type at every node,RuntimeTypedPattern path ordinal none; serialized checked type must equal independently supplied expected type,P5/P6,RUNTIME_PLAN_PATTERN_RESOLUTION.csv
CVRS-INV-00104,core plan,RuntimePlan,TypeDeclaration::Declaration(type_id),type_declarations (absent today),RuntimePlan.type_declarations: Vec<RuntimePlanTypeDeclaration>; index bounds; declaration semantic/root/check type must resolve exactly in AdmittedRuntimeGeneration; exclusion=none,P5/P6/P7,RUNTIME_PLAN_SITE_RESOLUTION.csv
CVRS-INV-00105,core plan,RuntimeEntrySpec,Entry::State,"roles.Stateful.state.{identity,layout,schema}",RuntimeNominalRole.ty: RuntimePlanTypeId; resolve ty declaration; nominal/layout/schema projection must equal declaration; exclusion=none,P5/P6/P7,RUNTIME_PLAN_SITE_RESOLUTION.csv
CVRS-INV-00106,core plan,RuntimeEntrySpec,Entry::Event,"roles.Stateful.event.{identity,layout,schema}",RuntimeNominalRole.ty: RuntimePlanTypeId; same as State; exclusion=none,P5/P6/P7,RUNTIME_PLAN_SITE_RESOLUTION.csv
CVRS-INV-00107,core plan,RuntimeEntrySpec,Entry::CommandPayload(command:u32),"roles.Stateful.command_policy.admitted[i].{payload_layout,payload_schema}",RuntimeCommandContract.payload_ty: RuntimePlanTypeId; command index bounds; declaration layout/schema must equal current fields; exclusion=none,P5/P6/P7,RUNTIME_PLAN_SITE_RESOLUTION.csv
CVRS-INV-00108,core plan,RuntimeFlowExecutable,FlowExecutable::Parameter(parameter:u32),"parameters[i].{nominal,layout}",RuntimeFlowExecutableParameter.ty: RuntimePlanTypeId; position equals i; declaration nominal/layout equals metadata; function lowering uses same ID; exclusion=none,P5/P6/P7,RUNTIME_PLAN_SITE_RESOLUTION.csv
CVRS-INV-00109,core plan,RuntimePureHelper,PureHelper::Parameter(parameter:u32),input_types[i] coarse ABI,input_type_ids: Vec<RuntimePlanTypeId>; length equals input_names/input_types; checked projection matches coarse ABI; exclusion=none,P5/P6/P7,RUNTIME_PLAN_SITE_RESOLUTION.csv
CVRS-INV-00110,core plan,RuntimePureHelper,PureHelper::Result,output_type coarse ABI,output_type_id: RuntimePlanTypeId; checked projection matches coarse ABI; exclusion=none,P5/P6/P7,RUNTIME_PLAN_SITE_RESOLUTION.csv
CVRS-INV-00111,core plan,RuntimePureHelper,PureHelperExpression::Node(path),expr: RuntimeExpr,expr: RuntimeTypedExpr; complete exact RuntimeExpr node table; root equals output_type_id; exclusion=none; exact root [0] and every present child; declaration kind Checked or Operational; operational cannot emit AWBC origin/context,P02/P07,RUNTIME_EXPR_NODE_API.md + RUNTIME_PLAN_TYPE_KIND.csv + RUNTIME_EXPR_NODE_RESOLUTION.csv
CVRS-INV-00112,core plan,RuntimeTraitMethod,TraitMethod::Receiver,receiver mode only,receiver_type_id: RuntimePlanTypeId; checked type and ownership mode validated together; exclusion=none,P5/P6/P7,RUNTIME_PLAN_SITE_RESOLUTION.csv
CVRS-INV-00113,core plan,RuntimeTraitMethod,TraitMethod::Parameter(parameter:u32),input_types[i] coarse ABI,input_type_ids: Vec<RuntimePlanTypeId>; length/name/ABI projection exact; exclusion=none,P5/P6/P7,RUNTIME_PLAN_SITE_RESOLUTION.csv
CVRS-INV-00114,core plan,RuntimeTraitMethod,TraitMethod::Result,output_type coarse ABI,output_type_id: RuntimePlanTypeId; checked projection matches coarse ABI; exclusion=none,P5/P6/P7,RUNTIME_PLAN_SITE_RESOLUTION.csv
CVRS-INV-00115,core plan,RuntimeTraitMethod,TraitMethodExpression::Node(path),body: RuntimeExpr,body: RuntimeTypedExpr; complete exact RuntimeExpr node table; root equals output_type_id; exclusion=none; exact root [0] and every present child; declaration kind Checked or Operational; operational cannot emit AWBC origin/context,P02/P07,RUNTIME_EXPR_NODE_API.md + RUNTIME_PLAN_TYPE_KIND.csv + RUNTIME_EXPR_NODE_RESOLUTION.csv
CVRS-INV-00116,core plan,FlowOp::Bind,FlowConstant::Binding(binding:u32),bindings[i].value: RuntimeValue,"bindings[i]: RuntimeTypedBinding { name, value, ty }; derive actual value shape/descriptor; compare exact declaration; exclusion=none",P5/P6/P7,RUNTIME_PLAN_SITE_RESOLUTION.csv
CVRS-INV-00117,core plan,FlowOp::Let,FlowExpression::Let.Value,expr,expr: RuntimeTypedExpr; resolve Flow coordinate then wrapper root/node rows; optional field absence emits no site; exclusion=none; exact root [0] and every present child; declaration kind Checked or Operational; operational cannot emit AWBC origin/context,P02/P07,RUNTIME_EXPR_NODE_API.md + RUNTIME_PLAN_TYPE_KIND.csv + RUNTIME_EXPR_NODE_RESOLUTION.csv
CVRS-INV-00118,core plan,FlowOp::LetElse,FlowExpression::LetElse.Value,expr,expr: RuntimeTypedExpr; resolve Flow coordinate then wrapper root/node rows; optional field absence emits no site; exclusion=none; exact root [0] and every present child; declaration kind Checked or Operational; operational cannot emit AWBC origin/context,P02/P07,RUNTIME_EXPR_NODE_API.md + RUNTIME_PLAN_TYPE_KIND.csv + RUNTIME_EXPR_NODE_RESOLUTION.csv
CVRS-INV-00119,core plan,FlowOp::AwaitMany,FlowExpression::AwaitMany.Source,target.source,target.source: RuntimeTypedExpr; resolve Flow coordinate then wrapper root/node rows; optional field absence emits no site; exclusion=none; exact root [0] and every present child; declaration kind Checked or Operational; operational cannot emit AWBC origin/context,P02/P07,RUNTIME_EXPR_NODE_API.md + RUNTIME_PLAN_TYPE_KIND.csv + RUNTIME_EXPR_NODE_RESOLUTION.csv
CVRS-INV-00120,core plan,FlowOp::If,FlowExpression::If.Condition,condition,condition: RuntimeTypedExpr; resolve Flow coordinate then wrapper root/node rows; optional field absence emits no site; exclusion=none; exact root [0] and every present child; declaration kind Checked or Operational; operational cannot emit AWBC origin/context,P02/P07,RUNTIME_EXPR_NODE_API.md + RUNTIME_PLAN_TYPE_KIND.csv + RUNTIME_EXPR_NODE_RESOLUTION.csv
CVRS-INV-00121,core plan,FlowOp::IfLet,FlowExpression::IfLet.Scrutinee,expr,expr: RuntimeTypedExpr; resolve Flow coordinate then wrapper root/node rows; optional field absence emits no site; exclusion=none; exact root [0] and every present child; declaration kind Checked or Operational; operational cannot emit AWBC origin/context,P02/P07,RUNTIME_EXPR_NODE_API.md + RUNTIME_PLAN_TYPE_KIND.csv + RUNTIME_EXPR_NODE_RESOLUTION.csv
CVRS-INV-00122,core plan,FlowOp::IfLet,FlowExpression::IfLet.Guard,guard,guard: RuntimeTypedExpr; resolve Flow coordinate then wrapper root/node rows; optional field absence emits no site; exclusion=none; exact root [0] and every present child; declaration kind Checked or Operational; operational cannot emit AWBC origin/context,P02/P07,RUNTIME_EXPR_NODE_API.md + RUNTIME_PLAN_TYPE_KIND.csv + RUNTIME_EXPR_NODE_RESOLUTION.csv
CVRS-INV-00123,core plan,FlowOp::Match,FlowExpression::Match.Scrutinee,scrutinee,scrutinee: RuntimeTypedExpr; resolve Flow coordinate then wrapper root/node rows; optional field absence emits no site; exclusion=none; exact root [0] and every present child; declaration kind Checked or Operational; operational cannot emit AWBC origin/context,P02/P07,RUNTIME_EXPR_NODE_API.md + RUNTIME_PLAN_TYPE_KIND.csv + RUNTIME_EXPR_NODE_RESOLUTION.csv
CVRS-INV-00124,core plan,FlowOp::Match,FlowExpression::Match.ArmGuard(arm:u32),arms[arm].guard,arms[arm].guard: RuntimeTypedExpr; resolve Flow coordinate then wrapper root/node rows; optional field absence emits no site; exclusion=none; exact root [0] and every present child; declaration kind Checked or Operational; operational cannot emit AWBC origin/context,P02/P07,RUNTIME_EXPR_NODE_API.md + RUNTIME_PLAN_TYPE_KIND.csv + RUNTIME_EXPR_NODE_RESOLUTION.csv
CVRS-INV-00125,core plan,FlowOp::While,FlowExpression::While.Condition,condition,condition: RuntimeTypedExpr; resolve Flow coordinate then wrapper root/node rows; optional field absence emits no site; exclusion=none; exact root [0] and every present child; declaration kind Checked or Operational; operational cannot emit AWBC origin/context,P02/P07,RUNTIME_EXPR_NODE_API.md + RUNTIME_PLAN_TYPE_KIND.csv + RUNTIME_EXPR_NODE_RESOLUTION.csv
CVRS-INV-00126,core plan,FlowOp::WhileNext,FlowExpression::WhileNext.Condition,condition,condition: RuntimeTypedExpr; resolve Flow coordinate then wrapper root/node rows; optional field absence emits no site; exclusion=none; exact root [0] and every present child; declaration kind Checked or Operational; operational cannot emit AWBC origin/context,P02/P07,RUNTIME_EXPR_NODE_API.md + RUNTIME_PLAN_TYPE_KIND.csv + RUNTIME_EXPR_NODE_RESOLUTION.csv
CVRS-INV-00127,core plan,FlowOp::WhileLet,FlowExpression::WhileLet.Scrutinee,expr,expr: RuntimeTypedExpr; resolve Flow coordinate then wrapper root/node rows; optional field absence emits no site; exclusion=none; exact root [0] and every present child; declaration kind Checked or Operational; operational cannot emit AWBC origin/context,P02/P07,RUNTIME_EXPR_NODE_API.md + RUNTIME_PLAN_TYPE_KIND.csv + RUNTIME_EXPR_NODE_RESOLUTION.csv
CVRS-INV-00128,core plan,FlowOp::WhileLet,FlowExpression::WhileLet.Guard,guard,guard: RuntimeTypedExpr; resolve Flow coordinate then wrapper root/node rows; optional field absence emits no site; exclusion=none; exact root [0] and every present child; declaration kind Checked or Operational; operational cannot emit AWBC origin/context,P02/P07,RUNTIME_EXPR_NODE_API.md + RUNTIME_PLAN_TYPE_KIND.csv + RUNTIME_EXPR_NODE_RESOLUTION.csv
CVRS-INV-00129,core plan,FlowOp::WhileLetNext,FlowExpression::WhileLetNext.Scrutinee,expr,expr: RuntimeTypedExpr; resolve Flow coordinate then wrapper root/node rows; optional field absence emits no site; exclusion=none; exact root [0] and every present child; declaration kind Checked or Operational; operational cannot emit AWBC origin/context,P02/P07,RUNTIME_EXPR_NODE_API.md + RUNTIME_PLAN_TYPE_KIND.csv + RUNTIME_EXPR_NODE_RESOLUTION.csv
CVRS-INV-00130,core plan,FlowOp::WhileLetNext,FlowExpression::WhileLetNext.Guard,guard,guard: RuntimeTypedExpr; resolve Flow coordinate then wrapper root/node rows; optional field absence emits no site; exclusion=none; exact root [0] and every present child; declaration kind Checked or Operational; operational cannot emit AWBC origin/context,P02/P07,RUNTIME_EXPR_NODE_API.md + RUNTIME_PLAN_TYPE_KIND.csv + RUNTIME_EXPR_NODE_RESOLUTION.csv
CVRS-INV-00131,core plan,FlowOp::For,FlowExpression::For.Source,source,source: RuntimeTypedExpr; resolve Flow coordinate then wrapper root/node rows; optional field absence emits no site; exclusion=none; exact root [0] and every present child; declaration kind Checked or Operational; operational cannot emit AWBC origin/context,P02/P07,RUNTIME_EXPR_NODE_API.md + RUNTIME_PLAN_TYPE_KIND.csv + RUNTIME_EXPR_NODE_RESOLUTION.csv
CVRS-INV-00132,core plan,FlowOp::LetScope,FlowExpression::LetScope.Value,value,value: RuntimeTypedExpr; resolve Flow coordinate then wrapper root/node rows; optional field absence emits no site; exclusion=none; exact root [0] and every present child; declaration kind Checked or Operational; operational cannot emit AWBC origin/context,P02/P07,RUNTIME_EXPR_NODE_API.md + RUNTIME_PLAN_TYPE_KIND.csv + RUNTIME_EXPR_NODE_RESOLUTION.csv
CVRS-INV-00133,core plan,FlowOp::Break,FlowExpression::Break.Value,0,0: RuntimeTypedExpr; resolve Flow coordinate then wrapper root/node rows; optional field absence emits no site; exclusion=none; exact root [0] and every present child; declaration kind Checked or Operational; operational cannot emit AWBC origin/context,P02/P07,RUNTIME_EXPR_NODE_API.md + RUNTIME_PLAN_TYPE_KIND.csv + RUNTIME_EXPR_NODE_RESOLUTION.csv
CVRS-INV-00134,core plan,FlowOp::GotoExpr,FlowExpression::GotoExpr.Target,0,0: RuntimeTypedExpr; resolve Flow coordinate then wrapper root/node rows; optional field absence emits no site; exclusion=none; exact root [0] and every present child; declaration kind Checked or Operational; operational cannot emit AWBC origin/context,P02/P07,RUNTIME_EXPR_NODE_API.md + RUNTIME_PLAN_TYPE_KIND.csv + RUNTIME_EXPR_NODE_RESOLUTION.csv
CVRS-INV-00135,core plan,FlowOp::ReturnExpr,FlowExpression::ReturnExpr.Value,0,0: RuntimeTypedExpr; resolve Flow coordinate then wrapper root/node rows; optional field absence emits no site; exclusion=none; exact root [0] and every present child; declaration kind Checked or Operational; operational cannot emit AWBC origin/context,P02/P07,RUNTIME_EXPR_NODE_API.md + RUNTIME_PLAN_TYPE_KIND.csv + RUNTIME_EXPR_NODE_RESOLUTION.csv
CVRS-INV-00136,core plan,FlowOp::ExitScopeBind,FlowExpression::ExitScopeBind.Value,expr,expr: RuntimeTypedExpr; resolve Flow coordinate then wrapper root/node rows; optional field absence emits no site; exclusion=none; exact root [0] and every present child; declaration kind Checked or Operational; operational cannot emit AWBC origin/context,P02/P07,RUNTIME_EXPR_NODE_API.md + RUNTIME_PLAN_TYPE_KIND.csv + RUNTIME_EXPR_NODE_RESOLUTION.csv
CVRS-INV-00137,core plan,FlowOp::Await,FlowExpression::Await.Argument(argument:u32),target.request.args[i],HostTaskArgTemplate values / host args become RuntimeTypedExpr; argument index bounds; positional/named/spread mode retained; parameter type exact; exclusion=none; exact root [0] and every present child; declaration kind Checked or Operational; operational cannot emit AWBC origin/context,P02/P07,RUNTIME_EXPR_NODE_API.md + RUNTIME_PLAN_TYPE_KIND.csv + RUNTIME_EXPR_NODE_RESOLUTION.csv
CVRS-INV-00138,core plan,FlowOp::AwaitMany,FlowExpression::AwaitMany.Argument(argument:u32),target.request.args[i],HostTaskArgTemplate values / host args become RuntimeTypedExpr; argument index bounds; positional/named/spread mode retained; parameter type exact; exclusion=none; exact root [0] and every present child; declaration kind Checked or Operational; operational cannot emit AWBC origin/context,P02/P07,RUNTIME_EXPR_NODE_API.md + RUNTIME_PLAN_TYPE_KIND.csv + RUNTIME_EXPR_NODE_RESOLUTION.csv
CVRS-INV-00139,core plan,FlowOp::HostCall,FlowExpression::HostCall.Argument(argument:u32),target.args[i],HostTaskArgTemplate values / host args become RuntimeTypedExpr; argument index bounds; positional/named/spread mode retained; parameter type exact; exclusion=none; exact root [0] and every present child; declaration kind Checked or Operational; operational cannot emit AWBC origin/context,P02/P07,RUNTIME_EXPR_NODE_API.md + RUNTIME_PLAN_TYPE_KIND.csv + RUNTIME_EXPR_NODE_RESOLUTION.csv
CVRS-INV-00140,core plan,FlowOp::EvaluatedEffect,FlowExpression::EvaluatedEffect.Argument(argument:u32),RuntimeEffectExpr::argument_exprs()[i],each RuntimeEffectExpr value field becomes RuntimeTypedExpr; stable argument_exprs order; exact parameter type; Assert/Ensure condition Bool; exclusion=none; exact root [0] and every present child; declaration kind Checked or Operational; operational cannot emit AWBC origin/context,P02/P07,RUNTIME_EXPR_NODE_API.md + RUNTIME_PLAN_TYPE_KIND.csv + RUNTIME_EXPR_NODE_RESOLUTION.csv
CVRS-INV-00141,core plan,FlowOp::RegisterCleanup,FlowExpression::RegisterCleanup.EffectArgument(argument:u32),effect descriptor has no RuntimeExpr today,no typed site unless effect is changed to RuntimeEffectExpr; excluded; no raw RuntimeValue is published from this field; exclusion=static/text effect descriptor only,P5/P6/P7,RUNTIME_PLAN_SITE_RESOLUTION.csv
CVRS-INV-00142,core plan,FlowOp::Let,FlowPattern::Let.Pattern,pattern,pattern: RuntimeTypedPattern; resolve expected type from paired expression/task result/iterator item/scope result; verify complete pattern node/binding facts; exclusion=none,P5/P6/P7,RUNTIME_PLAN_SITE_RESOLUTION.csv
CVRS-INV-00143,core plan,FlowOp::LetElse,FlowPattern::LetElse.Pattern,pattern,pattern: RuntimeTypedPattern; resolve expected type from paired expression/task result/iterator item/scope result; verify complete pattern node/binding facts; exclusion=none,P5/P6/P7,RUNTIME_PLAN_SITE_RESOLUTION.csv
CVRS-INV-00144,core plan,FlowOp::Await,FlowPattern::Await.Binding,binding,binding: RuntimeTypedPattern; resolve expected type from paired expression/task result/iterator item/scope result; verify complete pattern node/binding facts; exclusion=none,P5/P6/P7,RUNTIME_PLAN_SITE_RESOLUTION.csv
CVRS-INV-00145,core plan,FlowOp::AwaitMany,FlowPattern::AwaitMany.Binding,binding,binding: RuntimeTypedPattern; resolve expected type from paired expression/task result/iterator item/scope result; verify complete pattern node/binding facts; exclusion=none,P5/P6/P7,RUNTIME_PLAN_SITE_RESOLUTION.csv
CVRS-INV-00146,core plan,FlowOp::HostCall,FlowPattern::HostCall.Binding,binding,binding: RuntimeTypedPattern; resolve expected type from paired expression/task result/iterator item/scope result; verify complete pattern node/binding facts; exclusion=none,P5/P6/P7,RUNTIME_PLAN_SITE_RESOLUTION.csv
CVRS-INV-00147,core plan,FlowOp::IfLet,FlowPattern::IfLet.Pattern,pattern,pattern: RuntimeTypedPattern; resolve expected type from paired expression/task result/iterator item/scope result; verify complete pattern node/binding facts; exclusion=none,P5/P6/P7,RUNTIME_PLAN_SITE_RESOLUTION.csv
CVRS-INV-00148,core plan,FlowOp::Match,FlowPattern::Match.ArmPattern(arm:u32),arms[arm].pattern,arms[arm].pattern: RuntimeTypedPattern; resolve expected type from paired expression/task result/iterator item/scope result; verify complete pattern node/binding facts; exclusion=none,P5/P6/P7,RUNTIME_PLAN_SITE_RESOLUTION.csv
CVRS-INV-00149,core plan,FlowOp::LetLoop,FlowPattern::LetLoop.Pattern,pattern,pattern: RuntimeTypedPattern; resolve expected type from paired expression/task result/iterator item/scope result; verify complete pattern node/binding facts; exclusion=none,P5/P6/P7,RUNTIME_PLAN_SITE_RESOLUTION.csv
CVRS-INV-00150,core plan,FlowOp::WhileLet,FlowPattern::WhileLet.Pattern,pattern,pattern: RuntimeTypedPattern; resolve expected type from paired expression/task result/iterator item/scope result; verify complete pattern node/binding facts; exclusion=none,P5/P6/P7,RUNTIME_PLAN_SITE_RESOLUTION.csv
CVRS-INV-00151,core plan,FlowOp::WhileLetNext,FlowPattern::WhileLetNext.Pattern,pattern,pattern: RuntimeTypedPattern; resolve expected type from paired expression/task result/iterator item/scope result; verify complete pattern node/binding facts; exclusion=none,P5/P6/P7,RUNTIME_PLAN_SITE_RESOLUTION.csv
CVRS-INV-00152,core plan,FlowOp::For,FlowPattern::For.Pattern,pattern,pattern: RuntimeTypedPattern; resolve expected type from paired expression/task result/iterator item/scope result; verify complete pattern node/binding facts; exclusion=none,P5/P6/P7,RUNTIME_PLAN_SITE_RESOLUTION.csv
CVRS-INV-00153,core plan,FlowOp::ForNext,FlowPattern::ForNext.Pattern,pattern,pattern: RuntimeTypedPattern; resolve expected type from paired expression/task result/iterator item/scope result; verify complete pattern node/binding facts; exclusion=none,P5/P6/P7,RUNTIME_PLAN_SITE_RESOLUTION.csv
CVRS-INV-00154,core plan,FlowOp::LetScope,FlowPattern::LetScope.Pattern,pattern,pattern: RuntimeTypedPattern; resolve expected type from paired expression/task result/iterator item/scope result; verify complete pattern node/binding facts; exclusion=none,P5/P6/P7,RUNTIME_PLAN_SITE_RESOLUTION.csv
CVRS-INV-00155,core plan,FlowOp::ExitScopeBind,FlowPattern::ExitScopeBind.Pattern,pattern,pattern: RuntimeTypedPattern; resolve expected type from paired expression/task result/iterator item/scope result; verify complete pattern node/binding facts; exclusion=none,P5/P6/P7,RUNTIME_PLAN_SITE_RESOLUTION.csv
CVRS-INV-00156,core plan,FlowOp::LetElse,FlowCoordinate::LetElseElse(op:u32),else_ops,RuntimeFlowOpCoordinate.descent: Box<[RuntimeFlowOpStep]>; each step validates parent variant and child bounds; no numeric variant inference; exclusion=coordinate only; not a type root,P5/P6/P7,RUNTIME_PLAN_SITE_RESOLUTION.csv
CVRS-INV-00157,core plan,FlowOp::If,FlowCoordinate::IfThen(op:u32),then_ops,RuntimeFlowOpCoordinate.descent: Box<[RuntimeFlowOpStep]>; each step validates parent variant and child bounds; no numeric variant inference; exclusion=coordinate only; not a type root,P5/P6/P7,RUNTIME_PLAN_SITE_RESOLUTION.csv
CVRS-INV-00158,core plan,FlowOp::If,FlowCoordinate::IfElse(op:u32),else_ops,RuntimeFlowOpCoordinate.descent: Box<[RuntimeFlowOpStep]>; each step validates parent variant and child bounds; no numeric variant inference; exclusion=coordinate only; not a type root,P5/P6/P7,RUNTIME_PLAN_SITE_RESOLUTION.csv
CVRS-INV-00159,core plan,FlowOp::IfLet,FlowCoordinate::IfLetThen(op:u32),then_ops,RuntimeFlowOpCoordinate.descent: Box<[RuntimeFlowOpStep]>; each step validates parent variant and child bounds; no numeric variant inference; exclusion=coordinate only; not a type root,P5/P6/P7,RUNTIME_PLAN_SITE_RESOLUTION.csv
CVRS-INV-00160,core plan,FlowOp::IfLet,FlowCoordinate::IfLetElse(op:u32),else_ops,RuntimeFlowOpCoordinate.descent: Box<[RuntimeFlowOpStep]>; each step validates parent variant and child bounds; no numeric variant inference; exclusion=coordinate only; not a type root,P5/P6/P7,RUNTIME_PLAN_SITE_RESOLUTION.csv
CVRS-INV-00161,core plan,FlowOp::Match,"FlowCoordinate::MatchArm { arm:u32, op:u32 }",arms[arm].ops,RuntimeFlowOpCoordinate.descent: Box<[RuntimeFlowOpStep]>; each step validates parent variant and child bounds; no numeric variant inference; exclusion=coordinate only; not a type root,P5/P6/P7,RUNTIME_PLAN_SITE_RESOLUTION.csv
CVRS-INV-00162,core plan,FlowOp::Loop,FlowCoordinate::LoopBody(op:u32),body,RuntimeFlowOpCoordinate.descent: Box<[RuntimeFlowOpStep]>; each step validates parent variant and child bounds; no numeric variant inference; exclusion=coordinate only; not a type root,P5/P6/P7,RUNTIME_PLAN_SITE_RESOLUTION.csv
CVRS-INV-00163,core plan,FlowOp::LetLoop,FlowCoordinate::LetLoopBody(op:u32),body,RuntimeFlowOpCoordinate.descent: Box<[RuntimeFlowOpStep]>; each step validates parent variant and child bounds; no numeric variant inference; exclusion=coordinate only; not a type root,P5/P6/P7,RUNTIME_PLAN_SITE_RESOLUTION.csv
CVRS-INV-00164,core plan,FlowOp::LoopNext,FlowCoordinate::LoopNextBody(op:u32),body,RuntimeFlowOpCoordinate.descent: Box<[RuntimeFlowOpStep]>; each step validates parent variant and child bounds; no numeric variant inference; exclusion=coordinate only; not a type root,P5/P6/P7,RUNTIME_PLAN_SITE_RESOLUTION.csv
CVRS-INV-00165,core plan,FlowOp::While,FlowCoordinate::WhileBody(op:u32),body,RuntimeFlowOpCoordinate.descent: Box<[RuntimeFlowOpStep]>; each step validates parent variant and child bounds; no numeric variant inference; exclusion=coordinate only; not a type root,P5/P6/P7,RUNTIME_PLAN_SITE_RESOLUTION.csv
CVRS-INV-00166,core plan,FlowOp::WhileNext,FlowCoordinate::WhileNextBody(op:u32),body,RuntimeFlowOpCoordinate.descent: Box<[RuntimeFlowOpStep]>; each step validates parent variant and child bounds; no numeric variant inference; exclusion=coordinate only; not a type root,P5/P6/P7,RUNTIME_PLAN_SITE_RESOLUTION.csv
CVRS-INV-00167,core plan,FlowOp::WhileLet,FlowCoordinate::WhileLetBody(op:u32),body,RuntimeFlowOpCoordinate.descent: Box<[RuntimeFlowOpStep]>; each step validates parent variant and child bounds; no numeric variant inference; exclusion=coordinate only; not a type root,P5/P6/P7,RUNTIME_PLAN_SITE_RESOLUTION.csv
CVRS-INV-00168,core plan,FlowOp::WhileLetNext,FlowCoordinate::WhileLetNextBody(op:u32),body,RuntimeFlowOpCoordinate.descent: Box<[RuntimeFlowOpStep]>; each step validates parent variant and child bounds; no numeric variant inference; exclusion=coordinate only; not a type root,P5/P6/P7,RUNTIME_PLAN_SITE_RESOLUTION.csv
CVRS-INV-00169,core plan,FlowOp::For,FlowCoordinate::ForBody(op:u32),body,RuntimeFlowOpCoordinate.descent: Box<[RuntimeFlowOpStep]>; each step validates parent variant and child bounds; no numeric variant inference; exclusion=coordinate only; not a type root,P5/P6/P7,RUNTIME_PLAN_SITE_RESOLUTION.csv
CVRS-INV-00170,core plan,FlowOp::ForNext,FlowCoordinate::ForNextBody(op:u32),body,RuntimeFlowOpCoordinate.descent: Box<[RuntimeFlowOpStep]>; each step validates parent variant and child bounds; no numeric variant inference; exclusion=coordinate only; not a type root,P5/P6/P7,RUNTIME_PLAN_SITE_RESOLUTION.csv
CVRS-INV-00171,core plan,FlowOp::Thread,FlowCoordinate::ThreadBody(op:u32),body,RuntimeFlowOpCoordinate.descent: Box<[RuntimeFlowOpStep]>; each step validates parent variant and child bounds; no numeric variant inference; exclusion=coordinate only; not a type root,P5/P6/P7,RUNTIME_PLAN_SITE_RESOLUTION.csv
CVRS-INV-00172,core plan,FlowOp::Scope,FlowCoordinate::ScopeBody(op:u32),0,RuntimeFlowOpCoordinate.descent: Box<[RuntimeFlowOpStep]>; each step validates parent variant and child bounds; no numeric variant inference; exclusion=coordinate only; not a type root,P5/P6/P7,RUNTIME_PLAN_SITE_RESOLUTION.csv
CVRS-INV-00173,core plan,FlowOp::LetScope,FlowCoordinate::LetScopeBody(op:u32),ops,RuntimeFlowOpCoordinate.descent: Box<[RuntimeFlowOpStep]>; each step validates parent variant and child bounds; no numeric variant inference; exclusion=coordinate only; not a type root,P5/P6/P7,RUNTIME_PLAN_SITE_RESOLUTION.csv
CVRS-INV-00174,core plan,FlowOp::Dialogue,Excluded::Dialogue,entire variant,no RuntimePlanTypedSite emitted; structural validation only; exclusion=line/task_group identities only,P5/P6/P7,RUNTIME_PLAN_SITE_RESOLUTION.csv
CVRS-INV-00175,core plan,FlowOp::Choice,Excluded::Choice,entire variant,no RuntimePlanTypedSite emitted; structural validation only; exclusion=labels/flow targets/static out text/effects only,P5/P6/P7,RUNTIME_PLAN_SITE_RESOLUTION.csv
CVRS-INV-00176,core plan,FlowOp::Loop,Excluded::Loop,entire variant,no RuntimePlanTypedSite emitted; structural validation only; exclusion=container only,P5/P6/P7,RUNTIME_PLAN_SITE_RESOLUTION.csv
CVRS-INV-00177,core plan,FlowOp::LoopNext,Excluded::LoopNext,entire variant,no RuntimePlanTypedSite emitted; structural validation only; exclusion=container only,P5/P6/P7,RUNTIME_PLAN_SITE_RESOLUTION.csv
CVRS-INV-00178,core plan,FlowOp::Thread,Excluded::Thread,entire variant,no RuntimePlanTypedSite emitted; structural validation only; exclusion=container only,P5/P6/P7,RUNTIME_PLAN_SITE_RESOLUTION.csv
CVRS-INV-00179,core plan,FlowOp::Scope,Excluded::Scope,entire variant,no RuntimePlanTypedSite emitted; structural validation only; exclusion=container only,P5/P6/P7,RUNTIME_PLAN_SITE_RESOLUTION.csv
CVRS-INV-00180,core plan,FlowOp::Continue,Excluded::Continue,entire variant,no RuntimePlanTypedSite emitted; structural validation only; exclusion=control only,P5/P6/P7,RUNTIME_PLAN_SITE_RESOLUTION.csv
CVRS-INV-00181,core plan,FlowOp::Goto,Excluded::Goto,entire variant,no RuntimePlanTypedSite emitted; structural validation only; exclusion=FlowRuntimeId only,P5/P6/P7,RUNTIME_PLAN_SITE_RESOLUTION.csv
CVRS-INV-00182,core plan,FlowOp::Return,Excluded::Return,entire variant,no RuntimePlanTypedSite emitted; structural validation only; exclusion=legacy String return only,P5/P6/P7,RUNTIME_PLAN_SITE_RESOLUTION.csv
CVRS-INV-00183,core plan,FlowOp::Effect,Excluded::Effect,entire variant,no RuntimePlanTypedSite emitted; structural validation only; exclusion=LineEffectRequest static/text payload only,P5/P6/P7,RUNTIME_PLAN_SITE_RESOLUTION.csv
CVRS-INV-00184,core plan,FlowOp::CancelCleanup,Excluded::CancelCleanup,entire variant,no RuntimePlanTypedSite emitted; structural validation only; exclusion=string key only,P5/P6/P7,RUNTIME_PLAN_SITE_RESOLUTION.csv
CVRS-INV-00185,core plan,FlowOp::EnterScope,Excluded::EnterScope,entire variant,no RuntimePlanTypedSite emitted; structural validation only; exclusion=control only,P5/P6/P7,RUNTIME_PLAN_SITE_RESOLUTION.csv
CVRS-INV-00186,core plan,FlowOp::ExitScope,Excluded::ExitScope,entire variant,no RuntimePlanTypedSite emitted; structural validation only; exclusion=control only,P5/P6/P7,RUNTIME_PLAN_SITE_RESOLUTION.csv
CVRS-INV-00187,core plan,FlowOp::Noop,Excluded::Noop,entire variant,no RuntimePlanTypedSite emitted; structural validation only; exclusion=control only,P5/P6/P7,RUNTIME_PLAN_SITE_RESOLUTION.csv
CVRS-INV-00188,core plan,FlowOp::ForNext,Excluded::ForNext.iterator,iterator: RuntimeIterator,no root site; continuation-owned iterator state; ownership/nesting validation only; exclusion=not an authored plan semantic root,P5/P6/P7,RUNTIME_PLAN_SITE_RESOLUTION.csv
CVRS-INV-00189,core plan,FlowOp::Return,Excluded::Return(String),legacy text result,delete when ReturnExpr migration completes; no typed row; source text never becomes a root; exclusion=legacy non-RuntimeValue payload,P5/P6/P7,RUNTIME_PLAN_SITE_RESOLUTION.csv
CVRS-INV-00190,core plan,StreamPlan,Stream::Item,item_ty: String,item_type: RuntimePlanTypeId; declaration exact; no string parsing; exclusion=none,P5/P6/P7,RUNTIME_PLAN_SITE_RESOLUTION.csv
CVRS-INV-00191,core plan,StreamPlan,Stream::Error,error_ty: String,error_type: RuntimePlanTypeId; declaration exact; no string parsing; exclusion=none,P5/P6/P7,RUNTIME_PLAN_SITE_RESOLUTION.csv
CVRS-INV-00192,core plan,StreamOp::Let,StreamExpression::Let.Value,expr,expr: RuntimeTypedExpr; resolve Stream op coordinate and exact node facts; exclusion=none; exact root [0] and every present child; declaration kind Checked or Operational; operational cannot emit AWBC origin/context,P02/P07,RUNTIME_EXPR_NODE_API.md + RUNTIME_PLAN_TYPE_KIND.csv + RUNTIME_EXPR_NODE_RESOLUTION.csv
CVRS-INV-00193,core plan,StreamOp::ForNext,StreamExpression::ForNext.Source,source,source: RuntimeTypedExpr; resolve Stream op coordinate and exact node facts; exclusion=none; exact root [0] and every present child; declaration kind Checked or Operational; operational cannot emit AWBC origin/context,P02/P07,RUNTIME_EXPR_NODE_API.md + RUNTIME_PLAN_TYPE_KIND.csv + RUNTIME_EXPR_NODE_RESOLUTION.csv
CVRS-INV-00194,core plan,StreamOp::Yield,StreamExpression::Yield.Value,expr,expr: RuntimeTypedExpr; resolve Stream op coordinate and exact node facts; exclusion=none; exact root [0] and every present child; declaration kind Checked or Operational; operational cannot emit AWBC origin/context,P02/P07,RUNTIME_EXPR_NODE_API.md + RUNTIME_PLAN_TYPE_KIND.csv + RUNTIME_EXPR_NODE_RESOLUTION.csv
CVRS-INV-00195,core plan,StreamOp::If,StreamExpression::If.Condition,condition,condition: RuntimeTypedExpr; resolve Stream op coordinate and exact node facts; exclusion=none; exact root [0] and every present child; declaration kind Checked or Operational; operational cannot emit AWBC origin/context,P02/P07,RUNTIME_EXPR_NODE_API.md + RUNTIME_PLAN_TYPE_KIND.csv + RUNTIME_EXPR_NODE_RESOLUTION.csv
CVRS-INV-00196,core plan,StreamOp::Match,StreamExpression::Match.Scrutinee,scrutinee,scrutinee: RuntimeTypedExpr; resolve Stream op coordinate and exact node facts; exclusion=none; exact root [0] and every present child; declaration kind Checked or Operational; operational cannot emit AWBC origin/context,P02/P07,RUNTIME_EXPR_NODE_API.md + RUNTIME_PLAN_TYPE_KIND.csv + RUNTIME_EXPR_NODE_RESOLUTION.csv
CVRS-INV-00197,core plan,StreamOp::Match,StreamExpression::Match.ArmGuard(arm:u32),arms[arm].guard,arms[arm].guard: RuntimeTypedExpr; resolve Stream op coordinate and exact node facts; exclusion=none; exact root [0] and every present child; declaration kind Checked or Operational; operational cannot emit AWBC origin/context,P02/P07,RUNTIME_EXPR_NODE_API.md + RUNTIME_PLAN_TYPE_KIND.csv + RUNTIME_EXPR_NODE_RESOLUTION.csv
CVRS-INV-00198,core plan,StreamOp::Close,StreamExpression::Close.Source,source,source: RuntimeTypedExpr; resolve Stream op coordinate and exact node facts; exclusion=none; exact root [0] and every present child; declaration kind Checked or Operational; operational cannot emit AWBC origin/context,P02/P07,RUNTIME_EXPR_NODE_API.md + RUNTIME_PLAN_TYPE_KIND.csv + RUNTIME_EXPR_NODE_RESOLUTION.csv
CVRS-INV-00199,core plan,StreamOp::Let,StreamPattern::Let.Pattern,pattern,pattern: RuntimeTypedPattern; Let from expression; ForNext from item; Match from scrutinee; exclusion=none,P5/P6/P7,RUNTIME_PLAN_SITE_RESOLUTION.csv
CVRS-INV-00200,core plan,StreamOp::ForNext,StreamPattern::ForNext.Pattern,pattern,pattern: RuntimeTypedPattern; Let from expression; ForNext from item; Match from scrutinee; exclusion=none,P5/P6/P7,RUNTIME_PLAN_SITE_RESOLUTION.csv
CVRS-INV-00201,core plan,StreamOp::Match,StreamPattern::Match.ArmPattern(arm:u32),arms[arm].pattern,arms[arm].pattern: RuntimeTypedPattern; Let from expression; ForNext from item; Match from scrutinee; exclusion=none,P5/P6/P7,RUNTIME_PLAN_SITE_RESOLUTION.csv
CVRS-INV-00202,core plan,StreamOp::Return,Excluded::Stream.Return,no value,no typed site; control only; exclusion=deliberate,P5/P6/P7,RUNTIME_PLAN_SITE_RESOLUTION.csv
CVRS-INV-00203,core plan,SourcePlan,Source::Item,item_ty: String,item_type: RuntimePlanTypeId; declaration exact; no string parsing; exclusion=none,P5/P6/P7,RUNTIME_PLAN_SITE_RESOLUTION.csv
CVRS-INV-00204,core plan,SourcePlan,Source::Error,error_ty: String,error_type: RuntimePlanTypeId; declaration exact; no string parsing; exclusion=none,P5/P6/P7,RUNTIME_PLAN_SITE_RESOLUTION.csv
CVRS-INV-00205,core plan,SourcePlan,SourceExpression::Open.Node(path),from: RuntimeExpr,from: RuntimeTypedExpr; complete node facts; exclusion=none; exact root [0] and every present child; declaration kind Checked or Operational; operational cannot emit AWBC origin/context,P02/P07,RUNTIME_EXPR_NODE_API.md + RUNTIME_PLAN_TYPE_KIND.csv + RUNTIME_EXPR_NODE_RESOLUTION.csv
CVRS-INV-00206,core plan,SourceHandlerPlan::Item,SourcePattern::Item.Pattern.Node(path),pattern,pattern: RuntimeTypedPattern; expected resolves from item_type; complete node/binding facts; exclusion=none,P5/P6/P7,RUNTIME_PLAN_SITE_RESOLUTION.csv
CVRS-INV-00207,core plan,SourceHandlerPlan::Error,SourcePattern::Error.Pattern.Node(path),pattern,pattern: RuntimeTypedPattern; expected resolves from error_type; complete node/binding facts; exclusion=none,P5/P6/P7,RUNTIME_PLAN_SITE_RESOLUTION.csv
CVRS-INV-00208,core plan,SourceHandlerPlan::Progress,SourcePattern::Progress.Pattern.Node(path),pattern,pattern: RuntimeTypedPattern; expected resolves from canonical progress type; complete node/binding facts; exclusion=none,P5/P6/P7,RUNTIME_PLAN_SITE_RESOLUTION.csv
CVRS-INV-00209,core plan,SourceHandlerPlan::Item,SourceExpression::Item.Yield(op:u32).Node(path),ops[j] where SourceOp::Yield(expr),expr: RuntimeTypedExpr; handler/op bounds; node table exact; exclusion=none; exact root [0] and every present child; declaration kind Checked or Operational; operational cannot emit AWBC origin/context,P02/P07,RUNTIME_EXPR_NODE_API.md + RUNTIME_PLAN_TYPE_KIND.csv + RUNTIME_EXPR_NODE_RESOLUTION.csv
CVRS-INV-00210,core plan,SourceHandlerPlan::Error,SourceExpression::Error.Yield(op:u32).Node(path),ops[j] where SourceOp::Yield(expr),expr: RuntimeTypedExpr; handler/op bounds; node table exact; exclusion=none; exact root [0] and every present child; declaration kind Checked or Operational; operational cannot emit AWBC origin/context,P02/P07,RUNTIME_EXPR_NODE_API.md + RUNTIME_PLAN_TYPE_KIND.csv + RUNTIME_EXPR_NODE_RESOLUTION.csv
CVRS-INV-00211,core plan,SourceHandlerPlan::Progress,SourceExpression::Progress.Yield(op:u32).Node(path),ops[j] where SourceOp::Yield(expr),expr: RuntimeTypedExpr; handler/op bounds; node table exact; exclusion=none; exact root [0] and every present child; declaration kind Checked or Operational; operational cannot emit AWBC origin/context,P02/P07,RUNTIME_EXPR_NODE_API.md + RUNTIME_PLAN_TYPE_KIND.csv + RUNTIME_EXPR_NODE_RESOLUTION.csv
CVRS-INV-00212,core plan,SourceHandlerPlan::Disconnected,SourceExpression::Disconnected.Yield(op:u32).Node(path),ops[j] where SourceOp::Yield(expr),expr: RuntimeTypedExpr; handler/op bounds; node table exact; exclusion=none; exact root [0] and every present child; declaration kind Checked or Operational; operational cannot emit AWBC origin/context,P02/P07,RUNTIME_EXPR_NODE_API.md + RUNTIME_PLAN_TYPE_KIND.csv + RUNTIME_EXPR_NODE_RESOLUTION.csv
CVRS-INV-00213,core plan,SourceHandlerPlan::PermissionRevoked,SourceExpression::PermissionRevoked.Yield(op:u32).Node(path),ops[j] where SourceOp::Yield(expr),expr: RuntimeTypedExpr; handler/op bounds; node table exact; exclusion=none; exact root [0] and every present child; declaration kind Checked or Operational; operational cannot emit AWBC origin/context,P02/P07,RUNTIME_EXPR_NODE_API.md + RUNTIME_PLAN_TYPE_KIND.csv + RUNTIME_EXPR_NODE_RESOLUTION.csv
CVRS-INV-00214,core plan,SourceHandlerPlan::End,SourceExpression::End.Yield(op:u32).Node(path),ops[j] where SourceOp::Yield(expr),expr: RuntimeTypedExpr; handler/op bounds; node table exact; exclusion=none; exact root [0] and every present child; declaration kind Checked or Operational; operational cannot emit AWBC origin/context,P02/P07,RUNTIME_EXPR_NODE_API.md + RUNTIME_PLAN_TYPE_KIND.csv + RUNTIME_EXPR_NODE_RESOLUTION.csv
CVRS-INV-00215,core plan,"SourceOp::{Effect,SignalWrite,Log,Close}",Excluded::SourceEffect/TextOps,static/text payloads,no typed site unless owner becomes RuntimeEffectExpr; structural validation only; exclusion=no RuntimeExpr in current field,P5/P6/P7,RUNTIME_PLAN_SITE_RESOLUTION.csv
CVRS-INV-00216,core plan,SourceOp::EvaluatedEffect,SourceExpression::EvaluatedEffect.Argument(argument:u32),RuntimeEffectExpr arguments,typed expressions; stable argument order and exact types; exclusion=none,P5/P6/P7,RUNTIME_PLAN_SITE_RESOLUTION.csv
CVRS-INV-00217,core plan,LineTaskGroup.options[i].value: String,Excluded::LineOptionRequest,string value,must lower directly to typed AWBC constant; no RuntimePlan root row is fabricated; reject plan-to-AWBC origin claim from this field; exclusion=current raw owner retains only source/display text,P5/P6/P7,RUNTIME_PLAN_SITE_RESOLUTION.csv
CVRS-INV-00218,core plan,"LineTaskGroup.bindings[i].{pattern,value}: String",Excluded::LineBindingRequest,strings,must lower before final RuntimePlan admission or be omitted from typed roots; no semantic ID can be recomputed; exclusion=current raw owner lacks typed evidence,P5/P6/P7,RUNTIME_PLAN_SITE_RESOLUTION.csv
CVRS-INV-00219,core plan,LineTaskGroup.out[i].value: String,Excluded::LineOutRequest,string,must lower before final RuntimePlan admission or remain non-root legacy text; no semantic ID can be recomputed; exclusion=current raw owner lacks typed evidence,P5/P6/P7,RUNTIME_PLAN_SITE_RESOLUTION.csv
CVRS-INV-00220,core AWBC,AwbcProgram.runtime_types,RuntimeType::Layout,runtime_types[ty],read AwbcRuntimeTypeDeclaration; project to exact RuntimeCheckedType; compare semantic/domain to AdmittedRuntimeGeneration; change=replace Vec<AwbcRuntimeType> with Vec<AwbcRuntimeTypeDeclaration>; declaration fields private; no default; exclusion=none,P8/P9/P10,AWBC_SITE_RESOLUTION.csv
CVRS-INV-00221,core AWBC,AwbcProgram.constants,Constant::Value,constants[c],"read AwbcTypedConstant.ty then validate value recursively against that declaration; change=replace AwbcConstant row with AwbcTypedConstant { value, ty }; exclusion=none",P8/P9/P10,AWBC_SITE_RESOLUTION.csv
CVRS-INV-00222,core AWBC,AwbcProgram.signatures,Signature::Parameter(parameter:u32),signatures[s].params[i],bounds s/i; return referenced AwbcTypeId declaration; change=none; exclusion=none,P8/P9/P10,AWBC_SITE_RESOLUTION.csv
CVRS-INV-00223,core AWBC,AwbcProgram.signatures,Signature::Result,signatures[s].result,bounds; absence is exact Unit/no-value ABI and emits no result site; change=none; exclusion=none,P8/P9/P10,AWBC_SITE_RESOLUTION.csv
CVRS-INV-00224,core AWBC,AwbcProgram.frame_layouts,Frame::Slot(register:AwbcRegisterId),frame_layouts[f].slots[register],function -> frame_layout; register index -> slot.ty; role/scope validated; change=none; exclusion=none,P8/P9/P10,AWBC_SITE_RESOLUTION.csv
CVRS-INV-00225,core AWBC,AwbcProgram.functions,Function::Parameter(parameter:u32),functions[f].signature -> signatures.params,function/signature/frame parameter prefix equality; change=none; exclusion=none,P8/P9/P10,AWBC_SITE_RESOLUTION.csv
CVRS-INV-00226,core AWBC,AwbcProgram.functions,Function::Result,functions[f].signature -> signatures.result,function signature result; Return/Call destinations must agree; change=none; exclusion=none,P8/P9/P10,AWBC_SITE_RESOLUTION.csv
CVRS-INV-00227,core AWBC,AwbcProgram.functions,Function::Register(register:AwbcRegisterId),functions[f].frame_layout -> frame slots,single register-type authority for every instruction operand/destination; change=none; exclusion=none,P8/P9/P10,AWBC_SITE_RESOLUTION.csv
CVRS-INV-00228,core AWBC,AwbcInstruction,Instruction::Nop.NoTypedSlot,Nop,structural/reference checks only; change=none; exclusion=no RuntimeValue type field for this variant,P8/P9/P10,AWBC_SITE_RESOLUTION.csv
CVRS-INV-00229,core AWBC,AwbcInstruction,Instruction::LoadConst.Destination,LoadConst.dst,frame(dst); change=MakeFunction/ApplyFunction remain deliberate non-root operational Function values; all other fields need no new slot ordinal because the enum variant names the field; exclusion=none,P8/P9/P10,AWBC_SITE_RESOLUTION.csv
CVRS-INV-00230,core AWBC,AwbcInstruction,Instruction::LoadConst.Constant,LoadConst.constant,typed constant type; change=MakeFunction/ApplyFunction remain deliberate non-root operational Function values; all other fields need no new slot ordinal because the enum variant names the field; exclusion=none,P8/P9/P10,AWBC_SITE_RESOLUTION.csv
CVRS-INV-00231,core AWBC,AwbcInstruction,Instruction::Move.Destination,Move.dst,frame(dst); change=MakeFunction/ApplyFunction remain deliberate non-root operational Function values; all other fields need no new slot ordinal because the enum variant names the field; exclusion=none,P8/P9/P10,AWBC_SITE_RESOLUTION.csv
CVRS-INV-00232,core AWBC,AwbcInstruction,Instruction::Move.Source,Move.src,frame(src); change=MakeFunction/ApplyFunction remain deliberate non-root operational Function values; all other fields need no new slot ordinal because the enum variant names the field; exclusion=none,P8/P9/P10,AWBC_SITE_RESOLUTION.csv
CVRS-INV-00233,core AWBC,AwbcInstruction,Instruction::Clear.Register,Clear.register,frame(register); change=MakeFunction/ApplyFunction remain deliberate non-root operational Function values; all other fields need no new slot ordinal because the enum variant names the field; exclusion=none,P8/P9/P10,AWBC_SITE_RESOLUTION.csv
CVRS-INV-00234,core AWBC,AwbcInstruction,Instruction::EnterScope.NoTypedSlot,EnterScope,structural/reference checks only; change=none; exclusion=no RuntimeValue type field for this variant,P8/P9/P10,AWBC_SITE_RESOLUTION.csv
CVRS-INV-00235,core AWBC,AwbcInstruction,Instruction::ExitScope.NoTypedSlot,ExitScope,structural/reference checks only; change=none; exclusion=no RuntimeValue type field for this variant,P8/P9/P10,AWBC_SITE_RESOLUTION.csv
CVRS-INV-00236,core AWBC,AwbcInstruction,Instruction::BindPattern.PatternExpected,BindPattern.pattern,typed pattern expected; change=MakeFunction/ApplyFunction remain deliberate non-root operational Function values; all other fields need no new slot ordinal because the enum variant names the field; exclusion=none,P8/P9/P10,AWBC_SITE_RESOLUTION.csv
CVRS-INV-00237,core AWBC,AwbcInstruction,Instruction::BindPattern.Value,BindPattern.value,frame(value); change=MakeFunction/ApplyFunction remain deliberate non-root operational Function values; all other fields need no new slot ordinal because the enum variant names the field; exclusion=none,P8/P9/P10,AWBC_SITE_RESOLUTION.csv
CVRS-INV-00238,core AWBC,AwbcInstruction,Instruction::TestPattern.DestinationBool,TestPattern.dst,frame(dst) must Bool; change=MakeFunction/ApplyFunction remain deliberate non-root operational Function values; all other fields need no new slot ordinal because the enum variant names the field; exclusion=none,P8/P9/P10,AWBC_SITE_RESOLUTION.csv
CVRS-INV-00239,core AWBC,AwbcInstruction,Instruction::TestPattern.PatternExpected,TestPattern.pattern,typed pattern expected; change=MakeFunction/ApplyFunction remain deliberate non-root operational Function values; all other fields need no new slot ordinal because the enum variant names the field; exclusion=none,P8/P9/P10,AWBC_SITE_RESOLUTION.csv
CVRS-INV-00240,core AWBC,AwbcInstruction,Instruction::TestPattern.Value,TestPattern.value,frame(value); change=MakeFunction/ApplyFunction remain deliberate non-root operational Function values; all other fields need no new slot ordinal because the enum variant names the field; exclusion=none,P8/P9/P10,AWBC_SITE_RESOLUTION.csv
CVRS-INV-00241,core AWBC,AwbcInstruction,Instruction::MakeTuple.Destination,MakeTuple.dst,frame(dst) tuple; change=MakeFunction/ApplyFunction remain deliberate non-root operational Function values; all other fields need no new slot ordinal because the enum variant names the field; exclusion=none,P8/P9/P10,AWBC_SITE_RESOLUTION.csv
CVRS-INV-00242,core AWBC,AwbcInstruction,Instruction::MakeTuple.Item(item:u32),MakeTuple.items[i],frame(items[i]); change=MakeFunction/ApplyFunction remain deliberate non-root operational Function values; all other fields need no new slot ordinal because the enum variant names the field; exclusion=none,P8/P9/P10,AWBC_SITE_RESOLUTION.csv
CVRS-INV-00243,core AWBC,AwbcInstruction,Instruction::MakeSequence.Destination,MakeSequence.dst,frame(dst) sequence; change=MakeFunction/ApplyFunction remain deliberate non-root operational Function values; all other fields need no new slot ordinal because the enum variant names the field; exclusion=none,P8/P9/P10,AWBC_SITE_RESOLUTION.csv
CVRS-INV-00244,core AWBC,AwbcInstruction,Instruction::MakeSequence.Item(item:u32),MakeSequence.items[i],frame(items[i]); change=MakeFunction/ApplyFunction remain deliberate non-root operational Function values; all other fields need no new slot ordinal because the enum variant names the field; exclusion=none,P8/P9/P10,AWBC_SITE_RESOLUTION.csv
CVRS-INV-00245,core AWBC,AwbcInstruction,Instruction::RepeatSequence.Destination,RepeatSequence.dst,frame(dst) sequence; change=MakeFunction/ApplyFunction remain deliberate non-root operational Function values; all other fields need no new slot ordinal because the enum variant names the field; exclusion=none,P8/P9/P10,AWBC_SITE_RESOLUTION.csv
CVRS-INV-00246,core AWBC,AwbcInstruction,Instruction::RepeatSequence.Value,RepeatSequence.value,frame(value) item; change=MakeFunction/ApplyFunction remain deliberate non-root operational Function values; all other fields need no new slot ordinal because the enum variant names the field; exclusion=none,P8/P9/P10,AWBC_SITE_RESOLUTION.csv
CVRS-INV-00247,core AWBC,AwbcInstruction,Instruction::RepeatSequence.Length,RepeatSequence.len,frame(len) unsigned; change=MakeFunction/ApplyFunction remain deliberate non-root operational Function values; all other fields need no new slot ordinal because the enum variant names the field; exclusion=none,P8/P9/P10,AWBC_SITE_RESOLUTION.csv
CVRS-INV-00248,core AWBC,AwbcInstruction,Instruction::SequenceLen.Destination,SequenceLen.dst,frame(dst) unsigned; change=MakeFunction/ApplyFunction remain deliberate non-root operational Function values; all other fields need no new slot ordinal because the enum variant names the field; exclusion=none,P8/P9/P10,AWBC_SITE_RESOLUTION.csv
CVRS-INV-00249,core AWBC,AwbcInstruction,Instruction::SequenceLen.Sequence,SequenceLen.sequence,frame(sequence); change=MakeFunction/ApplyFunction remain deliberate non-root operational Function values; all other fields need no new slot ordinal because the enum variant names the field; exclusion=none,P8/P9/P10,AWBC_SITE_RESOLUTION.csv
CVRS-INV-00250,core AWBC,AwbcInstruction,Instruction::SequenceGet.Destination,SequenceGet.dst,frame(dst) item; change=MakeFunction/ApplyFunction remain deliberate non-root operational Function values; all other fields need no new slot ordinal because the enum variant names the field; exclusion=none,P8/P9/P10,AWBC_SITE_RESOLUTION.csv
CVRS-INV-00251,core AWBC,AwbcInstruction,Instruction::SequenceGet.Sequence,SequenceGet.sequence,frame(sequence); change=MakeFunction/ApplyFunction remain deliberate non-root operational Function values; all other fields need no new slot ordinal because the enum variant names the field; exclusion=none,P8/P9/P10,AWBC_SITE_RESOLUTION.csv
CVRS-INV-00252,core AWBC,AwbcInstruction,Instruction::SequenceGet.Index,SequenceGet.index,frame(index) unsigned; change=MakeFunction/ApplyFunction remain deliberate non-root operational Function values; all other fields need no new slot ordinal because the enum variant names the field; exclusion=none,P8/P9/P10,AWBC_SITE_RESOLUTION.csv
CVRS-INV-00253,core AWBC,AwbcInstruction,Instruction::SequenceSlice.Destination,SequenceSlice.dst,frame(dst) sequence; change=MakeFunction/ApplyFunction remain deliberate non-root operational Function values; all other fields need no new slot ordinal because the enum variant names the field; exclusion=none,P8/P9/P10,AWBC_SITE_RESOLUTION.csv
CVRS-INV-00254,core AWBC,AwbcInstruction,Instruction::SequenceSlice.Sequence,SequenceSlice.sequence,frame(sequence); change=MakeFunction/ApplyFunction remain deliberate non-root operational Function values; all other fields need no new slot ordinal because the enum variant names the field; exclusion=none,P8/P9/P10,AWBC_SITE_RESOLUTION.csv
CVRS-INV-00255,core AWBC,AwbcInstruction,Instruction::SequenceSlice.Start,SequenceSlice.start,frame(start) unsigned; change=MakeFunction/ApplyFunction remain deliberate non-root operational Function values; all other fields need no new slot ordinal because the enum variant names the field; exclusion=none,P8/P9/P10,AWBC_SITE_RESOLUTION.csv
CVRS-INV-00256,core AWBC,AwbcInstruction,Instruction::SequencePush.Sequence,SequencePush.sequence,frame(sequence); change=MakeFunction/ApplyFunction remain deliberate non-root operational Function values; all other fields need no new slot ordinal because the enum variant names the field; exclusion=none,P8/P9/P10,AWBC_SITE_RESOLUTION.csv
CVRS-INV-00257,core AWBC,AwbcInstruction,Instruction::SequencePush.Value,SequencePush.value,frame(value) item; change=MakeFunction/ApplyFunction remain deliberate non-root operational Function values; all other fields need no new slot ordinal because the enum variant names the field; exclusion=none,P8/P9/P10,AWBC_SITE_RESOLUTION.csv
CVRS-INV-00258,core AWBC,AwbcInstruction,Instruction::MakeRecord.Destination,MakeRecord.dst,frame(dst); change=MakeFunction/ApplyFunction remain deliberate non-root operational Function values; all other fields need no new slot ordinal because the enum variant names the field; exclusion=none,P8/P9/P10,AWBC_SITE_RESOLUTION.csv
CVRS-INV-00259,core AWBC,AwbcInstruction,Instruction::MakeRecord.DeclaredType,MakeRecord.ty,runtime type declaration; change=MakeFunction/ApplyFunction remain deliberate non-root operational Function values; all other fields need no new slot ordinal because the enum variant names the field; exclusion=none,P8/P9/P10,AWBC_SITE_RESOLUTION.csv
CVRS-INV-00260,core AWBC,AwbcInstruction,Instruction::MakeRecord.Field(field:u32),MakeRecord.fields[i],frame(fields[i]); field_names[i] resolves descriptor field; change=MakeFunction/ApplyFunction remain deliberate non-root operational Function values; all other fields need no new slot ordinal because the enum variant names the field; exclusion=none,P8/P9/P10,AWBC_SITE_RESOLUTION.csv
CVRS-INV-00261,core AWBC,AwbcInstruction,Instruction::MakeVariant.Destination,MakeVariant.dst,frame(dst); change=MakeFunction/ApplyFunction remain deliberate non-root operational Function values; all other fields need no new slot ordinal because the enum variant names the field; exclusion=none,P8/P9/P10,AWBC_SITE_RESOLUTION.csv
CVRS-INV-00262,core AWBC,AwbcInstruction,Instruction::MakeVariant.DeclaredType,MakeVariant.ty,runtime type declaration; change=MakeFunction/ApplyFunction remain deliberate non-root operational Function values; all other fields need no new slot ordinal because the enum variant names the field; exclusion=none,P8/P9/P10,AWBC_SITE_RESOLUTION.csv
CVRS-INV-00263,core AWBC,AwbcInstruction,Instruction::MakeVariant.Payload,MakeVariant.payload,frame(payload) when present; change=MakeFunction/ApplyFunction remain deliberate non-root operational Function values; all other fields need no new slot ordinal because the enum variant names the field; exclusion=none,P8/P9/P10,AWBC_SITE_RESOLUTION.csv
CVRS-INV-00264,core AWBC,AwbcInstruction,Instruction::ProjectTuple.Destination,ProjectTuple.dst,frame(dst); change=MakeFunction/ApplyFunction remain deliberate non-root operational Function values; all other fields need no new slot ordinal because the enum variant names the field; exclusion=none,P8/P9/P10,AWBC_SITE_RESOLUTION.csv
CVRS-INV-00265,core AWBC,AwbcInstruction,Instruction::ProjectTuple.Target,ProjectTuple.target,frame(target) tuple; change=MakeFunction/ApplyFunction remain deliberate non-root operational Function values; all other fields need no new slot ordinal because the enum variant names the field; exclusion=none,P8/P9/P10,AWBC_SITE_RESOLUTION.csv
CVRS-INV-00266,core AWBC,AwbcInstruction,Instruction::ProjectRecord.Destination,ProjectRecord.dst,frame(dst); change=MakeFunction/ApplyFunction remain deliberate non-root operational Function values; all other fields need no new slot ordinal because the enum variant names the field; exclusion=none,P8/P9/P10,AWBC_SITE_RESOLUTION.csv
CVRS-INV-00267,core AWBC,AwbcInstruction,Instruction::ProjectRecord.Target,ProjectRecord.target,frame(target) record; change=MakeFunction/ApplyFunction remain deliberate non-root operational Function values; all other fields need no new slot ordinal because the enum variant names the field; exclusion=none,P8/P9/P10,AWBC_SITE_RESOLUTION.csv
CVRS-INV-00268,core AWBC,AwbcInstruction,Instruction::ProjectField.Destination,ProjectField.dst,frame(dst); change=MakeFunction/ApplyFunction remain deliberate non-root operational Function values; all other fields need no new slot ordinal because the enum variant names the field; exclusion=none,P8/P9/P10,AWBC_SITE_RESOLUTION.csv
CVRS-INV-00269,core AWBC,AwbcInstruction,Instruction::ProjectField.Target,ProjectField.target,frame(target) record; change=MakeFunction/ApplyFunction remain deliberate non-root operational Function values; all other fields need no new slot ordinal because the enum variant names the field; exclusion=none,P8/P9/P10,AWBC_SITE_RESOLUTION.csv
CVRS-INV-00270,core AWBC,AwbcInstruction,Instruction::Unary.Destination,Unary.dst,frame(dst); change=MakeFunction/ApplyFunction remain deliberate non-root operational Function values; all other fields need no new slot ordinal because the enum variant names the field; exclusion=none,P8/P9/P10,AWBC_SITE_RESOLUTION.csv
CVRS-INV-00271,core AWBC,AwbcInstruction,Instruction::Unary.Source,Unary.src,frame(src); change=MakeFunction/ApplyFunction remain deliberate non-root operational Function values; all other fields need no new slot ordinal because the enum variant names the field; exclusion=none,P8/P9/P10,AWBC_SITE_RESOLUTION.csv
CVRS-INV-00272,core AWBC,AwbcInstruction,Instruction::Binary.Destination,Binary.dst,frame(dst); change=MakeFunction/ApplyFunction remain deliberate non-root operational Function values; all other fields need no new slot ordinal because the enum variant names the field; exclusion=none,P8/P9/P10,AWBC_SITE_RESOLUTION.csv
CVRS-INV-00273,core AWBC,AwbcInstruction,Instruction::Binary.Left,Binary.lhs,frame(lhs); change=MakeFunction/ApplyFunction remain deliberate non-root operational Function values; all other fields need no new slot ordinal because the enum variant names the field; exclusion=none,P8/P9/P10,AWBC_SITE_RESOLUTION.csv
CVRS-INV-00274,core AWBC,AwbcInstruction,Instruction::Binary.Right,Binary.rhs,frame(rhs); change=MakeFunction/ApplyFunction remain deliberate non-root operational Function values; all other fields need no new slot ordinal because the enum variant names the field; exclusion=none,P8/P9/P10,AWBC_SITE_RESOLUTION.csv
CVRS-INV-00275,core AWBC,AwbcInstruction,Instruction::CallPureHelper.Destination,CallPureHelper.dst,frame(dst); change=MakeFunction/ApplyFunction remain deliberate non-root operational Function values; all other fields need no new slot ordinal because the enum variant names the field; exclusion=none,P8/P9/P10,AWBC_SITE_RESOLUTION.csv
CVRS-INV-00276,core AWBC,AwbcInstruction,Instruction::CallPureHelper.Argument(argument:u32),CallPureHelper.args[i],frame(args[i]); helper.signature.params[i]; change=MakeFunction/ApplyFunction remain deliberate non-root operational Function values; all other fields need no new slot ordinal because the enum variant names the field; exclusion=none,P8/P9/P10,AWBC_SITE_RESOLUTION.csv
CVRS-INV-00277,core AWBC,AwbcInstruction,Instruction::CallIntrinsic.Destination,CallIntrinsic.dst,optional frame(dst); intrinsic signature result; change=MakeFunction/ApplyFunction remain deliberate non-root operational Function values; all other fields need no new slot ordinal because the enum variant names the field; exclusion=none,P8/P9/P10,AWBC_SITE_RESOLUTION.csv
CVRS-INV-00278,core AWBC,AwbcInstruction,Instruction::CallIntrinsic.Argument(argument:u32),CallIntrinsic.args[i],frame(args[i]); intrinsic signature params[i]; change=MakeFunction/ApplyFunction remain deliberate non-root operational Function values; all other fields need no new slot ordinal because the enum variant names the field; exclusion=none,P8/P9/P10,AWBC_SITE_RESOLUTION.csv
CVRS-INV-00279,core AWBC,AwbcInstruction,Instruction::EnsureContent.NoTypedSlot,EnsureContent,structural/reference checks only; change=none; exclusion=no RuntimeValue type field for this variant,P8/P9/P10,AWBC_SITE_RESOLUTION.csv
CVRS-INV-00280,core AWBC,AwbcInstruction,Instruction::EmitEffect.Argument(argument:u32),EmitEffect.args[i],frame(args[i]); effect.signature parameter after static prefix; change=MakeFunction/ApplyFunction remain deliberate non-root operational Function values; all other fields need no new slot ordinal because the enum variant names the field; exclusion=none,P8/P9/P10,AWBC_SITE_RESOLUTION.csv
CVRS-INV-00281,core AWBC,AwbcInstruction,Instruction::StartTask.Destination,StartTask.dst,frame(dst); task signature result/handle rule; change=MakeFunction/ApplyFunction remain deliberate non-root operational Function values; all other fields need no new slot ordinal because the enum variant names the field; exclusion=none,P8/P9/P10,AWBC_SITE_RESOLUTION.csv
CVRS-INV-00282,core AWBC,AwbcInstruction,Instruction::StartTask.Argument(argument:u32),StartTask.args[i],frame(args[i]); task.signature.params[i]; change=MakeFunction/ApplyFunction remain deliberate non-root operational Function values; all other fields need no new slot ordinal because the enum variant names the field; exclusion=none,P8/P9/P10,AWBC_SITE_RESOLUTION.csv
CVRS-INV-00283,core AWBC,AwbcInstruction,Instruction::SpawnFiber.Destination,SpawnFiber.dst,optional frame(dst); function signature result/handle rule; change=MakeFunction/ApplyFunction remain deliberate non-root operational Function values; all other fields need no new slot ordinal because the enum variant names the field; exclusion=none,P8/P9/P10,AWBC_SITE_RESOLUTION.csv
CVRS-INV-00284,core AWBC,AwbcInstruction,Instruction::SpawnFiber.Argument(argument:u32),SpawnFiber.args[i],frame(args[i]); target function signature params[i]; change=MakeFunction/ApplyFunction remain deliberate non-root operational Function values; all other fields need no new slot ordinal because the enum variant names the field; exclusion=none,P8/P9/P10,AWBC_SITE_RESOLUTION.csv
CVRS-INV-00285,core AWBC,AwbcInstruction,Instruction::StreamYield.Value,StreamYield.value,frame(value); stream.item_type; change=MakeFunction/ApplyFunction remain deliberate non-root operational Function values; all other fields need no new slot ordinal because the enum variant names the field; exclusion=none,P8/P9/P10,AWBC_SITE_RESOLUTION.csv
CVRS-INV-00286,core AWBC,AwbcInstruction,Instruction::StreamClose.NoTypedSlot,StreamClose,structural/reference checks only; change=none; exclusion=no RuntimeValue type field for this variant,P8/P9/P10,AWBC_SITE_RESOLUTION.csv
CVRS-INV-00287,core AWBC,AwbcInstruction,Instruction::SourceClose.NoTypedSlot,SourceClose,structural/reference checks only; change=none; exclusion=no RuntimeValue type field for this variant,P8/P9/P10,AWBC_SITE_RESOLUTION.csv
CVRS-INV-00288,core AWBC,AwbcInstruction,Instruction::Drop.Register,Drop.register,frame(register); change=MakeFunction/ApplyFunction remain deliberate non-root operational Function values; all other fields need no new slot ordinal because the enum variant names the field; exclusion=none,P8/P9/P10,AWBC_SITE_RESOLUTION.csv
CVRS-INV-00289,core AWBC,AwbcInstruction,Instruction::SourceYield.Value,SourceYield.value,frame(value); source.item_type; change=MakeFunction/ApplyFunction remain deliberate non-root operational Function values; all other fields need no new slot ordinal because the enum variant names the field; exclusion=none,P8/P9/P10,AWBC_SITE_RESOLUTION.csv
CVRS-INV-00290,core AWBC,AwbcInstruction,Instruction::AssignField.Target,AssignField.target,frame(target) record; change=MakeFunction/ApplyFunction remain deliberate non-root operational Function values; all other fields need no new slot ordinal because the enum variant names the field; exclusion=none,P8/P9/P10,AWBC_SITE_RESOLUTION.csv
CVRS-INV-00291,core AWBC,AwbcInstruction,Instruction::AssignField.Value,AssignField.value,frame(value); selected field type; change=MakeFunction/ApplyFunction remain deliberate non-root operational Function values; all other fields need no new slot ordinal because the enum variant names the field; exclusion=none,P8/P9/P10,AWBC_SITE_RESOLUTION.csv
CVRS-INV-00292,core AWBC,AwbcInstruction,Instruction::CallTraitMethod.Destination,CallTraitMethod.dst,frame(dst); method result; change=MakeFunction/ApplyFunction remain deliberate non-root operational Function values; all other fields need no new slot ordinal because the enum variant names the field; exclusion=none,P8/P9/P10,AWBC_SITE_RESOLUTION.csv
CVRS-INV-00293,core AWBC,AwbcInstruction,Instruction::CallTraitMethod.Receiver,CallTraitMethod.receiver,frame(receiver); method receiver; change=MakeFunction/ApplyFunction remain deliberate non-root operational Function values; all other fields need no new slot ordinal because the enum variant names the field; exclusion=none,P8/P9/P10,AWBC_SITE_RESOLUTION.csv
CVRS-INV-00294,core AWBC,AwbcInstruction,Instruction::CallTraitMethod.Argument(argument:u32),CallTraitMethod.args[i],frame(args[i]); method signature parameter after receiver; change=MakeFunction/ApplyFunction remain deliberate non-root operational Function values; all other fields need no new slot ordinal because the enum variant names the field; exclusion=none,P8/P9/P10,AWBC_SITE_RESOLUTION.csv
CVRS-INV-00295,core AWBC,AwbcInstruction,Instruction::CallTraitMethod.ReceiverOut,CallTraitMethod.receiver_out,optional frame; same receiver type for mutable/owned; change=MakeFunction/ApplyFunction remain deliberate non-root operational Function values; all other fields need no new slot ordinal because the enum variant names the field; exclusion=none,P8/P9/P10,AWBC_SITE_RESOLUTION.csv
CVRS-INV-00296,core AWBC,AwbcInstruction,Instruction::RegisterCleanup.Argument(argument:u32),RegisterCleanup.args[i],frame(args[i]); effect signature after static prefix; change=MakeFunction/ApplyFunction remain deliberate non-root operational Function values; all other fields need no new slot ordinal because the enum variant names the field; exclusion=none,P8/P9/P10,AWBC_SITE_RESOLUTION.csv
CVRS-INV-00297,core AWBC,AwbcInstruction,Instruction::CancelCleanup.NoTypedSlot,CancelCleanup,structural/reference checks only; change=none; exclusion=no RuntimeValue type field for this variant,P8/P9/P10,AWBC_SITE_RESOLUTION.csv
CVRS-INV-00298,core AWBC,AwbcInstruction,Instruction::MakeFunction.Destination,MakeFunction.dst,frame(dst) operational Function shape; change=MakeFunction/ApplyFunction remain deliberate non-root operational Function values; all other fields need no new slot ordinal because the enum variant names the field; exclusion=operational Function value is not a project/producer root because RuntimeCheckedType has no Function case,P8/P9/P10,AWBC_SITE_RESOLUTION.csv
CVRS-INV-00299,core AWBC,AwbcInstruction,Instruction::MakeFunction.Capture(capture:u32),MakeFunction.captures[i],frame(captures[i]); capture_names/target function capture contract; change=MakeFunction/ApplyFunction remain deliberate non-root operational Function values; all other fields need no new slot ordinal because the enum variant names the field; exclusion=operational Function value is not a project/producer root because RuntimeCheckedType has no Function case,P8/P9/P10,AWBC_SITE_RESOLUTION.csv
CVRS-INV-00300,core AWBC,AwbcInstruction,Instruction::ApplyFunction.Callee,ApplyFunction.callee,frame(callee) Function shape; change=MakeFunction/ApplyFunction remain deliberate non-root operational Function values; all other fields need no new slot ordinal because the enum variant names the field; exclusion=operational Function value is not a project/producer root because RuntimeCheckedType has no Function case,P8/P9/P10,AWBC_SITE_RESOLUTION.csv
CVRS-INV-00301,core AWBC,AwbcInstruction,Instruction::ApplyFunction.Destination,ApplyFunction.dst,frame(dst); change=MakeFunction/ApplyFunction remain deliberate non-root operational Function values; all other fields need no new slot ordinal because the enum variant names the field; exclusion=operational Function value is not a project/producer root because RuntimeCheckedType has no Function case,P8/P9/P10,AWBC_SITE_RESOLUTION.csv
CVRS-INV-00302,core AWBC,AwbcInstruction,Instruction::ApplyFunction.Argument(argument:u32),ApplyFunction.args[i],frame(args[i]); closure signature when retained; change=MakeFunction/ApplyFunction remain deliberate non-root operational Function values; all other fields need no new slot ordinal because the enum variant names the field; exclusion=operational Function value is not a project/producer root because RuntimeCheckedType has no Function case,P8/P9/P10,AWBC_SITE_RESOLUTION.csv
CVRS-INV-00303,core AWBC,AwbcTerminator,Terminator::Jump.NoTypedSlot,Jump,structural/reference checks only; change=none; exclusion=no direct typed value slot,P8/P9/P10,AWBC_SITE_RESOLUTION.csv
CVRS-INV-00304,core AWBC,AwbcTerminator,Terminator::Branch.Condition,Branch.condition,frame(condition) must Bool; change=none; exclusion=none,P8/P9/P10,AWBC_SITE_RESOLUTION.csv
CVRS-INV-00305,core AWBC,AwbcTerminator,Terminator::Match.Scrutinee,Match.scrutinee,frame(scrutinee); each match-arm pattern expected type; change=none; exclusion=none,P8/P9/P10,AWBC_SITE_RESOLUTION.csv
CVRS-INV-00306,core AWBC,AwbcTerminator,Terminator::CallFunction.Argument(argument:u32),CallFunction.args[i],frame(args[i]); target signature params[i]; change=none; exclusion=none,P8/P9/P10,AWBC_SITE_RESOLUTION.csv
CVRS-INV-00307,core AWBC,AwbcTerminator,Terminator::CallFunction.Destination,CallFunction.dst,optional frame(dst); target result; change=none; exclusion=none,P8/P9/P10,AWBC_SITE_RESOLUTION.csv
CVRS-INV-00308,core AWBC,AwbcTerminator,Terminator::GotoStatic.Argument(argument:u32),GotoStatic.args[i],frame(args[i]); target signature params[i]; change=none; exclusion=none,P8/P9/P10,AWBC_SITE_RESOLUTION.csv
CVRS-INV-00309,core AWBC,AwbcTerminator,Terminator::GotoDynamic.Target,GotoDynamic.target,frame(target) operational Function/Flow target; change=none; exclusion=dynamic target is not a root until an exact retained signature exists; admission rejects it at root-correlated sites,P8/P9/P10,AWBC_SITE_RESOLUTION.csv
CVRS-INV-00310,core AWBC,AwbcTerminator,Terminator::GotoDynamic.Argument(argument:u32),GotoDynamic.args[i],dynamic target signature evidence; change=none; exclusion=dynamic target is not a root until an exact retained signature exists; admission rejects it at root-correlated sites,P8/P9/P10,AWBC_SITE_RESOLUTION.csv
CVRS-INV-00311,core AWBC,AwbcTerminator,Terminator::Dialogue.NoTypedSlot,Dialogue,structural/reference checks only; change=none; exclusion=no direct typed value slot,P8/P9/P10,AWBC_SITE_RESOLUTION.csv
CVRS-INV-00312,core AWBC,AwbcTerminator,Terminator::Choice.Destination,Choice.dst,frame(dst); canonical choice result declaration; change=none; exclusion=none,P8/P9/P10,AWBC_SITE_RESOLUTION.csv
CVRS-INV-00313,core AWBC,AwbcTerminator,Terminator::Await.Handle,Await.handle,frame(handle) TaskHandle; change=none; exclusion=none,P8/P9/P10,AWBC_SITE_RESOLUTION.csv
CVRS-INV-00314,core AWBC,AwbcTerminator,Terminator::Await.Binding,Await.binding,typed pattern expected equals task result; change=none; exclusion=none,P8/P9/P10,AWBC_SITE_RESOLUTION.csv
CVRS-INV-00315,core AWBC,AwbcTerminator,Terminator::AwaitMany.Source,AwaitMany.source,frame(source) sequence/iterator; change=none; exclusion=none,P8/P9/P10,AWBC_SITE_RESOLUTION.csv
CVRS-INV-00316,core AWBC,AwbcTerminator,Terminator::AwaitMany.Binding,AwaitMany.binding,typed pattern expected equals task item; change=none; exclusion=none,P8/P9/P10,AWBC_SITE_RESOLUTION.csv
CVRS-INV-00317,core AWBC,AwbcTerminator,Terminator::HostCall.Argument(argument:u32),HostCall.args[i],frame(args[i]); host call signature params[i]; change=none; exclusion=none,P8/P9/P10,AWBC_SITE_RESOLUTION.csv
CVRS-INV-00318,core AWBC,AwbcTerminator,Terminator::HostCall.Destination,HostCall.dst,optional frame(dst); host call result; change=none; exclusion=none,P8/P9/P10,AWBC_SITE_RESOLUTION.csv
CVRS-INV-00319,core AWBC,AwbcTerminator,Terminator::Return.Value,Return.value,optional frame(value); owning function result; change=none; exclusion=none,P8/P9/P10,AWBC_SITE_RESOLUTION.csv
CVRS-INV-00320,core AWBC,AwbcTerminator,Terminator::Trap.NoTypedSlot,Trap,structural/reference checks only; change=none; exclusion=no direct typed value slot,P8/P9/P10,AWBC_SITE_RESOLUTION.csv
CVRS-INV-00321,core AWBC,AwbcTerminator,Terminator::BudgetYield.NoTypedSlot,BudgetYield,structural/reference checks only; change=none; exclusion=no direct typed value slot,P8/P9/P10,AWBC_SITE_RESOLUTION.csv
CVRS-INV-00322,core AWBC,AwbcTerminator,Terminator::Unreachable.NoTypedSlot,Unreachable,structural/reference checks only; change=none; exclusion=no direct typed value slot,P8/P9/P10,AWBC_SITE_RESOLUTION.csv
CVRS-INV-00323,core AWBC,AwbcProgram.patterns,Pattern::Bind.Expected,patterns[p].expected,"mandatory AwbcTypedPattern.expected; Bind.expected field must be absent or equal and is removed as duplicate; change=replace row with AwbcTypedPattern { pattern, expected }; exclusion=none",P8/P9/P10,AWBC_SITE_RESOLUTION.csv
CVRS-INV-00324,core AWBC,AwbcProgram.patterns,Pattern::Discard.Expected,patterns[p].wrapper.expected,"mandatory typed pattern wrapper; change=replace row with AwbcTypedPattern { pattern, expected }; exclusion=none",P8/P9/P10,AWBC_SITE_RESOLUTION.csv
CVRS-INV-00325,core AWBC,AwbcProgram.patterns,Pattern::Literal.Expected,patterns[p].literal constant,"typed constant type equals wrapper.expected; change=replace row with AwbcTypedPattern { pattern, expected }; exclusion=none",P8/P9/P10,AWBC_SITE_RESOLUTION.csv
CVRS-INV-00326,core AWBC,AwbcProgram.patterns,Pattern::Entity.Expected,patterns[p].entity reference,"wrapper.expected must EntityReference; change=replace row with AwbcTypedPattern { pattern, expected }; exclusion=none",P8/P9/P10,AWBC_SITE_RESOLUTION.csv
CVRS-INV-00327,core AWBC,AwbcProgram.patterns,Pattern::Tuple.Expected,patterns[p].items,"wrapper.expected tuple; each child expected derived by ordinal; change=replace row with AwbcTypedPattern { pattern, expected }; exclusion=none",P8/P9/P10,AWBC_SITE_RESOLUTION.csv
CVRS-INV-00328,core AWBC,AwbcProgram.patterns,Pattern::Record.Expected,patterns[p].ty/fields,"wrapper.expected record; current optional ty removed; fields resolve descriptor; change=replace row with AwbcTypedPattern { pattern, expected }; exclusion=none",P8/P9/P10,AWBC_SITE_RESOLUTION.csv
CVRS-INV-00329,core AWBC,AwbcProgram.patterns,Pattern::Sequence.Expected,patterns[p].items/rest,"wrapper.expected sequence; children/remainder derived; change=replace row with AwbcTypedPattern { pattern, expected }; exclusion=none",P8/P9/P10,AWBC_SITE_RESOLUTION.csv
CVRS-INV-00330,core AWBC,AwbcProgram.patterns,Pattern::Variant.Expected,patterns[p].ty/case/payload,"wrapper.expected exact variant; child payload derived; change=replace row with AwbcTypedPattern { pattern, expected }; exclusion=none",P8/P9/P10,AWBC_SITE_RESOLUTION.csv
CVRS-INV-00331,core AWBC,AwbcProgram.patterns,Pattern::Whole.Expected,patterns[p].inner,"wrapper.expected; inner same; target register same type; change=replace row with AwbcTypedPattern { pattern, expected }; exclusion=none",P8/P9/P10,AWBC_SITE_RESOLUTION.csv
CVRS-INV-00332,core AWBC,AwbcProgram.task_plans,TaskPlan::Parameter(parameter:u32),task_plans[t].signature / many,task.signature.params[i]; change=no generic slot; AwbcTaskPlanTypedSlot is this closed enum; exclusion=none,P8/P9/P10,AWBC_SITE_RESOLUTION.csv
CVRS-INV-00333,core AWBC,AwbcProgram.task_plans,TaskPlan::Result,task_plans[t].signature / many,task.signature.result; change=no generic slot; AwbcTaskPlanTypedSlot is this closed enum; exclusion=none,P8/P9/P10,AWBC_SITE_RESOLUTION.csv
CVRS-INV-00334,core AWBC,AwbcProgram.task_plans,TaskPlan::AwaitManyItem,task_plans[t].signature / many,task.many.item_binding frame slot compared to result/item contract; change=no generic slot; AwbcTaskPlanTypedSlot is this closed enum; exclusion=none,P8/P9/P10,AWBC_SITE_RESOLUTION.csv
CVRS-INV-00335,core AWBC,AwbcProgram.audio_commands,AudioCommand::PlayVoice,Play.voice,Arg(n) resolves through owning effect signature; Const(c) through typed constant; actual mandatory field emits direct named site; exclusion=none,P8/P9/P10,AWBC_SITE_RESOLUTION.csv
CVRS-INV-00336,core AWBC,AwbcProgram.audio_commands,AudioCommand::PlayResource,Play.resource,Arg(n) resolves through owning effect signature; Const(c) through typed constant; actual mandatory field emits direct named site; exclusion=none,P8/P9/P10,AWBC_SITE_RESOLUTION.csv
CVRS-INV-00337,core AWBC,AwbcProgram.audio_commands,AudioCommand::PlayBus,Play.bus,Arg(n) resolves through owning effect signature; Const(c) through typed constant; actual mandatory field emits direct named site; exclusion=none,P8/P9/P10,AWBC_SITE_RESOLUTION.csv
CVRS-INV-00338,core AWBC,AwbcProgram.audio_commands,AudioCommand::PlayGainDbMilli,Play.gain_db_milli,Arg(n) resolves through owning effect signature; Const(c) through typed constant; actual mandatory field emits direct named site; exclusion=none,P8/P9/P10,AWBC_SITE_RESOLUTION.csv
CVRS-INV-00339,core AWBC,AwbcProgram.audio_commands,AudioCommand::PlayPanMilli,Play.pan_milli,Arg(n) resolves through owning effect signature; Const(c) through typed constant; actual mandatory field emits direct named site; exclusion=none,P8/P9/P10,AWBC_SITE_RESOLUTION.csv
CVRS-INV-00340,core AWBC,AwbcProgram.audio_commands,AudioCommand::PlayStartFrame,Play.start_frame,Arg(n) resolves through owning effect signature; Const(c) through typed constant; actual mandatory field emits direct named site; exclusion=none,P8/P9/P10,AWBC_SITE_RESOLUTION.csv
CVRS-INV-00341,core AWBC,AwbcProgram.audio_commands,AudioCommand::PlayFadeInMillis,Play.fade_in_millis,Arg(n) resolves through owning effect signature; Const(c) through typed constant; actual mandatory field emits direct named site; exclusion=none,P8/P9/P10,AWBC_SITE_RESOLUTION.csv
CVRS-INV-00342,core AWBC,AwbcProgram.audio_commands,AudioCommand::StopVoice,Stop.voice,Arg(n) resolves through owning effect signature; Const(c) through typed constant; actual mandatory field emits direct named site; exclusion=none,P8/P9/P10,AWBC_SITE_RESOLUTION.csv
CVRS-INV-00343,core AWBC,AwbcProgram.audio_commands,AudioCommand::StopFadeOutMillis,Stop.fade_out_millis,Arg(n) resolves through owning effect signature; Const(c) through typed constant; actual mandatory field emits direct named site; exclusion=none,P8/P9/P10,AWBC_SITE_RESOLUTION.csv
CVRS-INV-00344,core AWBC,AwbcProgram.audio_commands,AudioCommand::StopAllFadeOutMillis,StopAll.fade_out_millis,Arg(n) resolves through owning effect signature; Const(c) through typed constant; actual mandatory field emits direct named site; exclusion=none,P8/P9/P10,AWBC_SITE_RESOLUTION.csv
CVRS-INV-00345,core AWBC,AwbcProgram.audio_commands,AudioCommand::SetVoiceGainVoice,SetVoiceGain.voice,Arg(n) resolves through owning effect signature; Const(c) through typed constant; actual mandatory field emits direct named site; exclusion=none,P8/P9/P10,AWBC_SITE_RESOLUTION.csv
CVRS-INV-00346,core AWBC,AwbcProgram.audio_commands,AudioCommand::SetVoiceGainValue,SetVoiceGain.gain_db_milli,Arg(n) resolves through owning effect signature; Const(c) through typed constant; actual mandatory field emits direct named site; exclusion=none,P8/P9/P10,AWBC_SITE_RESOLUTION.csv
CVRS-INV-00347,core AWBC,AwbcProgram.audio_commands,AudioCommand::SetVoiceGainTransition,SetVoiceGain.transition_millis,Arg(n) resolves through owning effect signature; Const(c) through typed constant; actual mandatory field emits direct named site; exclusion=none,P8/P9/P10,AWBC_SITE_RESOLUTION.csv
CVRS-INV-00348,core AWBC,AwbcProgram.audio_commands,AudioCommand::SetVoicePanVoice,SetVoicePan.voice,Arg(n) resolves through owning effect signature; Const(c) through typed constant; actual mandatory field emits direct named site; exclusion=none,P8/P9/P10,AWBC_SITE_RESOLUTION.csv
CVRS-INV-00349,core AWBC,AwbcProgram.audio_commands,AudioCommand::SetVoicePanValue,SetVoicePan.pan_milli,Arg(n) resolves through owning effect signature; Const(c) through typed constant; actual mandatory field emits direct named site; exclusion=none,P8/P9/P10,AWBC_SITE_RESOLUTION.csv
CVRS-INV-00350,core AWBC,AwbcProgram.audio_commands,AudioCommand::SetVoicePanTransition,SetVoicePan.transition_millis,Arg(n) resolves through owning effect signature; Const(c) through typed constant; actual mandatory field emits direct named site; exclusion=none,P8/P9/P10,AWBC_SITE_RESOLUTION.csv
CVRS-INV-00351,core AWBC,AwbcProgram.audio_commands,AudioCommand::SetBusGainBus,SetBusGain.bus,Arg(n) resolves through owning effect signature; Const(c) through typed constant; actual mandatory field emits direct named site; exclusion=none,P8/P9/P10,AWBC_SITE_RESOLUTION.csv
CVRS-INV-00352,core AWBC,AwbcProgram.audio_commands,AudioCommand::SetBusGainValue,SetBusGain.gain_db_milli,Arg(n) resolves through owning effect signature; Const(c) through typed constant; actual mandatory field emits direct named site; exclusion=none,P8/P9/P10,AWBC_SITE_RESOLUTION.csv
CVRS-INV-00353,core AWBC,AwbcProgram.audio_commands,AudioCommand::SetBusGainTransition,SetBusGain.transition_millis,Arg(n) resolves through owning effect signature; Const(c) through typed constant; actual mandatory field emits direct named site; exclusion=none,P8/P9/P10,AWBC_SITE_RESOLUTION.csv
CVRS-INV-00354,core AWBC,AwbcProgram.audio_commands,AudioCommand::SetBusMuteBus,SetBusMute.bus,Arg(n) resolves through owning effect signature; Const(c) through typed constant; actual mandatory field emits direct named site; exclusion=none,P8/P9/P10,AWBC_SITE_RESOLUTION.csv
CVRS-INV-00355,core AWBC,AwbcProgram.audio_commands,AudioCommand::SetBusMuteMuted,SetBusMute.muted,Arg(n) resolves through owning effect signature; Const(c) through typed constant; actual mandatory field emits direct named site; exclusion=none,P8/P9/P10,AWBC_SITE_RESOLUTION.csv
CVRS-INV-00356,core AWBC,AwbcProgram.audio_commands,AudioCommand::SetEffectEnabledBus,SetEffectEnabled.bus,Arg(n) resolves through owning effect signature; Const(c) through typed constant; actual mandatory field emits direct named site; exclusion=none,P8/P9/P10,AWBC_SITE_RESOLUTION.csv
CVRS-INV-00357,core AWBC,AwbcProgram.audio_commands,AudioCommand::SetEffectEnabledEffect,SetEffectEnabled.effect,Arg(n) resolves through owning effect signature; Const(c) through typed constant; actual mandatory field emits direct named site; exclusion=none,P8/P9/P10,AWBC_SITE_RESOLUTION.csv
CVRS-INV-00358,core AWBC,AwbcProgram.audio_commands,AudioCommand::SetEffectEnabledEnabled,SetEffectEnabled.enabled,Arg(n) resolves through owning effect signature; Const(c) through typed constant; actual mandatory field emits direct named site; exclusion=none,P8/P9/P10,AWBC_SITE_RESOLUTION.csv
CVRS-INV-00359,core AWBC,AwbcProgram.audio_commands,AudioCommand::SetEffectParameterBus,SetEffectParameter.bus,Arg(n) resolves through owning effect signature; Const(c) through typed constant; actual mandatory field emits direct named site; exclusion=none,P8/P9/P10,AWBC_SITE_RESOLUTION.csv
CVRS-INV-00360,core AWBC,AwbcProgram.audio_commands,AudioCommand::SetEffectParameterEffect,SetEffectParameter.effect,Arg(n) resolves through owning effect signature; Const(c) through typed constant; actual mandatory field emits direct named site; exclusion=none,P8/P9/P10,AWBC_SITE_RESOLUTION.csv
CVRS-INV-00361,core AWBC,AwbcProgram.audio_commands,AudioCommand::SetEffectParameterValue,SetEffectParameter.value,Arg(n) resolves through owning effect signature; Const(c) through typed constant; actual mandatory field emits direct named site; exclusion=none,P8/P9/P10,AWBC_SITE_RESOLUTION.csv
CVRS-INV-00362,core AWBC,AwbcProgram.audio_commands,AudioCommand::SetEffectParameterTransition,SetEffectParameter.transition_millis,Arg(n) resolves through owning effect signature; Const(c) through typed constant; actual mandatory field emits direct named site; exclusion=none,P8/P9/P10,AWBC_SITE_RESOLUTION.csv
CVRS-INV-00363,core AWBC,AwbcProgram.audio_commands,AudioCommand::ApplySnapshotSnapshot,ApplySnapshot.snapshot,Arg(n) resolves through owning effect signature; Const(c) through typed constant; actual mandatory field emits direct named site; exclusion=none,P8/P9/P10,AWBC_SITE_RESOLUTION.csv
CVRS-INV-00364,core AWBC,AwbcProgram.audio_commands,AudioCommand::ApplySnapshotTransition,ApplySnapshot.transition_millis,Arg(n) resolves through owning effect signature; Const(c) through typed constant; actual mandatory field emits direct named site; exclusion=none,P8/P9/P10,AWBC_SITE_RESOLUTION.csv
CVRS-INV-00365,core AWBC,AwbcProgram.audio_commands,AudioCommand::RequestMicrophoneCapture,RequestMicrophone.capture,Arg(n) resolves through owning effect signature; Const(c) through typed constant; actual mandatory field emits direct named site; exclusion=none,P8/P9/P10,AWBC_SITE_RESOLUTION.csv
CVRS-INV-00366,core AWBC,AwbcProgram.audio_commands,AudioCommand::StopMicrophoneCapture,StopMicrophone.capture,Arg(n) resolves through owning effect signature; Const(c) through typed constant; actual mandatory field emits direct named site; exclusion=none,P8/P9/P10,AWBC_SITE_RESOLUTION.csv
CVRS-INV-00367,core AWBC,AwbcProgram.audio_commands,AudioCommand::SetCaptureMonitorCapture,SetCaptureMonitor.capture,Arg(n) resolves through owning effect signature; Const(c) through typed constant; actual mandatory field emits direct named site; exclusion=none,P8/P9/P10,AWBC_SITE_RESOLUTION.csv
CVRS-INV-00368,core AWBC,AwbcProgram.audio_commands,AudioCommand::SetCaptureMonitorBus,SetCaptureMonitor.bus,Arg(n) resolves through owning effect signature; Const(c) through typed constant; Some emits direct named site and None emits none; exclusion=none,P8/P9/P10,AWBC_SITE_RESOLUTION.csv
CVRS-INV-00369,core AWBC,AwbcProgram.audio_commands,AudioCommand::SetCaptureMonitorGain,SetCaptureMonitor.gain_db_milli,Arg(n) resolves through owning effect signature; Const(c) through typed constant; actual mandatory field emits direct named site; exclusion=none,P8/P9/P10,AWBC_SITE_RESOLUTION.csv
CVRS-INV-00370,core AWBC,AwbcProgram.effect_plans,EffectPlan::Parameter(parameter:u32),signature.params[i],effect signature parameter; change=AwbcEffectPlanTypedSlot closed enum; dynamic EmitEffect args begin after static_args.len(); exclusion=none,P8/P9/P10,AWBC_SITE_RESOLUTION.csv
CVRS-INV-00371,core AWBC,AwbcProgram.effect_plans,EffectPlan::Result,signature.result,effect signature result; change=AwbcEffectPlanTypedSlot closed enum; dynamic EmitEffect args begin after static_args.len(); exclusion=none,P8/P9/P10,AWBC_SITE_RESOLUTION.csv
CVRS-INV-00372,core AWBC,AwbcProgram.effect_plans,EffectPlan::StaticArgument(argument:u32),static_args[i],typed constant; maps signature parameter i; change=AwbcEffectPlanTypedSlot closed enum; dynamic EmitEffect args begin after static_args.len(); exclusion=none,P8/P9/P10,AWBC_SITE_RESOLUTION.csv
CVRS-INV-00373,core AWBC,AwbcProgram.effect_plans,EffectPlan::AudioValue(slot),contradictory parent-only conceptual row; no current source variant,"delete/do not implement; AwbcEffectPlanTypedSlot has only Parameter, Result, StaticArgument; effect-owned AudioCommand { effect, slot } is sole audio value site",P09,AUDIO_SITE_API.md + AWBC_SLOT_ENUMS_AND_TAGS.md
CVRS-INV-00374,core AWBC,AwbcProgram.line_task_groups,LineTaskGroup::OptionValue(option:u32),options[i].value,AwbcTypedConstant type; change=closed AwbcLineTaskGroupTypedSlot; exclusion=none,P8/P9/P10,AWBC_SITE_RESOLUTION.csv
CVRS-INV-00375,core AWBC,AwbcProgram.line_task_groups,LineTaskGroup::BindingsParameter(parameter:u32),bindings function signature,function signature parameter; change=closed AwbcLineTaskGroupTypedSlot; exclusion=none,P8/P9/P10,AWBC_SITE_RESOLUTION.csv
CVRS-INV-00376,core AWBC,AwbcProgram.line_task_groups,LineTaskGroup::BindingsResult,bindings function signature,function signature result; change=closed AwbcLineTaskGroupTypedSlot; exclusion=none,P8/P9/P10,AWBC_SITE_RESOLUTION.csv
CVRS-INV-00377,core AWBC,AwbcProgram.line_task_groups,LineTaskGroup::OutParameter(parameter:u32),out function signature,function signature parameter; change=closed AwbcLineTaskGroupTypedSlot; exclusion=none,P8/P9/P10,AWBC_SITE_RESOLUTION.csv
CVRS-INV-00378,core AWBC,AwbcProgram.line_task_groups,LineTaskGroup::OutResult,out function signature,function signature result; change=closed AwbcLineTaskGroupTypedSlot; exclusion=none,P8/P9/P10,AWBC_SITE_RESOLUTION.csv
CVRS-INV-00379,core AWBC,AwbcProgram.line_task_groups,"LineTaskGroup::CancelHandlerParameter(handler:u32,parameter:u32)",cancel_handlers[h].function signature,function signature parameter; change=closed AwbcLineTaskGroupTypedSlot; exclusion=none,P8/P9/P10,AWBC_SITE_RESOLUTION.csv
CVRS-INV-00380,core AWBC,AwbcProgram.line_task_groups,LineTaskGroup::CancelHandlerResult(handler:u32),cancel_handlers[h].function signature,function signature result; change=closed AwbcLineTaskGroupTypedSlot; exclusion=none,P8/P9/P10,AWBC_SITE_RESOLUTION.csv
CVRS-INV-00381,core AWBC,AwbcProgram.stream_plans,StreamPlan::Item,item_type,direct AwbcTypeId; change=closed AwbcStreamPlanTypedSlot; exclusion=none,P8/P9/P10,AWBC_SITE_RESOLUTION.csv
CVRS-INV-00382,core AWBC,AwbcProgram.stream_plans,StreamPlan::Error,error_type,direct AwbcTypeId; change=closed AwbcStreamPlanTypedSlot; exclusion=none,P8/P9/P10,AWBC_SITE_RESOLUTION.csv
CVRS-INV-00383,core AWBC,AwbcProgram.stream_plans,StreamPlan::TransformParameter(parameter:u32),transform function signature,parameter; change=closed AwbcStreamPlanTypedSlot; exclusion=none,P8/P9/P10,AWBC_SITE_RESOLUTION.csv
CVRS-INV-00384,core AWBC,AwbcProgram.stream_plans,StreamPlan::TransformResult,transform function signature,result; change=closed AwbcStreamPlanTypedSlot; exclusion=none,P8/P9/P10,AWBC_SITE_RESOLUTION.csv
CVRS-INV-00385,core AWBC,AwbcProgram.source_plans,SourcePlan::Item,item_type,direct AwbcTypeId; change=closed AwbcSourcePlanTypedSlot; exclusion=none,P8/P9/P10,AWBC_SITE_RESOLUTION.csv
CVRS-INV-00386,core AWBC,AwbcProgram.source_plans,SourcePlan::Error,error_type,direct AwbcTypeId; change=closed AwbcSourcePlanTypedSlot; exclusion=none,P8/P9/P10,AWBC_SITE_RESOLUTION.csv
CVRS-INV-00387,core AWBC,AwbcProgram.source_plans,SourcePlan::OpenParameter(parameter:u32),open function signature,parameter; change=closed AwbcSourcePlanTypedSlot; exclusion=none,P8/P9/P10,AWBC_SITE_RESOLUTION.csv
CVRS-INV-00388,core AWBC,AwbcProgram.source_plans,SourcePlan::OpenResult,open function signature,result; change=closed AwbcSourcePlanTypedSlot; exclusion=none,P8/P9/P10,AWBC_SITE_RESOLUTION.csv
CVRS-INV-00389,core AWBC,AwbcProgram.source_plans,SourcePlan::HandlerPattern(handler:u32),handlers[h].pattern,AwbcTypedPattern.expected; change=closed AwbcSourcePlanTypedSlot; exclusion=none,P8/P9/P10,AWBC_SITE_RESOLUTION.csv
CVRS-INV-00390,core AWBC,AwbcProgram.source_plans,"SourcePlan::HandlerParameter(handler:u32,parameter:u32)",handlers[h].function signature,parameter; change=closed AwbcSourcePlanTypedSlot; exclusion=none,P8/P9/P10,AWBC_SITE_RESOLUTION.csv
CVRS-INV-00391,core AWBC,AwbcProgram.source_plans,SourcePlan::HandlerResult(handler:u32),handlers[h].function signature,result; change=closed AwbcSourcePlanTypedSlot; exclusion=none,P8/P9/P10,AWBC_SITE_RESOLUTION.csv
CVRS-INV-00392,core AWBC,AwbcProgram.pure_helpers,PureHelper::Parameter(parameter:u32),pure_helpers[i].signature,referenced signature parameter; change=closed AwbcPureHelperTypedSlot; exclusion=none,P8/P9/P10,AWBC_SITE_RESOLUTION.csv
CVRS-INV-00393,core AWBC,AwbcProgram.pure_helpers,PureHelper::Result,pure_helpers[i].signature,referenced signature result; change=closed AwbcPureHelperTypedSlot; exclusion=none,P8/P9/P10,AWBC_SITE_RESOLUTION.csv
CVRS-INV-00394,core AWBC,AwbcProgram.trait_methods,TraitMethod::Parameter(parameter:u32),trait_methods[i].signature,referenced signature parameter; change=closed AwbcTraitMethodTypedSlot; exclusion=none,P8/P9/P10,AWBC_SITE_RESOLUTION.csv
CVRS-INV-00395,core AWBC,AwbcProgram.trait_methods,TraitMethod::Result,trait_methods[i].signature,referenced signature result; change=closed AwbcTraitMethodTypedSlot; exclusion=none,P8/P9/P10,AWBC_SITE_RESOLUTION.csv
CVRS-INV-00396,core AWBC,AwbcProgram.entries,Entry::Parameter(parameter:u32),entries[i].signature,referenced signature parameter; change=closed AwbcEntryTypedSlot; exclusion=none,P8/P9/P10,AWBC_SITE_RESOLUTION.csv
CVRS-INV-00397,core AWBC,AwbcProgram.entries,Entry::Result,entries[i].signature,referenced signature result; change=closed AwbcEntryTypedSlot; exclusion=none,P8/P9/P10,AWBC_SITE_RESOLUTION.csv
CVRS-INV-00398,core AWBC,AwbcProgram.trait_methods,TraitMethod::ReceiverState,receiver_state_slot,Owned/MutRef require an actual receiver_state_slot and emit direct site; SharedRef requires None and emits none; frame slot and receiver declaration agree; exclusion=none,P8/P9/P10,AWBC_SITE_RESOLUTION.csv
CVRS-INV-00399,core AWBC,AwbcProgram.flow_executables,FlowExecutable::Parameter(parameter:u32),metadata.parameters[i].ty and function.signature.params[i],resolve both independently; exact semantic/type equality; change=add RuntimeFlowExecutableParameter.ty in shared metadata; exclusion=none,P8/P9/P10,AWBC_SITE_RESOLUTION.csv
CVRS-INV-00400,core AWBC,AwbcProgram.choices,Excluded::choices,AwbcChoice,no AwbcTypedSite row; referenced owner is resolved where stated; change=none; exclusion=public ID and option range only; option function/effect targets own types,P8/P9/P10,AWBC_SITE_RESOLUTION.csv
CVRS-INV-00401,core AWBC,AwbcProgram.choice_options,Excluded::choice_options,AwbcChoiceOption,no AwbcTypedSite row; referenced owner is resolved where stated; change=none; exclusion=labels and function/effect references only,P8/P9/P10,AWBC_SITE_RESOLUTION.csv
CVRS-INV-00402,core AWBC,AwbcProgram.content_units,Excluded::content_units,AwbcContentUnit,no AwbcTypedSite row; referenced owner is resolved where stated; change=none; exclusion=identity/display/source/resource references only,P8/P9/P10,AWBC_SITE_RESOLUTION.csv
CVRS-INV-00403,core AWBC,AwbcProgram.line_task_nodes,Excluded::line_task_nodes,AwbcLineTaskNode,no AwbcTypedSite row; referenced owner is resolved where stated; change=none; exclusion=task/effect references; target tables own types,P8/P9/P10,AWBC_SITE_RESOLUTION.csv
CVRS-INV-00404,core AWBC,AwbcProgram.display_map,Excluded::display_map,AwbcDisplayMapEntry,no AwbcTypedSite row; referenced owner is resolved where stated; change=none; exclusion=presentation metadata only,P8/P9/P10,AWBC_SITE_RESOLUTION.csv
CVRS-INV-00405,core AWBC,AwbcProgram.source_map,Excluded::source_map,AwbcSourceMapEntry,no AwbcTypedSite row; referenced owner is resolved where stated; change=none; exclusion=diagnostic metadata only,P8/P9/P10,AWBC_SITE_RESOLUTION.csv
CVRS-INV-00406,core AWBC,AwbcProgram.resources,Excluded::resources,AwbcResourceRef,"no AwbcTypedSite row; referenced owner is resolved where stated; change=none; exclusion=resource identity/digest/length, no RuntimeValue checked type",P8/P9/P10,AWBC_SITE_RESOLUTION.csv
CVRS-INV-00407,core AWBC,AwbcProgram.callable_executables,Excluded::callable_executables,AwbcCallableExecutable,no AwbcTypedSite row; referenced owner is resolved where stated; change=none; exclusion=function reference only; function signature owns types,P8/P9/P10,AWBC_SITE_RESOLUTION.csv
CVRS-INV-00408,core AWBC,AwbcProgram.flow_bindings,Excluded::flow_bindings,AwbcFlowBinding,no AwbcTypedSite row; referenced owner is resolved where stated; change=none; exclusion=semantic Flow identity/function reference only,P8/P9/P10,AWBC_SITE_RESOLUTION.csv
CVRS-INV-00409,core AWBC,AwbcProgram.pure_helpers.function,Excluded::pure_helpers.function,AwbcPureHelper.function,no AwbcTypedSite row; referenced owner is resolved where stated; change=none; exclusion=function signature is the sole type owner,P8/P9/P10,AWBC_SITE_RESOLUTION.csv
CVRS-INV-00410,core AWBC,AwbcProgram.resume_points,Excluded::resume_points,AwbcResumePoint,no AwbcTypedSite row; referenced owner is resolved where stated; change=none; exclusion=control/frame reference; frame table owns register types,P8/P9/P10,AWBC_SITE_RESOLUTION.csv
CVRS-INV-00411,core AWBC,AwbcProgram.match_arms,Excluded::match_arms,AwbcMatchArm,no AwbcTypedSite row; referenced owner is resolved where stated; change=none; exclusion=pattern/function/block references; target owners own types,P8/P9/P10,AWBC_SITE_RESOLUTION.csv
CVRS-INV-00412,core AWBC,AwbcProgram.host_calls,Excluded::host_calls,AwbcHostCall,no AwbcTypedSite row; referenced owner is resolved where stated; change=none; exclusion=signature owns all typed slots,P8/P9/P10,AWBC_SITE_RESOLUTION.csv
CVRS-INV-00413,core AWBC,AwbcProgram.intrinsics,Excluded::intrinsics,AwbcIntrinsic,no AwbcTypedSite row; referenced owner is resolved where stated; change=none; exclusion=signature owns all typed slots,P8/P9/P10,AWBC_SITE_RESOLUTION.csv
CVRS-INV-00414,plan/AWBC reference,runtime_types[id],Runtime type,reference AwbcTypeId,id < len; declaration constructor validated; nested Tuple/Choice/Record/Variant/NominalRecord type IDs use tri-color DFS; cycle -> RuntimeTypeCycle before any root comparison,P6/P8/P9,AWBC_REFERENCE_RESOLUTION.csv
CVRS-INV-00415,plan/AWBC reference,constants[id],Constant,reference AwbcConstantId,id < len; typed constant row; Tuple/Sequence/Record/Variant/Range/Opaque child constants use tri-color DFS; cycle -> ConstantCycle before value validation,P6/P8/P9,AWBC_REFERENCE_RESOLUTION.csv
CVRS-INV-00416,plan/AWBC reference,signatures[id],Signature,reference AwbcSignatureId,id < len; all param/result type IDs valid; no signature recursion; bounds error,P6/P8/P9,AWBC_REFERENCE_RESOLUTION.csv
CVRS-INV-00417,plan/AWBC reference,functions[id],Function,reference AwbcFunctionId,id < len; signature/frame/block ranges valid; function references may alias; no recursive type authority; alias accepted only when resolved signatures equal where equality required,P6/P8/P9,AWBC_REFERENCE_RESOLUTION.csv
CVRS-INV-00418,plan/AWBC reference,functions[f].frame_layout -> slots[id],Frame register,reference AwbcRegisterId,register index < slots.len; one sole register type owner; out-of-bounds before opcode type rule,P6/P8/P9,AWBC_REFERENCE_RESOLUTION.csv
CVRS-INV-00419,plan/AWBC reference,typed_patterns[id],Pattern,reference AwbcPatternId,id < len; wrapper expected type valid; Tuple/Record/Sequence/Variant/Whole children tri-color DFS; cycle -> PatternCycle before pattern/root correlation,P6/P8/P9,AWBC_REFERENCE_RESOLUTION.csv
CVRS-INV-00420,plan/AWBC reference,function block instruction range,Instruction,reference AwbcInstructionId,range checked_end no overflow; ownership exact; no cross-function instruction alias; range/bounds before typed slot resolution,P6/P8/P9,AWBC_REFERENCE_RESOLUTION.csv
CVRS-INV-00421,plan/AWBC reference,blocks[id],Block,reference AwbcBlockId,function.block range ownership and terminator refs; block graph cycles allowed for control flow; not a type cycle,P6/P8/P9,AWBC_REFERENCE_RESOLUTION.csv
CVRS-INV-00422,plan/AWBC reference,task_plans[id],Task plan,reference AwbcTaskPlanId,id bounds; signature; argument count equals params; same plan may be referenced many times; alias allowed; every call rechecks actual signature,P6/P8/P9,AWBC_REFERENCE_RESOLUTION.csv
CVRS-INV-00423,plan/AWBC reference,effect_plans[id],Effect plan,reference AwbcEffectPlanId,id bounds; signature; static_args <= params; audio id valid; same effect may be referenced many times; dynamic args start exactly at static_args.len(),P6/P8/P9,AWBC_REFERENCE_RESOLUTION.csv
CVRS-INV-00424,plan/AWBC reference,owning effect signature params[index],Audio Arg,reference AwbcAudioArg,index < params.len; no free/global argument namespace; out-of-bounds before type comparison,P6/P8/P9,AWBC_REFERENCE_RESOLUTION.csv
CVRS-INV-00425,plan/AWBC reference,typed constants[id].ty,Audio Const,reference AwbcConstantId,"constant bounds/cycle first; alias allowed; type comes from constant owner, never effect claim",P6/P8/P9,AWBC_REFERENCE_RESOLUTION.csv
CVRS-INV-00426,plan/AWBC reference,stream_plans[id],Stream plan,reference AwbcStreamPlanId,item/error types and transform function valid; references alias allowed; transform signature checked against item/error contract,P6/P8/P9,AWBC_REFERENCE_RESOLUTION.csv
CVRS-INV-00427,plan/AWBC reference,source_plans[id],Source plan,reference AwbcSourcePlanId,item/error/open/handler references valid; references alias allowed; handler expected type selected by event kind,P6/P8/P9,AWBC_REFERENCE_RESOLUTION.csv
CVRS-INV-00428,plan/AWBC reference,entries[id].signature,Entry signature,reference AwbcSignatureId,entry bounds then signature; target function/routes independently validated; signature/target mismatch before origin comparison,P6/P8/P9,AWBC_REFERENCE_RESOLUTION.csv
CVRS-INV-00429,plan/AWBC reference,RuntimePlan.type_declarations[id],Plan type declaration,reference RuntimePlanTypeId,id bounds; declaration resolves in admitted generation; no declaration cycles; checked type nominal traversal bounded separately; unknown/conflicting generation fact before site publication,P6/P8/P9,AWBC_REFERENCE_RESOLUTION.csv
CVRS-INV-00430,plan/AWBC reference,RuntimeTypedExpr.nodes,Expression node,reference RuntimeIndexPath,"path starts [0], <=64, exact unique complete set; child grammar from RUNTIME_PLAN_EXPR_RESOLUTION.csv; missing/extra/duplicate before semantic root correlation; exact root [0] and every present child; declaration kind Checked or Operational; operational cannot emit AWBC origin/context",P02/P07,RUNTIME_EXPR_NODE_API.md + RUNTIME_PLAN_TYPE_KIND.csv + RUNTIME_EXPR_NODE_RESOLUTION.csv
CVRS-INV-00431,plan/AWBC reference,RuntimeTypedPattern.nodes,Pattern node,reference RuntimeIndexPath,same path validation; child grammar from RUNTIME_PLAN_PATTERN_RESOLUTION.csv; missing/extra/duplicate before binding publication,P6/P8/P9,AWBC_REFERENCE_RESOLUTION.csv
CVRS-INV-00432,plan/AWBC reference,typed_origins[id],Origin,reference AwbcTypedOrigin,plan_site and awbc_site custom Deserialize; sorted unique by pair; no root/type field and therefore no authorization cycle; duplicate/conflicting origin before pair equality,P6/P8/P9,AWBC_REFERENCE_RESOLUTION.csv
CVRS-INV-00433,AWBC instruction slot,crates/arcweft-core/src/awbc/schema.rs,LoadConstDestination,dst,canonical field tag 0; frame(dst),P8/P9,AWBC_INSTRUCTION_TYPED_SLOTS.csv
CVRS-INV-00434,AWBC instruction slot,crates/arcweft-core/src/awbc/schema.rs,LoadConstConstant,constant,canonical field tag 1; typed constant type,P8/P9,AWBC_INSTRUCTION_TYPED_SLOTS.csv
CVRS-INV-00435,AWBC instruction slot,crates/arcweft-core/src/awbc/schema.rs,MoveDestination,dst,canonical field tag 0; frame(dst),P8/P9,AWBC_INSTRUCTION_TYPED_SLOTS.csv
CVRS-INV-00436,AWBC instruction slot,crates/arcweft-core/src/awbc/schema.rs,MoveSource,src,canonical field tag 1; frame(src),P8/P9,AWBC_INSTRUCTION_TYPED_SLOTS.csv
CVRS-INV-00437,AWBC instruction slot,crates/arcweft-core/src/awbc/schema.rs,ClearRegister,register,canonical field tag 0; frame(register),P8/P9,AWBC_INSTRUCTION_TYPED_SLOTS.csv
CVRS-INV-00438,AWBC instruction slot,crates/arcweft-core/src/awbc/schema.rs,BindPatternPatternExpected,pattern,canonical field tag 0; typed pattern expected,P8/P9,AWBC_INSTRUCTION_TYPED_SLOTS.csv
CVRS-INV-00439,AWBC instruction slot,crates/arcweft-core/src/awbc/schema.rs,BindPatternValue,value,canonical field tag 1; frame(value),P8/P9,AWBC_INSTRUCTION_TYPED_SLOTS.csv
CVRS-INV-00440,AWBC instruction slot,crates/arcweft-core/src/awbc/schema.rs,TestPatternDestinationBool,dst,canonical field tag 0; frame(dst) must Bool,P8/P9,AWBC_INSTRUCTION_TYPED_SLOTS.csv
CVRS-INV-00441,AWBC instruction slot,crates/arcweft-core/src/awbc/schema.rs,TestPatternPatternExpected,pattern,canonical field tag 1; typed pattern expected,P8/P9,AWBC_INSTRUCTION_TYPED_SLOTS.csv
CVRS-INV-00442,AWBC instruction slot,crates/arcweft-core/src/awbc/schema.rs,TestPatternValue,value,canonical field tag 2; frame(value),P8/P9,AWBC_INSTRUCTION_TYPED_SLOTS.csv
CVRS-INV-00443,AWBC instruction slot,crates/arcweft-core/src/awbc/schema.rs,MakeTupleDestination,dst,canonical field tag 0; frame(dst) tuple,P8/P9,AWBC_INSTRUCTION_TYPED_SLOTS.csv
CVRS-INV-00444,AWBC instruction slot,crates/arcweft-core/src/awbc/schema.rs,MakeTupleItem { item: u32 },items[i],canonical field tag 1; frame(items[i]),P8/P9,AWBC_INSTRUCTION_TYPED_SLOTS.csv
CVRS-INV-00445,AWBC instruction slot,crates/arcweft-core/src/awbc/schema.rs,MakeSequenceDestination,dst,canonical field tag 0; frame(dst) sequence,P8/P9,AWBC_INSTRUCTION_TYPED_SLOTS.csv
CVRS-INV-00446,AWBC instruction slot,crates/arcweft-core/src/awbc/schema.rs,MakeSequenceItem { item: u32 },items[i],canonical field tag 1; frame(items[i]),P8/P9,AWBC_INSTRUCTION_TYPED_SLOTS.csv
CVRS-INV-00447,AWBC instruction slot,crates/arcweft-core/src/awbc/schema.rs,RepeatSequenceDestination,dst,canonical field tag 0; frame(dst) sequence,P8/P9,AWBC_INSTRUCTION_TYPED_SLOTS.csv
CVRS-INV-00448,AWBC instruction slot,crates/arcweft-core/src/awbc/schema.rs,RepeatSequenceValue,value,canonical field tag 1; frame(value) item,P8/P9,AWBC_INSTRUCTION_TYPED_SLOTS.csv
CVRS-INV-00449,AWBC instruction slot,crates/arcweft-core/src/awbc/schema.rs,RepeatSequenceLength,len,canonical field tag 2; frame(len) unsigned,P8/P9,AWBC_INSTRUCTION_TYPED_SLOTS.csv
CVRS-INV-00450,AWBC instruction slot,crates/arcweft-core/src/awbc/schema.rs,SequenceLenDestination,dst,canonical field tag 0; frame(dst) unsigned,P8/P9,AWBC_INSTRUCTION_TYPED_SLOTS.csv
CVRS-INV-00451,AWBC instruction slot,crates/arcweft-core/src/awbc/schema.rs,SequenceLenSequence,sequence,canonical field tag 1; frame(sequence),P8/P9,AWBC_INSTRUCTION_TYPED_SLOTS.csv
CVRS-INV-00452,AWBC instruction slot,crates/arcweft-core/src/awbc/schema.rs,SequenceGetDestination,dst,canonical field tag 0; frame(dst) item,P8/P9,AWBC_INSTRUCTION_TYPED_SLOTS.csv
CVRS-INV-00453,AWBC instruction slot,crates/arcweft-core/src/awbc/schema.rs,SequenceGetSequence,sequence,canonical field tag 1; frame(sequence),P8/P9,AWBC_INSTRUCTION_TYPED_SLOTS.csv
CVRS-INV-00454,AWBC instruction slot,crates/arcweft-core/src/awbc/schema.rs,SequenceGetIndex,index,canonical field tag 2; frame(index) unsigned,P8/P9,AWBC_INSTRUCTION_TYPED_SLOTS.csv
CVRS-INV-00455,AWBC instruction slot,crates/arcweft-core/src/awbc/schema.rs,SequenceSliceDestination,dst,canonical field tag 0; frame(dst) sequence,P8/P9,AWBC_INSTRUCTION_TYPED_SLOTS.csv
CVRS-INV-00456,AWBC instruction slot,crates/arcweft-core/src/awbc/schema.rs,SequenceSliceSequence,sequence,canonical field tag 1; frame(sequence),P8/P9,AWBC_INSTRUCTION_TYPED_SLOTS.csv
CVRS-INV-00457,AWBC instruction slot,crates/arcweft-core/src/awbc/schema.rs,SequenceSliceStart,start,canonical field tag 2; frame(start) unsigned,P8/P9,AWBC_INSTRUCTION_TYPED_SLOTS.csv
CVRS-INV-00458,AWBC instruction slot,crates/arcweft-core/src/awbc/schema.rs,SequencePushSequence,sequence,canonical field tag 0; frame(sequence),P8/P9,AWBC_INSTRUCTION_TYPED_SLOTS.csv
CVRS-INV-00459,AWBC instruction slot,crates/arcweft-core/src/awbc/schema.rs,SequencePushValue,value,canonical field tag 1; frame(value) item,P8/P9,AWBC_INSTRUCTION_TYPED_SLOTS.csv
CVRS-INV-00460,AWBC instruction slot,crates/arcweft-core/src/awbc/schema.rs,MakeRecordDestination,dst,canonical field tag 0; frame(dst),P8/P9,AWBC_INSTRUCTION_TYPED_SLOTS.csv
CVRS-INV-00461,AWBC instruction slot,crates/arcweft-core/src/awbc/schema.rs,MakeRecordDeclaredType,ty,canonical field tag 1; runtime type declaration,P8/P9,AWBC_INSTRUCTION_TYPED_SLOTS.csv
CVRS-INV-00462,AWBC instruction slot,crates/arcweft-core/src/awbc/schema.rs,MakeRecordField { field: u32 },fields[i],canonical field tag 2; frame(fields[i]); field_names[i] resolves descriptor field,P8/P9,AWBC_INSTRUCTION_TYPED_SLOTS.csv
CVRS-INV-00463,AWBC instruction slot,crates/arcweft-core/src/awbc/schema.rs,MakeVariantDestination,dst,canonical field tag 0; frame(dst),P8/P9,AWBC_INSTRUCTION_TYPED_SLOTS.csv
CVRS-INV-00464,AWBC instruction slot,crates/arcweft-core/src/awbc/schema.rs,MakeVariantDeclaredType,ty,canonical field tag 1; runtime type declaration,P8/P9,AWBC_INSTRUCTION_TYPED_SLOTS.csv
CVRS-INV-00465,AWBC instruction slot,crates/arcweft-core/src/awbc/schema.rs,MakeVariantPayload,payload,canonical field tag 2; frame(payload) when present,P8/P9,AWBC_INSTRUCTION_TYPED_SLOTS.csv
CVRS-INV-00466,AWBC instruction slot,crates/arcweft-core/src/awbc/schema.rs,ProjectTupleDestination,dst,canonical field tag 0; frame(dst),P8/P9,AWBC_INSTRUCTION_TYPED_SLOTS.csv
CVRS-INV-00467,AWBC instruction slot,crates/arcweft-core/src/awbc/schema.rs,ProjectTupleTarget,target,canonical field tag 1; frame(target) tuple,P8/P9,AWBC_INSTRUCTION_TYPED_SLOTS.csv
CVRS-INV-00468,AWBC instruction slot,crates/arcweft-core/src/awbc/schema.rs,ProjectRecordDestination,dst,canonical field tag 0; frame(dst),P8/P9,AWBC_INSTRUCTION_TYPED_SLOTS.csv
CVRS-INV-00469,AWBC instruction slot,crates/arcweft-core/src/awbc/schema.rs,ProjectRecordTarget,target,canonical field tag 1; frame(target) record,P8/P9,AWBC_INSTRUCTION_TYPED_SLOTS.csv
CVRS-INV-00470,AWBC instruction slot,crates/arcweft-core/src/awbc/schema.rs,ProjectFieldDestination,dst,canonical field tag 0; frame(dst),P8/P9,AWBC_INSTRUCTION_TYPED_SLOTS.csv
CVRS-INV-00471,AWBC instruction slot,crates/arcweft-core/src/awbc/schema.rs,ProjectFieldTarget,target,canonical field tag 1; frame(target) record,P8/P9,AWBC_INSTRUCTION_TYPED_SLOTS.csv
CVRS-INV-00472,AWBC instruction slot,crates/arcweft-core/src/awbc/schema.rs,UnaryDestination,dst,canonical field tag 0; frame(dst),P8/P9,AWBC_INSTRUCTION_TYPED_SLOTS.csv
CVRS-INV-00473,AWBC instruction slot,crates/arcweft-core/src/awbc/schema.rs,UnarySource,src,canonical field tag 1; frame(src),P8/P9,AWBC_INSTRUCTION_TYPED_SLOTS.csv
CVRS-INV-00474,AWBC instruction slot,crates/arcweft-core/src/awbc/schema.rs,BinaryDestination,dst,canonical field tag 0; frame(dst),P8/P9,AWBC_INSTRUCTION_TYPED_SLOTS.csv
CVRS-INV-00475,AWBC instruction slot,crates/arcweft-core/src/awbc/schema.rs,BinaryLeft,lhs,canonical field tag 1; frame(lhs),P8/P9,AWBC_INSTRUCTION_TYPED_SLOTS.csv
CVRS-INV-00476,AWBC instruction slot,crates/arcweft-core/src/awbc/schema.rs,BinaryRight,rhs,canonical field tag 2; frame(rhs),P8/P9,AWBC_INSTRUCTION_TYPED_SLOTS.csv
CVRS-INV-00477,AWBC instruction slot,crates/arcweft-core/src/awbc/schema.rs,CallPureHelperDestination,dst,canonical field tag 0; frame(dst),P8/P9,AWBC_INSTRUCTION_TYPED_SLOTS.csv
CVRS-INV-00478,AWBC instruction slot,crates/arcweft-core/src/awbc/schema.rs,CallPureHelperArgument { argument: u32 },args[i],canonical field tag 1; frame(args[i]); helper.signature.params[i],P8/P9,AWBC_INSTRUCTION_TYPED_SLOTS.csv
CVRS-INV-00479,AWBC instruction slot,crates/arcweft-core/src/awbc/schema.rs,CallIntrinsicDestination,dst,canonical field tag 0; optional frame(dst); intrinsic signature result,P8/P9,AWBC_INSTRUCTION_TYPED_SLOTS.csv
CVRS-INV-00480,AWBC instruction slot,crates/arcweft-core/src/awbc/schema.rs,CallIntrinsicArgument { argument: u32 },args[i],canonical field tag 1; frame(args[i]); intrinsic signature params[i],P8/P9,AWBC_INSTRUCTION_TYPED_SLOTS.csv
CVRS-INV-00481,AWBC instruction slot,crates/arcweft-core/src/awbc/schema.rs,EmitEffectArgument { argument: u32 },args[i],canonical field tag 0; frame(args[i]); effect.signature parameter after static prefix,P8/P9,AWBC_INSTRUCTION_TYPED_SLOTS.csv
CVRS-INV-00482,AWBC instruction slot,crates/arcweft-core/src/awbc/schema.rs,StartTaskDestination,dst,canonical field tag 0; frame(dst); task signature result/handle rule,P8/P9,AWBC_INSTRUCTION_TYPED_SLOTS.csv
CVRS-INV-00483,AWBC instruction slot,crates/arcweft-core/src/awbc/schema.rs,StartTaskArgument { argument: u32 },args[i],canonical field tag 1; frame(args[i]); task.signature.params[i],P8/P9,AWBC_INSTRUCTION_TYPED_SLOTS.csv
CVRS-INV-00484,AWBC instruction slot,crates/arcweft-core/src/awbc/schema.rs,SpawnFiberDestination,dst,canonical field tag 0; optional frame(dst); function signature result/handle rule,P8/P9,AWBC_INSTRUCTION_TYPED_SLOTS.csv
CVRS-INV-00485,AWBC instruction slot,crates/arcweft-core/src/awbc/schema.rs,SpawnFiberArgument { argument: u32 },args[i],canonical field tag 1; frame(args[i]); target function signature params[i],P8/P9,AWBC_INSTRUCTION_TYPED_SLOTS.csv
CVRS-INV-00486,AWBC instruction slot,crates/arcweft-core/src/awbc/schema.rs,StreamYieldValue,value,canonical field tag 0; frame(value); stream.item_type,P8/P9,AWBC_INSTRUCTION_TYPED_SLOTS.csv
CVRS-INV-00487,AWBC instruction slot,crates/arcweft-core/src/awbc/schema.rs,DropRegister,register,canonical field tag 0; frame(register),P8/P9,AWBC_INSTRUCTION_TYPED_SLOTS.csv
CVRS-INV-00488,AWBC instruction slot,crates/arcweft-core/src/awbc/schema.rs,SourceYieldValue,value,canonical field tag 0; frame(value); source.item_type,P8/P9,AWBC_INSTRUCTION_TYPED_SLOTS.csv
CVRS-INV-00489,AWBC instruction slot,crates/arcweft-core/src/awbc/schema.rs,AssignFieldTarget,target,canonical field tag 0; frame(target) record,P8/P9,AWBC_INSTRUCTION_TYPED_SLOTS.csv
CVRS-INV-00490,AWBC instruction slot,crates/arcweft-core/src/awbc/schema.rs,AssignFieldValue,value,canonical field tag 1; frame(value); selected field type,P8/P9,AWBC_INSTRUCTION_TYPED_SLOTS.csv
CVRS-INV-00491,AWBC instruction slot,crates/arcweft-core/src/awbc/schema.rs,CallTraitMethodDestination,dst,canonical field tag 0; frame(dst); method result,P8/P9,AWBC_INSTRUCTION_TYPED_SLOTS.csv
CVRS-INV-00492,AWBC instruction slot,crates/arcweft-core/src/awbc/schema.rs,CallTraitMethodReceiver,receiver,canonical field tag 1; frame(receiver); method receiver,P8/P9,AWBC_INSTRUCTION_TYPED_SLOTS.csv
CVRS-INV-00493,AWBC instruction slot,crates/arcweft-core/src/awbc/schema.rs,CallTraitMethodArgument { argument: u32 },args[i],canonical field tag 2; frame(args[i]); method signature parameter after receiver,P8/P9,AWBC_INSTRUCTION_TYPED_SLOTS.csv
CVRS-INV-00494,AWBC instruction slot,crates/arcweft-core/src/awbc/schema.rs,CallTraitMethodReceiverOut,receiver_out,canonical field tag 3; optional frame; same receiver type for mutable/owned,P8/P9,AWBC_INSTRUCTION_TYPED_SLOTS.csv
CVRS-INV-00495,AWBC instruction slot,crates/arcweft-core/src/awbc/schema.rs,RegisterCleanupArgument { argument: u32 },args[i],canonical field tag 0; frame(args[i]); effect signature after static prefix,P8/P9,AWBC_INSTRUCTION_TYPED_SLOTS.csv
CVRS-INV-00496,AWBC terminator slot,crates/arcweft-core/src/awbc/schema.rs,BranchCondition,condition,canonical field tag 0; frame(condition) must Bool,P8/P9,AWBC_TERMINATOR_TYPED_SLOTS.csv
CVRS-INV-00497,AWBC terminator slot,crates/arcweft-core/src/awbc/schema.rs,MatchScrutinee,scrutinee,canonical field tag 0; frame(scrutinee); each match-arm pattern expected type,P8/P9,AWBC_TERMINATOR_TYPED_SLOTS.csv
CVRS-INV-00498,AWBC terminator slot,crates/arcweft-core/src/awbc/schema.rs,CallFunctionArgument { argument: u32 },args[i],canonical field tag 0; frame(args[i]); target signature params[i],P8/P9,AWBC_TERMINATOR_TYPED_SLOTS.csv
CVRS-INV-00499,AWBC terminator slot,crates/arcweft-core/src/awbc/schema.rs,CallFunctionDestination,dst,canonical field tag 1; optional frame(dst); target result,P8/P9,AWBC_TERMINATOR_TYPED_SLOTS.csv
CVRS-INV-00500,AWBC terminator slot,crates/arcweft-core/src/awbc/schema.rs,GotoStaticArgument { argument: u32 },args[i],canonical field tag 0; frame(args[i]); target signature params[i],P8/P9,AWBC_TERMINATOR_TYPED_SLOTS.csv
CVRS-INV-00501,AWBC terminator slot,crates/arcweft-core/src/awbc/schema.rs,ChoiceDestination,dst,canonical field tag 0; frame(dst); canonical choice result declaration,P8/P9,AWBC_TERMINATOR_TYPED_SLOTS.csv
CVRS-INV-00502,AWBC terminator slot,crates/arcweft-core/src/awbc/schema.rs,AwaitHandle,handle,canonical field tag 0; frame(handle) TaskHandle,P8/P9,AWBC_TERMINATOR_TYPED_SLOTS.csv
CVRS-INV-00503,AWBC terminator slot,crates/arcweft-core/src/awbc/schema.rs,AwaitBinding,binding,canonical field tag 1; typed pattern expected equals task result,P8/P9,AWBC_TERMINATOR_TYPED_SLOTS.csv
CVRS-INV-00504,AWBC terminator slot,crates/arcweft-core/src/awbc/schema.rs,AwaitManySource,source,canonical field tag 0; frame(source) sequence/iterator,P8/P9,AWBC_TERMINATOR_TYPED_SLOTS.csv
CVRS-INV-00505,AWBC terminator slot,crates/arcweft-core/src/awbc/schema.rs,AwaitManyBinding,binding,canonical field tag 1; typed pattern expected equals task item,P8/P9,AWBC_TERMINATOR_TYPED_SLOTS.csv
CVRS-INV-00506,AWBC terminator slot,crates/arcweft-core/src/awbc/schema.rs,HostCallArgument { argument: u32 },args[i],canonical field tag 0; frame(args[i]); host call signature params[i],P8/P9,AWBC_TERMINATOR_TYPED_SLOTS.csv
CVRS-INV-00507,AWBC terminator slot,crates/arcweft-core/src/awbc/schema.rs,HostCallDestination,dst,canonical field tag 1; optional frame(dst); host call result,P8/P9,AWBC_TERMINATOR_TYPED_SLOTS.csv
CVRS-INV-00508,AWBC terminator slot,crates/arcweft-core/src/awbc/schema.rs,ReturnValue,value,canonical field tag 0; optional frame(value); owning function result,P8/P9,AWBC_TERMINATOR_TYPED_SLOTS.csv
CVRS-INV-00509,AWBC audio slot,crates/arcweft-core/src/awbc/schema.rs,PlayVoice,Play.voice,"command tag 0 field tag 0; Arg(n) -> owning effect signature parameter n; Const(c) -> typed constant c; site owner is AwbcEffectPlanId, then effect.audio selects command and effect.signature resolves Arg(n)",P09/P10,AUDIO_SITE_API.md + AWBC_AUDIO_TYPED_SLOTS.csv + AWBC_SITE_RESOLUTION.csv
CVRS-INV-00510,AWBC audio slot,crates/arcweft-core/src/awbc/schema.rs,PlayResource,Play.resource,"command tag 0 field tag 1; Arg(n) -> owning effect signature parameter n; Const(c) -> typed constant c; site owner is AwbcEffectPlanId, then effect.audio selects command and effect.signature resolves Arg(n)",P09/P10,AUDIO_SITE_API.md + AWBC_AUDIO_TYPED_SLOTS.csv + AWBC_SITE_RESOLUTION.csv
CVRS-INV-00511,AWBC audio slot,crates/arcweft-core/src/awbc/schema.rs,PlayBus,Play.bus,"command tag 0 field tag 2; Arg(n) -> owning effect signature parameter n; Const(c) -> typed constant c; site owner is AwbcEffectPlanId, then effect.audio selects command and effect.signature resolves Arg(n)",P09/P10,AUDIO_SITE_API.md + AWBC_AUDIO_TYPED_SLOTS.csv + AWBC_SITE_RESOLUTION.csv
CVRS-INV-00512,AWBC audio slot,crates/arcweft-core/src/awbc/schema.rs,PlayGainDbMilli,Play.gain_db_milli,"command tag 0 field tag 3; Arg(n) -> owning effect signature parameter n; Const(c) -> typed constant c; site owner is AwbcEffectPlanId, then effect.audio selects command and effect.signature resolves Arg(n)",P09/P10,AUDIO_SITE_API.md + AWBC_AUDIO_TYPED_SLOTS.csv + AWBC_SITE_RESOLUTION.csv
CVRS-INV-00513,AWBC audio slot,crates/arcweft-core/src/awbc/schema.rs,PlayPanMilli,Play.pan_milli,"command tag 0 field tag 4; Arg(n) -> owning effect signature parameter n; Const(c) -> typed constant c; site owner is AwbcEffectPlanId, then effect.audio selects command and effect.signature resolves Arg(n)",P09/P10,AUDIO_SITE_API.md + AWBC_AUDIO_TYPED_SLOTS.csv + AWBC_SITE_RESOLUTION.csv
CVRS-INV-00514,AWBC audio slot,crates/arcweft-core/src/awbc/schema.rs,PlayStartFrame,Play.start_frame,"command tag 0 field tag 5; Arg(n) -> owning effect signature parameter n; Const(c) -> typed constant c; site owner is AwbcEffectPlanId, then effect.audio selects command and effect.signature resolves Arg(n)",P09/P10,AUDIO_SITE_API.md + AWBC_AUDIO_TYPED_SLOTS.csv + AWBC_SITE_RESOLUTION.csv
CVRS-INV-00515,AWBC audio slot,crates/arcweft-core/src/awbc/schema.rs,PlayFadeInMillis,Play.fade_in_millis,"command tag 0 field tag 6; Arg(n) -> owning effect signature parameter n; Const(c) -> typed constant c; site owner is AwbcEffectPlanId, then effect.audio selects command and effect.signature resolves Arg(n)",P09/P10,AUDIO_SITE_API.md + AWBC_AUDIO_TYPED_SLOTS.csv + AWBC_SITE_RESOLUTION.csv
CVRS-INV-00516,AWBC audio slot,crates/arcweft-core/src/awbc/schema.rs,StopVoice,Stop.voice,"command tag 1 field tag 0; Arg(n) -> owning effect signature parameter n; Const(c) -> typed constant c; site owner is AwbcEffectPlanId, then effect.audio selects command and effect.signature resolves Arg(n)",P09/P10,AUDIO_SITE_API.md + AWBC_AUDIO_TYPED_SLOTS.csv + AWBC_SITE_RESOLUTION.csv
CVRS-INV-00517,AWBC audio slot,crates/arcweft-core/src/awbc/schema.rs,StopFadeOutMillis,Stop.fade_out_millis,"command tag 1 field tag 1; Arg(n) -> owning effect signature parameter n; Const(c) -> typed constant c; site owner is AwbcEffectPlanId, then effect.audio selects command and effect.signature resolves Arg(n)",P09/P10,AUDIO_SITE_API.md + AWBC_AUDIO_TYPED_SLOTS.csv + AWBC_SITE_RESOLUTION.csv
CVRS-INV-00518,AWBC audio slot,crates/arcweft-core/src/awbc/schema.rs,StopAllFadeOutMillis,StopAll.fade_out_millis,"command tag 2 field tag 0; Arg(n) -> owning effect signature parameter n; Const(c) -> typed constant c; site owner is AwbcEffectPlanId, then effect.audio selects command and effect.signature resolves Arg(n)",P09/P10,AUDIO_SITE_API.md + AWBC_AUDIO_TYPED_SLOTS.csv + AWBC_SITE_RESOLUTION.csv
CVRS-INV-00519,AWBC audio slot,crates/arcweft-core/src/awbc/schema.rs,SetVoiceGainVoice,SetVoiceGain.voice,"command tag 3 field tag 0; Arg(n) -> owning effect signature parameter n; Const(c) -> typed constant c; site owner is AwbcEffectPlanId, then effect.audio selects command and effect.signature resolves Arg(n)",P09/P10,AUDIO_SITE_API.md + AWBC_AUDIO_TYPED_SLOTS.csv + AWBC_SITE_RESOLUTION.csv
CVRS-INV-00520,AWBC audio slot,crates/arcweft-core/src/awbc/schema.rs,SetVoiceGainValue,SetVoiceGain.gain_db_milli,"command tag 3 field tag 1; Arg(n) -> owning effect signature parameter n; Const(c) -> typed constant c; site owner is AwbcEffectPlanId, then effect.audio selects command and effect.signature resolves Arg(n)",P09/P10,AUDIO_SITE_API.md + AWBC_AUDIO_TYPED_SLOTS.csv + AWBC_SITE_RESOLUTION.csv
CVRS-INV-00521,AWBC audio slot,crates/arcweft-core/src/awbc/schema.rs,SetVoiceGainTransition,SetVoiceGain.transition_millis,"command tag 3 field tag 2; Arg(n) -> owning effect signature parameter n; Const(c) -> typed constant c; site owner is AwbcEffectPlanId, then effect.audio selects command and effect.signature resolves Arg(n)",P09/P10,AUDIO_SITE_API.md + AWBC_AUDIO_TYPED_SLOTS.csv + AWBC_SITE_RESOLUTION.csv
CVRS-INV-00522,AWBC audio slot,crates/arcweft-core/src/awbc/schema.rs,SetVoicePanVoice,SetVoicePan.voice,"command tag 4 field tag 0; Arg(n) -> owning effect signature parameter n; Const(c) -> typed constant c; site owner is AwbcEffectPlanId, then effect.audio selects command and effect.signature resolves Arg(n)",P09/P10,AUDIO_SITE_API.md + AWBC_AUDIO_TYPED_SLOTS.csv + AWBC_SITE_RESOLUTION.csv
CVRS-INV-00523,AWBC audio slot,crates/arcweft-core/src/awbc/schema.rs,SetVoicePanValue,SetVoicePan.pan_milli,"command tag 4 field tag 1; Arg(n) -> owning effect signature parameter n; Const(c) -> typed constant c; site owner is AwbcEffectPlanId, then effect.audio selects command and effect.signature resolves Arg(n)",P09/P10,AUDIO_SITE_API.md + AWBC_AUDIO_TYPED_SLOTS.csv + AWBC_SITE_RESOLUTION.csv
CVRS-INV-00524,AWBC audio slot,crates/arcweft-core/src/awbc/schema.rs,SetVoicePanTransition,SetVoicePan.transition_millis,"command tag 4 field tag 2; Arg(n) -> owning effect signature parameter n; Const(c) -> typed constant c; site owner is AwbcEffectPlanId, then effect.audio selects command and effect.signature resolves Arg(n)",P09/P10,AUDIO_SITE_API.md + AWBC_AUDIO_TYPED_SLOTS.csv + AWBC_SITE_RESOLUTION.csv
CVRS-INV-00525,AWBC audio slot,crates/arcweft-core/src/awbc/schema.rs,SetBusGainBus,SetBusGain.bus,"command tag 5 field tag 0; Arg(n) -> owning effect signature parameter n; Const(c) -> typed constant c; site owner is AwbcEffectPlanId, then effect.audio selects command and effect.signature resolves Arg(n)",P09/P10,AUDIO_SITE_API.md + AWBC_AUDIO_TYPED_SLOTS.csv + AWBC_SITE_RESOLUTION.csv
CVRS-INV-00526,AWBC audio slot,crates/arcweft-core/src/awbc/schema.rs,SetBusGainValue,SetBusGain.gain_db_milli,"command tag 5 field tag 1; Arg(n) -> owning effect signature parameter n; Const(c) -> typed constant c; site owner is AwbcEffectPlanId, then effect.audio selects command and effect.signature resolves Arg(n)",P09/P10,AUDIO_SITE_API.md + AWBC_AUDIO_TYPED_SLOTS.csv + AWBC_SITE_RESOLUTION.csv
CVRS-INV-00527,AWBC audio slot,crates/arcweft-core/src/awbc/schema.rs,SetBusGainTransition,SetBusGain.transition_millis,"command tag 5 field tag 2; Arg(n) -> owning effect signature parameter n; Const(c) -> typed constant c; site owner is AwbcEffectPlanId, then effect.audio selects command and effect.signature resolves Arg(n)",P09/P10,AUDIO_SITE_API.md + AWBC_AUDIO_TYPED_SLOTS.csv + AWBC_SITE_RESOLUTION.csv
CVRS-INV-00528,AWBC audio slot,crates/arcweft-core/src/awbc/schema.rs,SetBusMuteBus,SetBusMute.bus,"command tag 6 field tag 0; Arg(n) -> owning effect signature parameter n; Const(c) -> typed constant c; site owner is AwbcEffectPlanId, then effect.audio selects command and effect.signature resolves Arg(n)",P09/P10,AUDIO_SITE_API.md + AWBC_AUDIO_TYPED_SLOTS.csv + AWBC_SITE_RESOLUTION.csv
CVRS-INV-00529,AWBC audio slot,crates/arcweft-core/src/awbc/schema.rs,SetBusMuteMuted,SetBusMute.muted,"command tag 6 field tag 1; Arg(n) -> owning effect signature parameter n; Const(c) -> typed constant c; site owner is AwbcEffectPlanId, then effect.audio selects command and effect.signature resolves Arg(n)",P09/P10,AUDIO_SITE_API.md + AWBC_AUDIO_TYPED_SLOTS.csv + AWBC_SITE_RESOLUTION.csv
CVRS-INV-00530,AWBC audio slot,crates/arcweft-core/src/awbc/schema.rs,SetEffectEnabledBus,SetEffectEnabled.bus,"command tag 7 field tag 0; Arg(n) -> owning effect signature parameter n; Const(c) -> typed constant c; site owner is AwbcEffectPlanId, then effect.audio selects command and effect.signature resolves Arg(n)",P09/P10,AUDIO_SITE_API.md + AWBC_AUDIO_TYPED_SLOTS.csv + AWBC_SITE_RESOLUTION.csv
CVRS-INV-00531,AWBC audio slot,crates/arcweft-core/src/awbc/schema.rs,SetEffectEnabledEffect,SetEffectEnabled.effect,"command tag 7 field tag 1; Arg(n) -> owning effect signature parameter n; Const(c) -> typed constant c; site owner is AwbcEffectPlanId, then effect.audio selects command and effect.signature resolves Arg(n)",P09/P10,AUDIO_SITE_API.md + AWBC_AUDIO_TYPED_SLOTS.csv + AWBC_SITE_RESOLUTION.csv
CVRS-INV-00532,AWBC audio slot,crates/arcweft-core/src/awbc/schema.rs,SetEffectEnabledEnabled,SetEffectEnabled.enabled,"command tag 7 field tag 2; Arg(n) -> owning effect signature parameter n; Const(c) -> typed constant c; site owner is AwbcEffectPlanId, then effect.audio selects command and effect.signature resolves Arg(n)",P09/P10,AUDIO_SITE_API.md + AWBC_AUDIO_TYPED_SLOTS.csv + AWBC_SITE_RESOLUTION.csv
CVRS-INV-00533,AWBC audio slot,crates/arcweft-core/src/awbc/schema.rs,SetEffectParameterBus,SetEffectParameter.bus,"command tag 8 field tag 0; Arg(n) -> owning effect signature parameter n; Const(c) -> typed constant c; site owner is AwbcEffectPlanId, then effect.audio selects command and effect.signature resolves Arg(n)",P09/P10,AUDIO_SITE_API.md + AWBC_AUDIO_TYPED_SLOTS.csv + AWBC_SITE_RESOLUTION.csv
CVRS-INV-00534,AWBC audio slot,crates/arcweft-core/src/awbc/schema.rs,SetEffectParameterEffect,SetEffectParameter.effect,"command tag 8 field tag 1; Arg(n) -> owning effect signature parameter n; Const(c) -> typed constant c; site owner is AwbcEffectPlanId, then effect.audio selects command and effect.signature resolves Arg(n)",P09/P10,AUDIO_SITE_API.md + AWBC_AUDIO_TYPED_SLOTS.csv + AWBC_SITE_RESOLUTION.csv
CVRS-INV-00535,AWBC audio slot,crates/arcweft-core/src/awbc/schema.rs,SetEffectParameterValue,SetEffectParameter.value,"command tag 8 field tag 2; Arg(n) -> owning effect signature parameter n; Const(c) -> typed constant c; site owner is AwbcEffectPlanId, then effect.audio selects command and effect.signature resolves Arg(n)",P09/P10,AUDIO_SITE_API.md + AWBC_AUDIO_TYPED_SLOTS.csv + AWBC_SITE_RESOLUTION.csv
CVRS-INV-00536,AWBC audio slot,crates/arcweft-core/src/awbc/schema.rs,SetEffectParameterTransition,SetEffectParameter.transition_millis,"command tag 8 field tag 3; Arg(n) -> owning effect signature parameter n; Const(c) -> typed constant c; site owner is AwbcEffectPlanId, then effect.audio selects command and effect.signature resolves Arg(n)",P09/P10,AUDIO_SITE_API.md + AWBC_AUDIO_TYPED_SLOTS.csv + AWBC_SITE_RESOLUTION.csv
CVRS-INV-00537,AWBC audio slot,crates/arcweft-core/src/awbc/schema.rs,ApplySnapshotSnapshot,ApplySnapshot.snapshot,"command tag 9 field tag 0; Arg(n) -> owning effect signature parameter n; Const(c) -> typed constant c; site owner is AwbcEffectPlanId, then effect.audio selects command and effect.signature resolves Arg(n)",P09/P10,AUDIO_SITE_API.md + AWBC_AUDIO_TYPED_SLOTS.csv + AWBC_SITE_RESOLUTION.csv
CVRS-INV-00538,AWBC audio slot,crates/arcweft-core/src/awbc/schema.rs,ApplySnapshotTransition,ApplySnapshot.transition_millis,"command tag 9 field tag 1; Arg(n) -> owning effect signature parameter n; Const(c) -> typed constant c; site owner is AwbcEffectPlanId, then effect.audio selects command and effect.signature resolves Arg(n)",P09/P10,AUDIO_SITE_API.md + AWBC_AUDIO_TYPED_SLOTS.csv + AWBC_SITE_RESOLUTION.csv
CVRS-INV-00539,AWBC audio slot,crates/arcweft-core/src/awbc/schema.rs,RequestMicrophoneCapture,RequestMicrophone.capture,"command tag 10 field tag 0; Arg(n) -> owning effect signature parameter n; Const(c) -> typed constant c; site owner is AwbcEffectPlanId, then effect.audio selects command and effect.signature resolves Arg(n)",P09/P10,AUDIO_SITE_API.md + AWBC_AUDIO_TYPED_SLOTS.csv + AWBC_SITE_RESOLUTION.csv
CVRS-INV-00540,AWBC audio slot,crates/arcweft-core/src/awbc/schema.rs,StopMicrophoneCapture,StopMicrophone.capture,"command tag 11 field tag 0; Arg(n) -> owning effect signature parameter n; Const(c) -> typed constant c; site owner is AwbcEffectPlanId, then effect.audio selects command and effect.signature resolves Arg(n)",P09/P10,AUDIO_SITE_API.md + AWBC_AUDIO_TYPED_SLOTS.csv + AWBC_SITE_RESOLUTION.csv
CVRS-INV-00541,AWBC audio slot,crates/arcweft-core/src/awbc/schema.rs,SetCaptureMonitorCapture,SetCaptureMonitor.capture,"command tag 12 field tag 0; Arg(n) -> owning effect signature parameter n; Const(c) -> typed constant c; site owner is AwbcEffectPlanId, then effect.audio selects command and effect.signature resolves Arg(n)",P09/P10,AUDIO_SITE_API.md + AWBC_AUDIO_TYPED_SLOTS.csv + AWBC_SITE_RESOLUTION.csv
CVRS-INV-00542,AWBC audio slot,crates/arcweft-core/src/awbc/schema.rs,SetCaptureMonitorBus,SetCaptureMonitor.bus,"command tag 12 field tag 1; Arg(n) -> owning effect signature parameter n; Const(c) -> typed constant c; site owner is AwbcEffectPlanId, then effect.audio selects command and effect.signature resolves Arg(n)",P09/P10,AUDIO_SITE_API.md + AWBC_AUDIO_TYPED_SLOTS.csv + AWBC_SITE_RESOLUTION.csv
CVRS-INV-00543,AWBC audio slot,crates/arcweft-core/src/awbc/schema.rs,SetCaptureMonitorGain,SetCaptureMonitor.gain_db_milli,"command tag 12 field tag 2; Arg(n) -> owning effect signature parameter n; Const(c) -> typed constant c; site owner is AwbcEffectPlanId, then effect.audio selects command and effect.signature resolves Arg(n)",P09/P10,AUDIO_SITE_API.md + AWBC_AUDIO_TYPED_SLOTS.csv + AWBC_SITE_RESOLUTION.csv
CVRS-INV-00544,core path deletion,crates/arcweft-core/src/pattern.rs,duplicate RuntimeValuePath/RuntimeValuePathSegment from retry,not production but declared by retained retry Decision 13,do not implement; sole owner is value::ownership::path; no alias/translation,P3,Decision 01/02
CVRS-INV-00545,core path consumers,crates/arcweft-core/src/value/ownership.rs,affine ownership walker,uses canonical path,add OpaquePayload descent and preserve all existing segments,P3,current source
CVRS-INV-00546,core path consumers,runtime-driver/dialogue/View/save/restore/replay,diagnostic path consumers,may serialize/compare current canonical path,consume same extended enum; no second diagnostic value path,P3/P13,Decision 02
CVRS-INV-00547,core generation,crates/arcweft-core/src/plan/admission.rs,AdmittedRuntimeGeneration,absent today,final owner lands before checked validator; no Serde/Default/Deref/into_inner,P2,Decision 07
CVRS-INV-00548,core validator,crates/arcweft-core/src/pattern.rs,RuntimeCheckedValueContext,absent today,sealed borrowed context issued only by RuntimeNominalRecordAdmissionDomain::checked_values,P4,Decision 07
CVRS-INV-00549,core nominal,crates/arcweft-core/src/value/nominal_record.rs,RuntimeNominalRecordValue semantic identity,value stores no semantic ID,lookup expected semantic ID in admitted domain; compare descriptor evidence after nominal/layout; never guess,P4,Decision 09
CVRS-INV-00550,core plan deletion,crates/arcweft-core/src/plan.rs,RuntimePlanTypedRootUse conceptual row,not current production; retained retry proposed it,do not add/delete from design; derive site map from actual owners,P6,Decision 04/06
CVRS-INV-00551,core AWBC deletion,crates/arcweft-core/src/awbc/schema.rs,AwbcTypedRootUse conceptual row,not current production; retained retry proposed it,do not add; derive actual site facts,P9,Decision 05/06
CVRS-INV-00552,core AWBC deletion,crates/arcweft-core/src/awbc/typed_sites.rs,generic slot: u32,retained retry left unshaped,replace directly by exact closed slot enums/tables,P8,Decision 05
CVRS-INV-00553,core AWBC origin,crates/arcweft-core/src/awbc/typed_sites.rs,AwbcTypedOrigin,absent today,coordinate-only plan_site + awbc_site; no root/type/generation claim,P9,Decision 06
CVRS-INV-00554,core plan/AWBC,crates/arcweft-core/src/runtime_product.rs,plan/AWBC equality,absent today,direct canonical row transcript equality; no hash/root map,P9,PLAN_AWBC_EQUALITY_GRAMMAR.md
CVRS-INV-00555,core wire,crates/arcweft-core/src/plan/typed_sites.rs,RuntimeIndexPath Deserialize,try_new validates but retained retry allowed derive bypass,"custom Deserialize through try_from_indices; nonempty, first=0, <=64",P5,Decision 10
CVRS-INV-00556,core wire,all mandatory root/site/domain types,derived Deserialize bypass,some current/newtypes are scalar-looking,private wire DTO + checked constructor; admitted types non-Serde,P2/P5/P8,NEWTYPE_SERDE_GRAMMARS.csv
CVRS-INV-00557,dialogue bridge,crates/arcweft-dialogue/src/character_dialogue/catalogs.rs,CharacterDialogueGenerationCatalogs,retained retry placed wrapper in runtime-driver,dialogue-owned borrowed bridge backed by core provenance,P11,Decision 11
CVRS-INV-00558,dialogue deletion,runtime-driver and dialogue,free target_generation scalar,caller assertion in retained retry,remove; provenance comes only from admitted generation token,P11,Decision 11
CVRS-INV-00559,dialogue deletion,catalog admission,MissingCharacterView,relationship absent from current CharacterCatalog,remove check/error/test; validate custom-field accepted Views only,P11,Decision 11
CVRS-INV-00560,sema role issuance,crates/arcweft-lang-sema/src/registration/registrar.rs,AcceptedNominalWorld/role registry publication,current owners exist but retained retry named nonexistent environment API,one atomic registrar transaction; exact six + derived Style,P12,Decision 12
CVRS-INV-00561,sema deletion,crates/arcweft-lang-sema,AcceptedNominalEnvironment,does not exist,"never add; use TypeCheckEnv, AcceptedNominalWorld, RegisteredTypeCheckEnv",P12,Decision 12
CVRS-INV-00562,execution deletion,core/runtime-driver/player/accelerator,raw RuntimePlan/AwbcProgram execution,current direct surfaces exist,consume admitted wrappers or perform full consuming admission internally,P7/P10,required request
CVRS-INV-00563,nominal deletion,crates/arcweft-core/src/value/nominal_record.rs,unchecked new/validate_shape and descriptorless rebuilds,current legacy/internal call sites remain,delete after all consumers use admitted descriptor/context,P14,retained substrate
CVRS-INV-00564,affine ownership,crates/arcweft-core/src/value/ownership.rs,RuntimeValue::ownership recursive aggregate/opaque/variant walk,walks full graph but does not materialize each path,"when evidence/path traversal is emitted, push exact existing segments plus OpaquePayload; admission precedes ownership traversal",P3/P13,current source ownership.rs
CVRS-INV-00565,affine ownership binary,crates/arcweft-core/src/value/ownership/binary.rs,snapshot ownership evidence path codec,uses canonical RuntimeValuePath wire,add tag 10 map arm; preserve 0–9 bytes; reject unknown/old alternate path authorities,P3,current module + path grammar
CVRS-INV-00566,function capture,crates/arcweft-core/src/value.rs,RuntimeFunctionValue.captures / RuntimeCaptureSlotId,capture values are indexed by the canonical slot ID,push FunctionCapture(slot); no checked-validation-specific capture segment or usize conversion,P3/P13,current path owner
CVRS-INV-00567,iterator values,crates/arcweft-core/src/value/ownership.rs,RuntimeIterator::Values remainder,logical index is usize/current iterator state,checked u64 conversion then IteratorRemainder(index); overflow typed; no truncation,P3/P13,current ownership.rs/path.rs
CVRS-INV-00568,iterator witness,crates/arcweft-core/src/value/ownership.rs,RuntimeIterator::Witness.state,witness state recurses without separate wire edge,push IteratorWitnessState before nested path; preserve tag 9,P3/P13,current ownership.rs/path.rs
CVRS-INV-00569,tuple/record column,crates/arcweft-core/src/value/ownership/path.rs,columnar RuntimeSeq evidence,existing TupleColumn/RecordColumn tags 2/4,retain exact tags/payloads and direct consumers; no translation enum,P3,current path.rs
CVRS-INV-00570,nominal record,crates/arcweft-core/src/value/nominal_record.rs,defining-order field validation/error path,current raw owner stores fields but checked error path is incomplete,push NominalRecordField(RuntimeRecordFieldId) for physical field and NominalField on type path,P3/P4/P13,current nominal_record.rs + Decision 03
CVRS-INV-00571,opaque value,crates/arcweft-core/src/value/ownership.rs,RuntimeValue::Opaque(payload),current ownership descends into payload without a canonical path segment,add sole new segment OpaquePayload tag 10 to all path-producing traversals,P3/P4/P13,current ownership.rs/path gap
CVRS-INV-00572,variant value,crates/arcweft-core/src/value.rs,RuntimeValue::Variant.payload,current canonical path already has VariantPayload,Result/Option/nominal Variant all push the same physical VariantPayload; semantic branch only changes type path,P3/P4,current path.rs + Decision 03
CVRS-INV-00573,dialogue patch,crates/arcweft-dialogue/src/character_dialogue/patch.rs,RuntimeFieldPath(Vec<u16>) and update_nested,dialogue-local ordinal path and unchecked nominal rebuild via RuntimeNominalRecordValue::new,replace directly with bounded RuntimeValuePath; preflight paths/operations; rebuild through admitted descriptor/domain; delete RuntimeFieldPath,P13/P14,current patch.rs lines 29/472
CVRS-INV-00574,dialogue typed value,crates/arcweft-dialogue/src/character_dialogue/typed_value.rs,CharacterDialogueTypedValue::try_new / normalize_runtime_value,identity/layout and string/size validation; errors flatten field reasons,consume domain-bound RuntimeCheckedValueContext and preserve RuntimeCheckedTypeError with both paths before normalization/publication,P11/P13,commit-pinned web/current source
CVRS-INV-00575,session save/restore,crates/arcweft-runtime-driver/src/session_save.rs,"BundleSessionSaveError::InvalidRuntimeValue { path: String, message: String }",current path/error evidence is flattened to strings and restore accepts raw AwbcProgram,replace with typed RuntimeValuePath + RuntimeCheckedTypeError; admit generation/program and validate before Fiber/root/View restore,P10/P13,current session_save.rs
CVRS-INV-00576,View runtime restore,crates/arcweft-runtime-driver/src/view_runtime.rs,root_bindings/runtime_parameters and restore,serialized RuntimeValue maps are restored after structural snapshot checks,validate every typed slot under same generation/catalog bridge before mount-table commit; retain canonical RuntimeValuePath in errors,P11/P13,current view_runtime.rs
CVRS-INV-00577,root ingress,crates/arcweft-core/src/root.rs,RootStateSnapshotV1 values/events/commands,raw restored values may reach ownership/reducer traversal,"obtain exact project domain for root site, typed-validate first, then ownership/reducer traversal; preserve path source",P13,retained inventory + current session owner
CVRS-INV-00578,replay ingress,crates/arcweft-core/src/replay.rs and runtime-driver replay owner,replay value transitions,generation/path errors may be flattened,"compare generation, obtain exact domain, validate typed value, then apply transition; typed path/source retained",P13,request + retained inventory
CVRS-INV-00579,save crate,crates/arcweft-save,snapshot/session envelope decode,version 1 envelope may contain RuntimeValue/program state,decode to quarantine; validate generation/domain/value before returning restorable object; version remains 1,P13,retained inventory
CVRS-INV-00580,View generated products,crates/arcweft-view,generated View input/output typed values,lower crate cannot construct runtime-driver wrapper,borrow dialogue/core permitted provenance and canonical RuntimeValuePath errors; no runtime-driver dependency,P11/P13,dependency direction
CVRS-INV-00581,AWBC VM diagnostics,crates/arcweft-core/src/awbc/vm.rs,instruction checked-value failure,current/retained paths can flatten messages,attach function/block/instruction/AwbcTypedSite plus canonical RuntimeValuePath and non-Serde type path,P9/P10/P13,retained inventory
CVRS-INV-00582,general diagnostics,CLI/LSP/runtime adapters,render RuntimeCheckedTypeError,may display message-only path strings,render typed segments at presentation edge only; never parse rendered strings back into authority,P13,Decision 02/14 retained
CVRS-INV-00583,checked-type canonical grammar,crates/arcweft-core/src/pattern.rs,Never,current enum has no exact shared pair/generation byte API,"original inherent encoder tag 0x00; payload none; depth 64 and node work 65,536",P1/P6,current pattern.rs + retained parent grammar
CVRS-INV-00584,checked-type canonical grammar,crates/arcweft-core/src/pattern.rs,Unit,current enum has no exact shared pair/generation byte API,"original inherent encoder tag 0x01; payload none; depth 64 and node work 65,536",P1/P6,current pattern.rs + retained parent grammar
CVRS-INV-00585,checked-type canonical grammar,crates/arcweft-core/src/pattern.rs,Bool,current enum has no exact shared pair/generation byte API,"original inherent encoder tag 0x02; payload none; depth 64 and node work 65,536",P1/P6,current pattern.rs + retained parent grammar
CVRS-INV-00586,checked-type canonical grammar,crates/arcweft-core/src/pattern.rs,Signed,current enum has no exact shared pair/generation byte API,"original inherent encoder tag 0x03; payload signed_width_tag:u8; depth 64 and node work 65,536",P1/P6,current pattern.rs + retained parent grammar
CVRS-INV-00587,checked-type canonical grammar,crates/arcweft-core/src/pattern.rs,Unsigned,current enum has no exact shared pair/generation byte API,"original inherent encoder tag 0x04; payload unsigned_width_tag:u8; depth 64 and node work 65,536",P1/P6,current pattern.rs + retained parent grammar
CVRS-INV-00588,checked-type canonical grammar,crates/arcweft-core/src/pattern.rs,F32,current enum has no exact shared pair/generation byte API,"original inherent encoder tag 0x05; payload none; depth 64 and node work 65,536",P1/P6,current pattern.rs + retained parent grammar
CVRS-INV-00589,checked-type canonical grammar,crates/arcweft-core/src/pattern.rs,F64,current enum has no exact shared pair/generation byte API,"original inherent encoder tag 0x06; payload none; depth 64 and node work 65,536",P1/P6,current pattern.rs + retained parent grammar
CVRS-INV-00590,checked-type canonical grammar,crates/arcweft-core/src/pattern.rs,String,current enum has no exact shared pair/generation byte API,"original inherent encoder tag 0x07; payload none; depth 64 and node work 65,536",P1/P6,current pattern.rs + retained parent grammar
CVRS-INV-00591,checked-type canonical grammar,crates/arcweft-core/src/pattern.rs,Char,current enum has no exact shared pair/generation byte API,"original inherent encoder tag 0x08; payload none; depth 64 and node work 65,536",P1/P6,current pattern.rs + retained parent grammar
CVRS-INV-00592,checked-type canonical grammar,crates/arcweft-core/src/pattern.rs,Duration,current enum has no exact shared pair/generation byte API,"original inherent encoder tag 0x09; payload none; depth 64 and node work 65,536",P1/P6,current pattern.rs + retained parent grammar
CVRS-INV-00593,checked-type canonical grammar,crates/arcweft-core/src/pattern.rs,EntityReference,current enum has no exact shared pair/generation byte API,"original inherent encoder tag 0x0a; payload none; depth 64 and node work 65,536",P1/P6,current pattern.rs + retained parent grammar
CVRS-INV-00594,checked-type canonical grammar,crates/arcweft-core/src/pattern.rs,Bytes,current enum has no exact shared pair/generation byte API,"original inherent encoder tag 0x0b; payload none; depth 64 and node work 65,536",P1/P6,current pattern.rs + retained parent grammar
CVRS-INV-00595,checked-type canonical grammar,crates/arcweft-core/src/pattern.rs,Sequence,current enum has no exact shared pair/generation byte API,"original inherent encoder tag 0x10; payload child:RuntimeCheckedTypeV1; depth 64 and node work 65,536",P1/P6,current pattern.rs + retained parent grammar
CVRS-INV-00596,checked-type canonical grammar,crates/arcweft-core/src/pattern.rs,Tuple,current enum has no exact shared pair/generation byte API,"original inherent encoder tag 0x11; payload u32_le(count) || child[count] in ordinal order; depth 64 and node work 65,536",P1/P6,current pattern.rs + retained parent grammar
CVRS-INV-00597,checked-type canonical grammar,crates/arcweft-core/src/pattern.rs,Choice,current enum has no exact shared pair/generation byte API,"original inherent encoder tag 0x12; payload u32_le(count) || alternative[count] in source order; depth 64 and node work 65,536",P1/P6,current pattern.rs + retained parent grammar
CVRS-INV-00598,checked-type canonical grammar,crates/arcweft-core/src/pattern.rs,Nominal,current enum has no exact shared pair/generation byte API,"original inherent encoder tag 0x13; payload nominal_id || semantic_identity[32] || layout_hash[32]; depth 64 and node work 65,536",P1/P6,current pattern.rs + retained parent grammar
CVRS-INV-00599,checked-type canonical grammar,crates/arcweft-core/src/pattern.rs,Opaque,current enum has no exact shared pair/generation byte API,"original inherent encoder tag 0x14; payload producer_id || semantic_identity[32] || admission_tag:u8; depth 64 and node work 65,536",P1/P6,current pattern.rs + retained parent grammar
CVRS-INV-00600,checked-type canonical grammar,crates/arcweft-core/src/pattern.rs,Variant,current enum has no exact shared pair/generation byte API,"original inherent encoder tag 0x15; payload nominal_id || semantic_identity[32] || u32_le(case_count) || cases in ordinal order; depth 64 and node work 65,536",P1/P6,current pattern.rs + retained parent grammar
CVRS-INV-00601,checked-type canonical grammar,crates/arcweft-core/src/pattern.rs,Result,current enum has no exact shared pair/generation byte API,"original inherent encoder tag 0x16; payload ok:RuntimeCheckedTypeV1 || error:RuntimeCheckedTypeV1; depth 64 and node work 65,536",P1/P6,current pattern.rs + retained parent grammar
CVRS-INV-00602,checked-type canonical grammar,crates/arcweft-core/src/pattern.rs,Option,current enum has no exact shared pair/generation byte API,"original inherent encoder tag 0x17; payload item:RuntimeCheckedTypeV1; depth 64 and node work 65,536",P1/P6,current pattern.rs + retained parent grammar
CVRS-INV-00603,integer-width canonical grammar,crates/arcweft-core/src/value/integer.rs,signed.I8,source enum declaration exists without this pair-equality tag API,add canonical_tag on original enum inherent impl: 0x00,P1/P6,current integer.rs
CVRS-INV-00604,integer-width canonical grammar,crates/arcweft-core/src/value/integer.rs,signed.I16,source enum declaration exists without this pair-equality tag API,add canonical_tag on original enum inherent impl: 0x01,P1/P6,current integer.rs
CVRS-INV-00605,integer-width canonical grammar,crates/arcweft-core/src/value/integer.rs,signed.I32,source enum declaration exists without this pair-equality tag API,add canonical_tag on original enum inherent impl: 0x02,P1/P6,current integer.rs
CVRS-INV-00606,integer-width canonical grammar,crates/arcweft-core/src/value/integer.rs,signed.I64,source enum declaration exists without this pair-equality tag API,add canonical_tag on original enum inherent impl: 0x03,P1/P6,current integer.rs
CVRS-INV-00607,integer-width canonical grammar,crates/arcweft-core/src/value/integer.rs,signed.I128,source enum declaration exists without this pair-equality tag API,add canonical_tag on original enum inherent impl: 0x04,P1/P6,current integer.rs
CVRS-INV-00608,integer-width canonical grammar,crates/arcweft-core/src/value/integer.rs,signed.ISize,source enum declaration exists without this pair-equality tag API,add canonical_tag on original enum inherent impl: 0x05,P1/P6,current integer.rs
CVRS-INV-00609,integer-width canonical grammar,crates/arcweft-core/src/value/integer.rs,unsigned.U8,source enum declaration exists without this pair-equality tag API,add canonical_tag on original enum inherent impl: 0x00,P1/P6,current integer.rs
CVRS-INV-00610,integer-width canonical grammar,crates/arcweft-core/src/value/integer.rs,unsigned.U16,source enum declaration exists without this pair-equality tag API,add canonical_tag on original enum inherent impl: 0x01,P1/P6,current integer.rs
CVRS-INV-00611,integer-width canonical grammar,crates/arcweft-core/src/value/integer.rs,unsigned.U32,source enum declaration exists without this pair-equality tag API,add canonical_tag on original enum inherent impl: 0x02,P1/P6,current integer.rs
CVRS-INV-00612,integer-width canonical grammar,crates/arcweft-core/src/value/integer.rs,unsigned.U64,source enum declaration exists without this pair-equality tag API,add canonical_tag on original enum inherent impl: 0x03,P1/P6,current integer.rs
CVRS-INV-00613,integer-width canonical grammar,crates/arcweft-core/src/value/integer.rs,unsigned.U128,source enum declaration exists without this pair-equality tag API,add canonical_tag on original enum inherent impl: 0x04,P1/P6,current integer.rs
CVRS-INV-00614,integer-width canonical grammar,crates/arcweft-core/src/value/integer.rs,unsigned.USize,source enum declaration exists without this pair-equality tag API,add canonical_tag on original enum inherent impl: 0x05,P1/P6,current integer.rs
CVRS-INV-00615,RuntimePlan nested typed site,crates/arcweft-core/src/plan/typed_sites.rs,RuntimeEntryTypedSlot::State,mandatory exact enum absent in current production,tag 0x00; payload none; actual owner bounds checked,P5/P6,current owner mapping + RUNTIME_PLAN_SITE_RESOLUTION.csv
CVRS-INV-00616,RuntimePlan nested typed site,crates/arcweft-core/src/plan/typed_sites.rs,RuntimeEntryTypedSlot::Event,mandatory exact enum absent in current production,tag 0x01; payload none; actual owner bounds checked,P5/P6,current owner mapping + RUNTIME_PLAN_SITE_RESOLUTION.csv
CVRS-INV-00617,RuntimePlan nested typed site,crates/arcweft-core/src/plan/typed_sites.rs,RuntimeEntryTypedSlot::CommandPayload,mandatory exact enum absent in current production,tag 0x02; payload command:u32_le; actual owner bounds checked,P5/P6,current owner mapping + RUNTIME_PLAN_SITE_RESOLUTION.csv
CVRS-INV-00618,RuntimePlan nested typed site,crates/arcweft-core/src/plan/typed_sites.rs,RuntimeFlowExecutableTypedSlot::Parameter,mandatory exact enum absent in current production,tag 0x00; payload parameter:u32_le; actual owner bounds checked,P5/P6,current owner mapping + RUNTIME_PLAN_SITE_RESOLUTION.csv
CVRS-INV-00619,RuntimePlan nested typed site,crates/arcweft-core/src/plan/typed_sites.rs,RuntimePureHelperTypedSlot::Parameter,mandatory exact enum absent in current production,tag 0x00; payload parameter:u32_le; actual owner bounds checked,P5/P6,current owner mapping + RUNTIME_PLAN_SITE_RESOLUTION.csv
CVRS-INV-00620,RuntimePlan nested typed site,crates/arcweft-core/src/plan/typed_sites.rs,RuntimePureHelperTypedSlot::Result,mandatory exact enum absent in current production,tag 0x01; payload none; actual owner bounds checked,P5/P6,current owner mapping + RUNTIME_PLAN_SITE_RESOLUTION.csv
CVRS-INV-00621,RuntimePlan nested typed site,crates/arcweft-core/src/plan/typed_sites.rs,RuntimeTraitMethodTypedSlot::Receiver,mandatory exact enum absent in current production,tag 0x00; payload none; actual owner bounds checked,P5/P6,current owner mapping + RUNTIME_PLAN_SITE_RESOLUTION.csv
CVRS-INV-00622,RuntimePlan nested typed site,crates/arcweft-core/src/plan/typed_sites.rs,RuntimeTraitMethodTypedSlot::Parameter,mandatory exact enum absent in current production,tag 0x01; payload parameter:u32_le; actual owner bounds checked,P5/P6,current owner mapping + RUNTIME_PLAN_SITE_RESOLUTION.csv
CVRS-INV-00623,RuntimePlan nested typed site,crates/arcweft-core/src/plan/typed_sites.rs,RuntimeTraitMethodTypedSlot::Result,mandatory exact enum absent in current production,tag 0x02; payload none; actual owner bounds checked,P5/P6,current owner mapping + RUNTIME_PLAN_SITE_RESOLUTION.csv
CVRS-INV-00624,RuntimePlan nested typed site,crates/arcweft-core/src/plan/typed_sites.rs,RuntimeStreamTypedSlot::Item,mandatory exact enum absent in current production,tag 0x00; payload none; actual owner bounds checked,P5/P6,current owner mapping + RUNTIME_PLAN_SITE_RESOLUTION.csv
CVRS-INV-00625,RuntimePlan nested typed site,crates/arcweft-core/src/plan/typed_sites.rs,RuntimeStreamTypedSlot::Error,mandatory exact enum absent in current production,tag 0x01; payload none; actual owner bounds checked,P5/P6,current owner mapping + RUNTIME_PLAN_SITE_RESOLUTION.csv
CVRS-INV-00626,RuntimePlan nested typed site,crates/arcweft-core/src/plan/typed_sites.rs,RuntimeSourceTypedSlot::Item,mandatory exact enum absent in current production,tag 0x00; payload none; actual owner bounds checked,P5/P6,current owner mapping + RUNTIME_PLAN_SITE_RESOLUTION.csv
CVRS-INV-00627,RuntimePlan nested typed site,crates/arcweft-core/src/plan/typed_sites.rs,RuntimeSourceTypedSlot::Error,mandatory exact enum absent in current production,tag 0x01; payload none; actual owner bounds checked,P5/P6,current owner mapping + RUNTIME_PLAN_SITE_RESOLUTION.csv
CVRS-INV-00628,RuntimePlan nested typed site,crates/arcweft-core/src/plan/typed_sites.rs,RuntimeFlowExpressionField::LetValue,mandatory exact enum absent in current production,tag 0x00; payload none; actual owner bounds checked,P5/P6,current owner mapping + RUNTIME_PLAN_SITE_RESOLUTION.csv
CVRS-INV-00629,RuntimePlan nested typed site,crates/arcweft-core/src/plan/typed_sites.rs,RuntimeFlowExpressionField::LetElseValue,mandatory exact enum absent in current production,tag 0x01; payload none; actual owner bounds checked,P5/P6,current owner mapping + RUNTIME_PLAN_SITE_RESOLUTION.csv
CVRS-INV-00630,RuntimePlan nested typed site,crates/arcweft-core/src/plan/typed_sites.rs,RuntimeFlowExpressionField::AwaitManySource,mandatory exact enum absent in current production,tag 0x02; payload none; actual owner bounds checked,P5/P6,current owner mapping + RUNTIME_PLAN_SITE_RESOLUTION.csv
CVRS-INV-00631,RuntimePlan nested typed site,crates/arcweft-core/src/plan/typed_sites.rs,RuntimeFlowExpressionField::IfCondition,mandatory exact enum absent in current production,tag 0x03; payload none; actual owner bounds checked,P5/P6,current owner mapping + RUNTIME_PLAN_SITE_RESOLUTION.csv
CVRS-INV-00632,RuntimePlan nested typed site,crates/arcweft-core/src/plan/typed_sites.rs,RuntimeFlowExpressionField::IfLetScrutinee,mandatory exact enum absent in current production,tag 0x04; payload none; actual owner bounds checked,P5/P6,current owner mapping + RUNTIME_PLAN_SITE_RESOLUTION.csv
CVRS-INV-00633,RuntimePlan nested typed site,crates/arcweft-core/src/plan/typed_sites.rs,RuntimeFlowExpressionField::IfLetGuard,mandatory exact enum absent in current production,tag 0x05; payload none; actual owner bounds checked,P5/P6,current owner mapping + RUNTIME_PLAN_SITE_RESOLUTION.csv
CVRS-INV-00634,RuntimePlan nested typed site,crates/arcweft-core/src/plan/typed_sites.rs,RuntimeFlowExpressionField::MatchScrutinee,mandatory exact enum absent in current production,tag 0x06; payload none; actual owner bounds checked,P5/P6,current owner mapping + RUNTIME_PLAN_SITE_RESOLUTION.csv
CVRS-INV-00635,RuntimePlan nested typed site,crates/arcweft-core/src/plan/typed_sites.rs,RuntimeFlowExpressionField::MatchArmGuard,mandatory exact enum absent in current production,tag 0x07; payload arm:u32_le; actual owner bounds checked,P5/P6,current owner mapping + RUNTIME_PLAN_SITE_RESOLUTION.csv
CVRS-INV-00636,RuntimePlan nested typed site,crates/arcweft-core/src/plan/typed_sites.rs,RuntimeFlowExpressionField::WhileCondition,mandatory exact enum absent in current production,tag 0x08; payload none; actual owner bounds checked,P5/P6,current owner mapping + RUNTIME_PLAN_SITE_RESOLUTION.csv
CVRS-INV-00637,RuntimePlan nested typed site,crates/arcweft-core/src/plan/typed_sites.rs,RuntimeFlowExpressionField::WhileNextCondition,mandatory exact enum absent in current production,tag 0x09; payload none; actual owner bounds checked,P5/P6,current owner mapping + RUNTIME_PLAN_SITE_RESOLUTION.csv
CVRS-INV-00638,RuntimePlan nested typed site,crates/arcweft-core/src/plan/typed_sites.rs,RuntimeFlowExpressionField::WhileLetScrutinee,mandatory exact enum absent in current production,tag 0x0a; payload none; actual owner bounds checked,P5/P6,current owner mapping + RUNTIME_PLAN_SITE_RESOLUTION.csv
CVRS-INV-00639,RuntimePlan nested typed site,crates/arcweft-core/src/plan/typed_sites.rs,RuntimeFlowExpressionField::WhileLetGuard,mandatory exact enum absent in current production,tag 0x0b; payload none; actual owner bounds checked,P5/P6,current owner mapping + RUNTIME_PLAN_SITE_RESOLUTION.csv
CVRS-INV-00640,RuntimePlan nested typed site,crates/arcweft-core/src/plan/typed_sites.rs,RuntimeFlowExpressionField::WhileLetNextScrutinee,mandatory exact enum absent in current production,tag 0x0c; payload none; actual owner bounds checked,P5/P6,current owner mapping + RUNTIME_PLAN_SITE_RESOLUTION.csv
CVRS-INV-00641,RuntimePlan nested typed site,crates/arcweft-core/src/plan/typed_sites.rs,RuntimeFlowExpressionField::WhileLetNextGuard,mandatory exact enum absent in current production,tag 0x0d; payload none; actual owner bounds checked,P5/P6,current owner mapping + RUNTIME_PLAN_SITE_RESOLUTION.csv
CVRS-INV-00642,RuntimePlan nested typed site,crates/arcweft-core/src/plan/typed_sites.rs,RuntimeFlowExpressionField::ForSource,mandatory exact enum absent in current production,tag 0x0e; payload none; actual owner bounds checked,P5/P6,current owner mapping + RUNTIME_PLAN_SITE_RESOLUTION.csv
CVRS-INV-00643,RuntimePlan nested typed site,crates/arcweft-core/src/plan/typed_sites.rs,RuntimeFlowExpressionField::LetScopeValue,mandatory exact enum absent in current production,tag 0x0f; payload none; actual owner bounds checked,P5/P6,current owner mapping + RUNTIME_PLAN_SITE_RESOLUTION.csv
CVRS-INV-00644,RuntimePlan nested typed site,crates/arcweft-core/src/plan/typed_sites.rs,RuntimeFlowExpressionField::BreakValue,mandatory exact enum absent in current production,tag 0x10; payload none; actual owner bounds checked,P5/P6,current owner mapping + RUNTIME_PLAN_SITE_RESOLUTION.csv
CVRS-INV-00645,RuntimePlan nested typed site,crates/arcweft-core/src/plan/typed_sites.rs,RuntimeFlowExpressionField::GotoExprTarget,mandatory exact enum absent in current production,tag 0x11; payload none; actual owner bounds checked,P5/P6,current owner mapping + RUNTIME_PLAN_SITE_RESOLUTION.csv
CVRS-INV-00646,RuntimePlan nested typed site,crates/arcweft-core/src/plan/typed_sites.rs,RuntimeFlowExpressionField::ReturnExprValue,mandatory exact enum absent in current production,tag 0x12; payload none; actual owner bounds checked,P5/P6,current owner mapping + RUNTIME_PLAN_SITE_RESOLUTION.csv
CVRS-INV-00647,RuntimePlan nested typed site,crates/arcweft-core/src/plan/typed_sites.rs,RuntimeFlowExpressionField::ExitScopeBindValue,mandatory exact enum absent in current production,tag 0x13; payload none; actual owner bounds checked,P5/P6,current owner mapping + RUNTIME_PLAN_SITE_RESOLUTION.csv
CVRS-INV-00648,RuntimePlan nested typed site,crates/arcweft-core/src/plan/typed_sites.rs,RuntimeFlowExpressionField::AwaitArgument,mandatory exact enum absent in current production,tag 0x14; payload argument:u32_le; actual owner bounds checked,P5/P6,current owner mapping + RUNTIME_PLAN_SITE_RESOLUTION.csv
CVRS-INV-00649,RuntimePlan nested typed site,crates/arcweft-core/src/plan/typed_sites.rs,RuntimeFlowExpressionField::AwaitManyArgument,mandatory exact enum absent in current production,tag 0x15; payload argument:u32_le; actual owner bounds checked,P5/P6,current owner mapping + RUNTIME_PLAN_SITE_RESOLUTION.csv
CVRS-INV-00650,RuntimePlan nested typed site,crates/arcweft-core/src/plan/typed_sites.rs,RuntimeFlowExpressionField::HostCallArgument,mandatory exact enum absent in current production,tag 0x16; payload argument:u32_le; actual owner bounds checked,P5/P6,current owner mapping + RUNTIME_PLAN_SITE_RESOLUTION.csv
CVRS-INV-00651,RuntimePlan nested typed site,crates/arcweft-core/src/plan/typed_sites.rs,RuntimeFlowExpressionField::EvaluatedEffectArgument,mandatory exact enum absent in current production,tag 0x17; payload argument:u32_le; actual owner bounds checked,P5/P6,current owner mapping + RUNTIME_PLAN_SITE_RESOLUTION.csv
CVRS-INV-00652,RuntimePlan nested typed site,crates/arcweft-core/src/plan/typed_sites.rs,RuntimeFlowPatternField::LetPattern,mandatory exact enum absent in current production,tag 0x00; payload none; actual owner bounds checked,P5/P6,current owner mapping + RUNTIME_PLAN_SITE_RESOLUTION.csv
CVRS-INV-00653,RuntimePlan nested typed site,crates/arcweft-core/src/plan/typed_sites.rs,RuntimeFlowPatternField::LetElsePattern,mandatory exact enum absent in current production,tag 0x01; payload none; actual owner bounds checked,P5/P6,current owner mapping + RUNTIME_PLAN_SITE_RESOLUTION.csv
CVRS-INV-00654,RuntimePlan nested typed site,crates/arcweft-core/src/plan/typed_sites.rs,RuntimeFlowPatternField::AwaitBinding,mandatory exact enum absent in current production,tag 0x02; payload none; actual owner bounds checked,P5/P6,current owner mapping + RUNTIME_PLAN_SITE_RESOLUTION.csv
CVRS-INV-00655,RuntimePlan nested typed site,crates/arcweft-core/src/plan/typed_sites.rs,RuntimeFlowPatternField::AwaitManyBinding,mandatory exact enum absent in current production,tag 0x03; payload none; actual owner bounds checked,P5/P6,current owner mapping + RUNTIME_PLAN_SITE_RESOLUTION.csv
CVRS-INV-00656,RuntimePlan nested typed site,crates/arcweft-core/src/plan/typed_sites.rs,RuntimeFlowPatternField::HostCallBinding,mandatory exact enum absent in current production,tag 0x04; payload none; actual owner bounds checked,P5/P6,current owner mapping + RUNTIME_PLAN_SITE_RESOLUTION.csv
CVRS-INV-00657,RuntimePlan nested typed site,crates/arcweft-core/src/plan/typed_sites.rs,RuntimeFlowPatternField::IfLetPattern,mandatory exact enum absent in current production,tag 0x05; payload none; actual owner bounds checked,P5/P6,current owner mapping + RUNTIME_PLAN_SITE_RESOLUTION.csv
CVRS-INV-00658,RuntimePlan nested typed site,crates/arcweft-core/src/plan/typed_sites.rs,RuntimeFlowPatternField::MatchArmPattern,mandatory exact enum absent in current production,tag 0x06; payload arm:u32_le; actual owner bounds checked,P5/P6,current owner mapping + RUNTIME_PLAN_SITE_RESOLUTION.csv
CVRS-INV-00659,RuntimePlan nested typed site,crates/arcweft-core/src/plan/typed_sites.rs,RuntimeFlowPatternField::LetLoopPattern,mandatory exact enum absent in current production,tag 0x07; payload none; actual owner bounds checked,P5/P6,current owner mapping + RUNTIME_PLAN_SITE_RESOLUTION.csv
CVRS-INV-00660,RuntimePlan nested typed site,crates/arcweft-core/src/plan/typed_sites.rs,RuntimeFlowPatternField::WhileLetPattern,mandatory exact enum absent in current production,tag 0x08; payload none; actual owner bounds checked,P5/P6,current owner mapping + RUNTIME_PLAN_SITE_RESOLUTION.csv
CVRS-INV-00661,RuntimePlan nested typed site,crates/arcweft-core/src/plan/typed_sites.rs,RuntimeFlowPatternField::WhileLetNextPattern,mandatory exact enum absent in current production,tag 0x09; payload none; actual owner bounds checked,P5/P6,current owner mapping + RUNTIME_PLAN_SITE_RESOLUTION.csv
CVRS-INV-00662,RuntimePlan nested typed site,crates/arcweft-core/src/plan/typed_sites.rs,RuntimeFlowPatternField::ForPattern,mandatory exact enum absent in current production,tag 0x0a; payload none; actual owner bounds checked,P5/P6,current owner mapping + RUNTIME_PLAN_SITE_RESOLUTION.csv
CVRS-INV-00663,RuntimePlan nested typed site,crates/arcweft-core/src/plan/typed_sites.rs,RuntimeFlowPatternField::ForNextPattern,mandatory exact enum absent in current production,tag 0x0b; payload none; actual owner bounds checked,P5/P6,current owner mapping + RUNTIME_PLAN_SITE_RESOLUTION.csv
CVRS-INV-00664,RuntimePlan nested typed site,crates/arcweft-core/src/plan/typed_sites.rs,RuntimeFlowPatternField::LetScopePattern,mandatory exact enum absent in current production,tag 0x0c; payload none; actual owner bounds checked,P5/P6,current owner mapping + RUNTIME_PLAN_SITE_RESOLUTION.csv
CVRS-INV-00665,RuntimePlan nested typed site,crates/arcweft-core/src/plan/typed_sites.rs,RuntimeFlowPatternField::ExitScopeBindPattern,mandatory exact enum absent in current production,tag 0x0d; payload none; actual owner bounds checked,P5/P6,current owner mapping + RUNTIME_PLAN_SITE_RESOLUTION.csv
CVRS-INV-00666,RuntimePlan nested typed site,crates/arcweft-core/src/plan/typed_sites.rs,RuntimeStreamExpressionField::LetValue,mandatory exact enum absent in current production,tag 0x00; payload none; actual owner bounds checked,P5/P6,current owner mapping + RUNTIME_PLAN_SITE_RESOLUTION.csv
CVRS-INV-00667,RuntimePlan nested typed site,crates/arcweft-core/src/plan/typed_sites.rs,RuntimeStreamExpressionField::ForNextSource,mandatory exact enum absent in current production,tag 0x01; payload none; actual owner bounds checked,P5/P6,current owner mapping + RUNTIME_PLAN_SITE_RESOLUTION.csv
CVRS-INV-00668,RuntimePlan nested typed site,crates/arcweft-core/src/plan/typed_sites.rs,RuntimeStreamExpressionField::YieldValue,mandatory exact enum absent in current production,tag 0x02; payload none; actual owner bounds checked,P5/P6,current owner mapping + RUNTIME_PLAN_SITE_RESOLUTION.csv
CVRS-INV-00669,RuntimePlan nested typed site,crates/arcweft-core/src/plan/typed_sites.rs,RuntimeStreamExpressionField::IfCondition,mandatory exact enum absent in current production,tag 0x03; payload none; actual owner bounds checked,P5/P6,current owner mapping + RUNTIME_PLAN_SITE_RESOLUTION.csv
CVRS-INV-00670,RuntimePlan nested typed site,crates/arcweft-core/src/plan/typed_sites.rs,RuntimeStreamExpressionField::MatchScrutinee,mandatory exact enum absent in current production,tag 0x04; payload none; actual owner bounds checked,P5/P6,current owner mapping + RUNTIME_PLAN_SITE_RESOLUTION.csv
CVRS-INV-00671,RuntimePlan nested typed site,crates/arcweft-core/src/plan/typed_sites.rs,RuntimeStreamExpressionField::MatchArmGuard,mandatory exact enum absent in current production,tag 0x05; payload arm:u32_le; actual owner bounds checked,P5/P6,current owner mapping + RUNTIME_PLAN_SITE_RESOLUTION.csv
CVRS-INV-00672,RuntimePlan nested typed site,crates/arcweft-core/src/plan/typed_sites.rs,RuntimeStreamExpressionField::CloseSource,mandatory exact enum absent in current production,tag 0x06; payload none; actual owner bounds checked,P5/P6,current owner mapping + RUNTIME_PLAN_SITE_RESOLUTION.csv
CVRS-INV-00673,RuntimePlan nested typed site,crates/arcweft-core/src/plan/typed_sites.rs,RuntimeStreamPatternField::LetPattern,mandatory exact enum absent in current production,tag 0x00; payload none; actual owner bounds checked,P5/P6,current owner mapping + RUNTIME_PLAN_SITE_RESOLUTION.csv
CVRS-INV-00674,RuntimePlan nested typed site,crates/arcweft-core/src/plan/typed_sites.rs,RuntimeStreamPatternField::ForNextPattern,mandatory exact enum absent in current production,tag 0x01; payload none; actual owner bounds checked,P5/P6,current owner mapping + RUNTIME_PLAN_SITE_RESOLUTION.csv
CVRS-INV-00675,RuntimePlan nested typed site,crates/arcweft-core/src/plan/typed_sites.rs,RuntimeStreamPatternField::MatchArmPattern,mandatory exact enum absent in current production,tag 0x02; payload arm:u32_le; actual owner bounds checked,P5/P6,current owner mapping + RUNTIME_PLAN_SITE_RESOLUTION.csv
CVRS-INV-00676,RuntimePlan nested typed site,crates/arcweft-core/src/plan/typed_sites.rs,RuntimeSourceExpressionField::OpenNode,mandatory exact enum absent in current production,tag 0x00; payload none; actual owner bounds checked,P5/P6,current owner mapping + RUNTIME_PLAN_SITE_RESOLUTION.csv
CVRS-INV-00677,RuntimePlan nested typed site,crates/arcweft-core/src/plan/typed_sites.rs,RuntimeSourceExpressionField::ItemYieldNode,mandatory exact enum absent in current production,tag 0x01; payload op:u32_le; actual owner bounds checked,P5/P6,current owner mapping + RUNTIME_PLAN_SITE_RESOLUTION.csv
CVRS-INV-00678,RuntimePlan nested typed site,crates/arcweft-core/src/plan/typed_sites.rs,RuntimeSourceExpressionField::ErrorYieldNode,mandatory exact enum absent in current production,tag 0x02; payload op:u32_le; actual owner bounds checked,P5/P6,current owner mapping + RUNTIME_PLAN_SITE_RESOLUTION.csv
CVRS-INV-00679,RuntimePlan nested typed site,crates/arcweft-core/src/plan/typed_sites.rs,RuntimeSourceExpressionField::ProgressYieldNode,mandatory exact enum absent in current production,tag 0x03; payload op:u32_le; actual owner bounds checked,P5/P6,current owner mapping + RUNTIME_PLAN_SITE_RESOLUTION.csv
CVRS-INV-00680,RuntimePlan nested typed site,crates/arcweft-core/src/plan/typed_sites.rs,RuntimeSourceExpressionField::DisconnectedYieldNode,mandatory exact enum absent in current production,tag 0x04; payload op:u32_le; actual owner bounds checked,P5/P6,current owner mapping + RUNTIME_PLAN_SITE_RESOLUTION.csv
CVRS-INV-00681,RuntimePlan nested typed site,crates/arcweft-core/src/plan/typed_sites.rs,RuntimeSourceExpressionField::PermissionRevokedYieldNode,mandatory exact enum absent in current production,tag 0x05; payload op:u32_le; actual owner bounds checked,P5/P6,current owner mapping + RUNTIME_PLAN_SITE_RESOLUTION.csv
CVRS-INV-00682,RuntimePlan nested typed site,crates/arcweft-core/src/plan/typed_sites.rs,RuntimeSourceExpressionField::EndYieldNode,mandatory exact enum absent in current production,tag 0x06; payload op:u32_le; actual owner bounds checked,P5/P6,current owner mapping + RUNTIME_PLAN_SITE_RESOLUTION.csv
CVRS-INV-00683,RuntimePlan nested typed site,crates/arcweft-core/src/plan/typed_sites.rs,RuntimeSourceExpressionField::EvaluatedEffectArgument,mandatory exact enum absent in current production,tag 0x07; payload argument:u32_le; actual owner bounds checked,P5/P6,current owner mapping + RUNTIME_PLAN_SITE_RESOLUTION.csv
CVRS-INV-00684,RuntimePlan coordinate descent,crates/arcweft-core/src/plan/typed_sites.rs,RuntimeFlowOpStep::LetElseElse,conceptual descent had no exact byte tag,tag 0x00; payload op:u32_le,P5/P6,current FlowOp/stream owner mapping
CVRS-INV-00685,RuntimePlan coordinate descent,crates/arcweft-core/src/plan/typed_sites.rs,RuntimeFlowOpStep::IfThen,conceptual descent had no exact byte tag,tag 0x01; payload op:u32_le,P5/P6,current FlowOp/stream owner mapping
CVRS-INV-00686,RuntimePlan coordinate descent,crates/arcweft-core/src/plan/typed_sites.rs,RuntimeFlowOpStep::IfElse,conceptual descent had no exact byte tag,tag 0x02; payload op:u32_le,P5/P6,current FlowOp/stream owner mapping
CVRS-INV-00687,RuntimePlan coordinate descent,crates/arcweft-core/src/plan/typed_sites.rs,RuntimeFlowOpStep::IfLetThen,conceptual descent had no exact byte tag,tag 0x03; payload op:u32_le,P5/P6,current FlowOp/stream owner mapping
CVRS-INV-00688,RuntimePlan coordinate descent,crates/arcweft-core/src/plan/typed_sites.rs,RuntimeFlowOpStep::IfLetElse,conceptual descent had no exact byte tag,tag 0x04; payload op:u32_le,P5/P6,current FlowOp/stream owner mapping
CVRS-INV-00689,RuntimePlan coordinate descent,crates/arcweft-core/src/plan/typed_sites.rs,RuntimeFlowOpStep::MatchArm,conceptual descent had no exact byte tag,tag 0x05; payload arm:u32_le || op:u32_le,P5/P6,current FlowOp/stream owner mapping
CVRS-INV-00690,RuntimePlan coordinate descent,crates/arcweft-core/src/plan/typed_sites.rs,RuntimeFlowOpStep::LoopBody,conceptual descent had no exact byte tag,tag 0x06; payload op:u32_le,P5/P6,current FlowOp/stream owner mapping
CVRS-INV-00691,RuntimePlan coordinate descent,crates/arcweft-core/src/plan/typed_sites.rs,RuntimeFlowOpStep::LetLoopBody,conceptual descent had no exact byte tag,tag 0x07; payload op:u32_le,P5/P6,current FlowOp/stream owner mapping
CVRS-INV-00692,RuntimePlan coordinate descent,crates/arcweft-core/src/plan/typed_sites.rs,RuntimeFlowOpStep::LoopNextBody,conceptual descent had no exact byte tag,tag 0x08; payload op:u32_le,P5/P6,current FlowOp/stream owner mapping
CVRS-INV-00693,RuntimePlan coordinate descent,crates/arcweft-core/src/plan/typed_sites.rs,RuntimeFlowOpStep::WhileBody,conceptual descent had no exact byte tag,tag 0x09; payload op:u32_le,P5/P6,current FlowOp/stream owner mapping
CVRS-INV-00694,RuntimePlan coordinate descent,crates/arcweft-core/src/plan/typed_sites.rs,RuntimeFlowOpStep::WhileNextBody,conceptual descent had no exact byte tag,tag 0x0a; payload op:u32_le,P5/P6,current FlowOp/stream owner mapping
CVRS-INV-00695,RuntimePlan coordinate descent,crates/arcweft-core/src/plan/typed_sites.rs,RuntimeFlowOpStep::WhileLetBody,conceptual descent had no exact byte tag,tag 0x0b; payload op:u32_le,P5/P6,current FlowOp/stream owner mapping
CVRS-INV-00696,RuntimePlan coordinate descent,crates/arcweft-core/src/plan/typed_sites.rs,RuntimeFlowOpStep::WhileLetNextBody,conceptual descent had no exact byte tag,tag 0x0c; payload op:u32_le,P5/P6,current FlowOp/stream owner mapping
CVRS-INV-00697,RuntimePlan coordinate descent,crates/arcweft-core/src/plan/typed_sites.rs,RuntimeFlowOpStep::ForBody,conceptual descent had no exact byte tag,tag 0x0d; payload op:u32_le,P5/P6,current FlowOp/stream owner mapping
CVRS-INV-00698,RuntimePlan coordinate descent,crates/arcweft-core/src/plan/typed_sites.rs,RuntimeFlowOpStep::ForNextBody,conceptual descent had no exact byte tag,tag 0x0e; payload op:u32_le,P5/P6,current FlowOp/stream owner mapping
CVRS-INV-00699,RuntimePlan coordinate descent,crates/arcweft-core/src/plan/typed_sites.rs,RuntimeFlowOpStep::ThreadBody,conceptual descent had no exact byte tag,tag 0x0f; payload op:u32_le,P5/P6,current FlowOp/stream owner mapping
CVRS-INV-00700,RuntimePlan coordinate descent,crates/arcweft-core/src/plan/typed_sites.rs,RuntimeFlowOpStep::ScopeBody,conceptual descent had no exact byte tag,tag 0x10; payload op:u32_le,P5/P6,current FlowOp/stream owner mapping
CVRS-INV-00701,RuntimePlan coordinate descent,crates/arcweft-core/src/plan/typed_sites.rs,RuntimeFlowOpStep::LetScopeBody,conceptual descent had no exact byte tag,tag 0x11; payload op:u32_le,P5/P6,current FlowOp/stream owner mapping
CVRS-INV-00702,RuntimePlan coordinate descent,crates/arcweft-core/src/plan/typed_sites.rs,RuntimeStreamOpStep::ForNextBody,conceptual descent had no exact byte tag,tag 0x00; payload op:u32_le,P5/P6,current FlowOp/stream owner mapping
CVRS-INV-00703,RuntimePlan coordinate descent,crates/arcweft-core/src/plan/typed_sites.rs,RuntimeStreamOpStep::IfThen,conceptual descent had no exact byte tag,tag 0x01; payload op:u32_le,P5/P6,current FlowOp/stream owner mapping
CVRS-INV-00704,RuntimePlan coordinate descent,crates/arcweft-core/src/plan/typed_sites.rs,RuntimeStreamOpStep::IfElse,conceptual descent had no exact byte tag,tag 0x02; payload op:u32_le,P5/P6,current FlowOp/stream owner mapping
CVRS-INV-00705,RuntimePlan coordinate descent,crates/arcweft-core/src/plan/typed_sites.rs,RuntimeStreamOpStep::MatchArm,conceptual descent had no exact byte tag,tag 0x03; payload arm:u32_le || op:u32_le,P5/P6,current FlowOp/stream owner mapping
CVRS-INV-00706,AWBC nested typed site,crates/arcweft-core/src/awbc/typed_sites.rs,AwbcPatternTypedSlot::BindExpected,current table has indirect IDs but no exact typed coordinate enum,tag 0x00; payload none; actual table owner resolves type,P8/P9,current schema.rs + AWBC_SITE_RESOLUTION.csv
CVRS-INV-00707,AWBC nested typed site,crates/arcweft-core/src/awbc/typed_sites.rs,AwbcPatternTypedSlot::DiscardExpected,current table has indirect IDs but no exact typed coordinate enum,tag 0x01; payload none; actual table owner resolves type,P8/P9,current schema.rs + AWBC_SITE_RESOLUTION.csv
CVRS-INV-00708,AWBC nested typed site,crates/arcweft-core/src/awbc/typed_sites.rs,AwbcPatternTypedSlot::LiteralExpected,current table has indirect IDs but no exact typed coordinate enum,tag 0x02; payload none; actual table owner resolves type,P8/P9,current schema.rs + AWBC_SITE_RESOLUTION.csv
CVRS-INV-00709,AWBC nested typed site,crates/arcweft-core/src/awbc/typed_sites.rs,AwbcPatternTypedSlot::EntityExpected,current table has indirect IDs but no exact typed coordinate enum,tag 0x03; payload none; actual table owner resolves type,P8/P9,current schema.rs + AWBC_SITE_RESOLUTION.csv
CVRS-INV-00710,AWBC nested typed site,crates/arcweft-core/src/awbc/typed_sites.rs,AwbcPatternTypedSlot::TupleExpected,current table has indirect IDs but no exact typed coordinate enum,tag 0x04; payload none; actual table owner resolves type,P8/P9,current schema.rs + AWBC_SITE_RESOLUTION.csv
CVRS-INV-00711,AWBC nested typed site,crates/arcweft-core/src/awbc/typed_sites.rs,AwbcPatternTypedSlot::RecordExpected,current table has indirect IDs but no exact typed coordinate enum,tag 0x05; payload none; actual table owner resolves type,P8/P9,current schema.rs + AWBC_SITE_RESOLUTION.csv
CVRS-INV-00712,AWBC nested typed site,crates/arcweft-core/src/awbc/typed_sites.rs,AwbcPatternTypedSlot::SequenceExpected,current table has indirect IDs but no exact typed coordinate enum,tag 0x06; payload none; actual table owner resolves type,P8/P9,current schema.rs + AWBC_SITE_RESOLUTION.csv
CVRS-INV-00713,AWBC nested typed site,crates/arcweft-core/src/awbc/typed_sites.rs,AwbcPatternTypedSlot::VariantExpected,current table has indirect IDs but no exact typed coordinate enum,tag 0x07; payload none; actual table owner resolves type,P8/P9,current schema.rs + AWBC_SITE_RESOLUTION.csv
CVRS-INV-00714,AWBC nested typed site,crates/arcweft-core/src/awbc/typed_sites.rs,AwbcPatternTypedSlot::WholeExpected,current table has indirect IDs but no exact typed coordinate enum,tag 0x08; payload none; actual table owner resolves type,P8/P9,current schema.rs + AWBC_SITE_RESOLUTION.csv
CVRS-INV-00715,AWBC nested typed site,crates/arcweft-core/src/awbc/typed_sites.rs,AwbcSignatureTypedSlot::Parameter,current table has indirect IDs but no exact typed coordinate enum,tag 0x00; payload parameter:u32_le; actual table owner resolves type,P8/P9,current schema.rs + AWBC_SITE_RESOLUTION.csv
CVRS-INV-00716,AWBC nested typed site,crates/arcweft-core/src/awbc/typed_sites.rs,AwbcSignatureTypedSlot::Result,current table has indirect IDs but no exact typed coordinate enum,tag 0x01; payload none; actual table owner resolves type,P8/P9,current schema.rs + AWBC_SITE_RESOLUTION.csv
CVRS-INV-00717,AWBC nested typed site,crates/arcweft-core/src/awbc/typed_sites.rs,AwbcTaskPlanTypedSlot::Parameter,current table has indirect IDs but no exact typed coordinate enum,tag 0x00; payload parameter:u32_le; actual table owner resolves type,P8/P9,current schema.rs + AWBC_SITE_RESOLUTION.csv
CVRS-INV-00718,AWBC nested typed site,crates/arcweft-core/src/awbc/typed_sites.rs,AwbcTaskPlanTypedSlot::Result,current table has indirect IDs but no exact typed coordinate enum,tag 0x01; payload none; actual table owner resolves type,P8/P9,current schema.rs + AWBC_SITE_RESOLUTION.csv
CVRS-INV-00719,AWBC nested typed site,crates/arcweft-core/src/awbc/typed_sites.rs,AwbcTaskPlanTypedSlot::AwaitManyItem,current table has indirect IDs but no exact typed coordinate enum,tag 0x02; payload none; actual table owner resolves type,P8/P9,current schema.rs + AWBC_SITE_RESOLUTION.csv
CVRS-INV-00720,AWBC nested typed site,crates/arcweft-core/src/awbc/typed_sites.rs,AwbcEffectPlanTypedSlot::Parameter,current table has indirect IDs but no exact typed coordinate enum,tag 0x00; payload parameter:u32_le; actual table owner resolves type,P8/P9,current schema.rs + AWBC_SITE_RESOLUTION.csv
CVRS-INV-00721,AWBC nested typed site,crates/arcweft-core/src/awbc/typed_sites.rs,AwbcEffectPlanTypedSlot::Result,current table has indirect IDs but no exact typed coordinate enum,tag 0x01; payload none; actual table owner resolves type,P8/P9,current schema.rs + AWBC_SITE_RESOLUTION.csv
CVRS-INV-00722,AWBC nested typed site,crates/arcweft-core/src/awbc/typed_sites.rs,AwbcEffectPlanTypedSlot::StaticArgument,current table has indirect IDs but no exact typed coordinate enum,tag 0x02; payload argument:u32_le; actual table owner resolves type,P8/P9,current schema.rs + AWBC_SITE_RESOLUTION.csv
CVRS-INV-00723,AWBC nested typed site,crates/arcweft-core/src/awbc/typed_sites.rs,AwbcLineTaskGroupTypedSlot::OptionValue,current table has indirect IDs but no exact typed coordinate enum,tag 0x00; payload option:u32_le; actual table owner resolves type,P8/P9,current schema.rs + AWBC_SITE_RESOLUTION.csv
CVRS-INV-00724,AWBC nested typed site,crates/arcweft-core/src/awbc/typed_sites.rs,AwbcLineTaskGroupTypedSlot::BindingsParameter,current table has indirect IDs but no exact typed coordinate enum,tag 0x01; payload parameter:u32_le; actual table owner resolves type,P8/P9,current schema.rs + AWBC_SITE_RESOLUTION.csv
CVRS-INV-00725,AWBC nested typed site,crates/arcweft-core/src/awbc/typed_sites.rs,AwbcLineTaskGroupTypedSlot::BindingsResult,current table has indirect IDs but no exact typed coordinate enum,tag 0x02; payload none; actual table owner resolves type,P8/P9,current schema.rs + AWBC_SITE_RESOLUTION.csv
CVRS-INV-00726,AWBC nested typed site,crates/arcweft-core/src/awbc/typed_sites.rs,AwbcLineTaskGroupTypedSlot::OutParameter,current table has indirect IDs but no exact typed coordinate enum,tag 0x03; payload parameter:u32_le; actual table owner resolves type,P8/P9,current schema.rs + AWBC_SITE_RESOLUTION.csv
CVRS-INV-00727,AWBC nested typed site,crates/arcweft-core/src/awbc/typed_sites.rs,AwbcLineTaskGroupTypedSlot::OutResult,current table has indirect IDs but no exact typed coordinate enum,tag 0x04; payload none; actual table owner resolves type,P8/P9,current schema.rs + AWBC_SITE_RESOLUTION.csv
CVRS-INV-00728,AWBC nested typed site,crates/arcweft-core/src/awbc/typed_sites.rs,AwbcLineTaskGroupTypedSlot::CancelHandlerParameter,current table has indirect IDs but no exact typed coordinate enum,tag 0x05; payload handler:u32_le || parameter:u32_le; actual table owner resolves type,P8/P9,current schema.rs + AWBC_SITE_RESOLUTION.csv
CVRS-INV-00729,AWBC nested typed site,crates/arcweft-core/src/awbc/typed_sites.rs,AwbcLineTaskGroupTypedSlot::CancelHandlerResult,current table has indirect IDs but no exact typed coordinate enum,tag 0x06; payload handler:u32_le; actual table owner resolves type,P8/P9,current schema.rs + AWBC_SITE_RESOLUTION.csv
CVRS-INV-00730,AWBC nested typed site,crates/arcweft-core/src/awbc/typed_sites.rs,AwbcStreamPlanTypedSlot::Item,current table has indirect IDs but no exact typed coordinate enum,tag 0x00; payload none; actual table owner resolves type,P8/P9,current schema.rs + AWBC_SITE_RESOLUTION.csv
CVRS-INV-00731,AWBC nested typed site,crates/arcweft-core/src/awbc/typed_sites.rs,AwbcStreamPlanTypedSlot::Error,current table has indirect IDs but no exact typed coordinate enum,tag 0x01; payload none; actual table owner resolves type,P8/P9,current schema.rs + AWBC_SITE_RESOLUTION.csv
CVRS-INV-00732,AWBC nested typed site,crates/arcweft-core/src/awbc/typed_sites.rs,AwbcStreamPlanTypedSlot::TransformParameter,current table has indirect IDs but no exact typed coordinate enum,tag 0x02; payload parameter:u32_le; actual table owner resolves type,P8/P9,current schema.rs + AWBC_SITE_RESOLUTION.csv
CVRS-INV-00733,AWBC nested typed site,crates/arcweft-core/src/awbc/typed_sites.rs,AwbcStreamPlanTypedSlot::TransformResult,current table has indirect IDs but no exact typed coordinate enum,tag 0x03; payload none; actual table owner resolves type,P8/P9,current schema.rs + AWBC_SITE_RESOLUTION.csv
CVRS-INV-00734,AWBC nested typed site,crates/arcweft-core/src/awbc/typed_sites.rs,AwbcSourcePlanTypedSlot::Item,current table has indirect IDs but no exact typed coordinate enum,tag 0x00; payload none; actual table owner resolves type,P8/P9,current schema.rs + AWBC_SITE_RESOLUTION.csv
CVRS-INV-00735,AWBC nested typed site,crates/arcweft-core/src/awbc/typed_sites.rs,AwbcSourcePlanTypedSlot::Error,current table has indirect IDs but no exact typed coordinate enum,tag 0x01; payload none; actual table owner resolves type,P8/P9,current schema.rs + AWBC_SITE_RESOLUTION.csv
CVRS-INV-00736,AWBC nested typed site,crates/arcweft-core/src/awbc/typed_sites.rs,AwbcSourcePlanTypedSlot::OpenParameter,current table has indirect IDs but no exact typed coordinate enum,tag 0x02; payload parameter:u32_le; actual table owner resolves type,P8/P9,current schema.rs + AWBC_SITE_RESOLUTION.csv
CVRS-INV-00737,AWBC nested typed site,crates/arcweft-core/src/awbc/typed_sites.rs,AwbcSourcePlanTypedSlot::OpenResult,current table has indirect IDs but no exact typed coordinate enum,tag 0x03; payload none; actual table owner resolves type,P8/P9,current schema.rs + AWBC_SITE_RESOLUTION.csv
CVRS-INV-00738,AWBC nested typed site,crates/arcweft-core/src/awbc/typed_sites.rs,AwbcSourcePlanTypedSlot::HandlerPattern,current table has indirect IDs but no exact typed coordinate enum,tag 0x04; payload handler:u32_le; actual table owner resolves type,P8/P9,current schema.rs + AWBC_SITE_RESOLUTION.csv
CVRS-INV-00739,AWBC nested typed site,crates/arcweft-core/src/awbc/typed_sites.rs,AwbcSourcePlanTypedSlot::HandlerParameter,current table has indirect IDs but no exact typed coordinate enum,tag 0x05; payload handler:u32_le || parameter:u32_le; actual table owner resolves type,P8/P9,current schema.rs + AWBC_SITE_RESOLUTION.csv
CVRS-INV-00740,AWBC nested typed site,crates/arcweft-core/src/awbc/typed_sites.rs,AwbcSourcePlanTypedSlot::HandlerResult,current table has indirect IDs but no exact typed coordinate enum,tag 0x06; payload handler:u32_le; actual table owner resolves type,P8/P9,current schema.rs + AWBC_SITE_RESOLUTION.csv
CVRS-INV-00741,AWBC nested typed site,crates/arcweft-core/src/awbc/typed_sites.rs,AwbcPureHelperTypedSlot::Parameter,current table has indirect IDs but no exact typed coordinate enum,tag 0x00; payload parameter:u32_le; actual table owner resolves type,P8/P9,current schema.rs + AWBC_SITE_RESOLUTION.csv
CVRS-INV-00742,AWBC nested typed site,crates/arcweft-core/src/awbc/typed_sites.rs,AwbcPureHelperTypedSlot::Result,current table has indirect IDs but no exact typed coordinate enum,tag 0x01; payload none; actual table owner resolves type,P8/P9,current schema.rs + AWBC_SITE_RESOLUTION.csv
CVRS-INV-00743,AWBC nested typed site,crates/arcweft-core/src/awbc/typed_sites.rs,AwbcTraitMethodTypedSlot::Parameter,current table has indirect IDs but no exact typed coordinate enum,tag 0x00; payload parameter:u32_le; actual table owner resolves type,P8/P9,current schema.rs + AWBC_SITE_RESOLUTION.csv
CVRS-INV-00744,AWBC nested typed site,crates/arcweft-core/src/awbc/typed_sites.rs,AwbcTraitMethodTypedSlot::Result,current table has indirect IDs but no exact typed coordinate enum,tag 0x01; payload none; actual table owner resolves type,P8/P9,current schema.rs + AWBC_SITE_RESOLUTION.csv
CVRS-INV-00745,AWBC nested typed site,crates/arcweft-core/src/awbc/typed_sites.rs,AwbcTraitMethodTypedSlot::ReceiverState,current table has indirect IDs but no exact typed coordinate enum,tag 0x02; payload none; actual table owner resolves type,P8/P9,current schema.rs + AWBC_SITE_RESOLUTION.csv
CVRS-INV-00746,AWBC nested typed site,crates/arcweft-core/src/awbc/typed_sites.rs,AwbcFlowExecutableTypedSlot::Parameter,current table has indirect IDs but no exact typed coordinate enum,tag 0x00; payload parameter:u32_le; actual table owner resolves type,P8/P9,current schema.rs + AWBC_SITE_RESOLUTION.csv
CVRS-INV-00747,AWBC nested typed site,crates/arcweft-core/src/awbc/typed_sites.rs,AwbcEntryTypedSlot::Parameter,current table has indirect IDs but no exact typed coordinate enum,tag 0x00; payload parameter:u32_le; actual table owner resolves type,P8/P9,current schema.rs + AWBC_SITE_RESOLUTION.csv
CVRS-INV-00748,AWBC nested typed site,crates/arcweft-core/src/awbc/typed_sites.rs,AwbcEntryTypedSlot::Result,current table has indirect IDs but no exact typed coordinate enum,tag 0x01; payload none; actual table owner resolves type,P8/P9,current schema.rs + AWBC_SITE_RESOLUTION.csv
CVRS-INV-00749,AWBC top-level typed site,crates/arcweft-core/src/awbc/typed_sites.rs,AwbcTypedSite::RuntimeType,retry tag table contained mismatched Frame/Function alternatives,exact final tag 0x00; payload ty:u32_le,P8/P9,final AwbcTypedSite declaration
CVRS-INV-00750,AWBC top-level typed site,crates/arcweft-core/src/awbc/typed_sites.rs,AwbcTypedSite::Constant,retry tag table contained mismatched Frame/Function alternatives,exact final tag 0x01; payload constant:u32_le,P8/P9,final AwbcTypedSite declaration
CVRS-INV-00751,AWBC top-level typed site,crates/arcweft-core/src/awbc/typed_sites.rs,AwbcTypedSite::Pattern,retry tag table contained mismatched Frame/Function alternatives,exact final tag 0x02; payload pattern:u32_le || pattern_slot,P8/P9,final AwbcTypedSite declaration
CVRS-INV-00752,AWBC top-level typed site,crates/arcweft-core/src/awbc/typed_sites.rs,AwbcTypedSite::Signature,retry tag table contained mismatched Frame/Function alternatives,exact final tag 0x03; payload signature:u32_le || signature_slot,P8/P9,final AwbcTypedSite declaration
CVRS-INV-00753,AWBC top-level typed site,crates/arcweft-core/src/awbc/typed_sites.rs,AwbcTypedSite::FunctionFrame,retry tag table contained mismatched Frame/Function alternatives,exact final tag 0x04; payload function:u32_le || register:u32_le,P8/P9,final AwbcTypedSite declaration
CVRS-INV-00754,AWBC top-level typed site,crates/arcweft-core/src/awbc/typed_sites.rs,AwbcTypedSite::Instruction,retry tag table contained mismatched Frame/Function alternatives,exact final tag 0x05; payload function:u32_le || instruction:u32_le || opcode:u8 || field_tag:u8 || optional field index:u32_le,P8/P9,final AwbcTypedSite declaration
CVRS-INV-00755,AWBC top-level typed site,crates/arcweft-core/src/awbc/typed_sites.rs,AwbcTypedSite::Terminator,retry tag table contained mismatched Frame/Function alternatives,exact final tag 0x06; payload function:u32_le || block:u32_le || opcode:u8 || field_tag:u8 || optional field index:u32_le,P8/P9,final AwbcTypedSite declaration
CVRS-INV-00756,AWBC top-level typed site,crates/arcweft-core/src/awbc/typed_sites.rs,AwbcTypedSite::TaskPlan,retry tag table contained mismatched Frame/Function alternatives,exact final tag 0x07; payload task:u32_le || task_slot,P8/P9,final AwbcTypedSite declaration
CVRS-INV-00757,AWBC top-level typed site,crates/arcweft-core/src/awbc/typed_sites.rs,AwbcTypedSite::AudioCommand,retry tag table contained mismatched Frame/Function alternatives,"exact final tag 0x08; payload effect:u32_le || command_tag:u8 || field_tag:u8; site owner is AwbcEffectPlanId, then effect.audio selects command and effect.signature resolves Arg(n)",P09/P10,AUDIO_SITE_API.md + AWBC_AUDIO_TYPED_SLOTS.csv + AWBC_SITE_RESOLUTION.csv
CVRS-INV-00758,AWBC top-level typed site,crates/arcweft-core/src/awbc/typed_sites.rs,AwbcTypedSite::EffectPlan,retry tag table contained mismatched Frame/Function alternatives,exact final tag 0x09; payload effect:u32_le || effect_slot,P8/P9,final AwbcTypedSite declaration
CVRS-INV-00759,AWBC top-level typed site,crates/arcweft-core/src/awbc/typed_sites.rs,AwbcTypedSite::LineTaskGroup,retry tag table contained mismatched Frame/Function alternatives,exact final tag 0x0a; payload group:u32_le || line_slot,P8/P9,final AwbcTypedSite declaration
CVRS-INV-00760,AWBC top-level typed site,crates/arcweft-core/src/awbc/typed_sites.rs,AwbcTypedSite::StreamPlan,retry tag table contained mismatched Frame/Function alternatives,exact final tag 0x0b; payload stream:u32_le || stream_slot,P8/P9,final AwbcTypedSite declaration
CVRS-INV-00761,AWBC top-level typed site,crates/arcweft-core/src/awbc/typed_sites.rs,AwbcTypedSite::SourcePlan,retry tag table contained mismatched Frame/Function alternatives,exact final tag 0x0c; payload source:u32_le || source_slot,P8/P9,final AwbcTypedSite declaration
CVRS-INV-00762,AWBC top-level typed site,crates/arcweft-core/src/awbc/typed_sites.rs,AwbcTypedSite::PureHelper,retry tag table contained mismatched Frame/Function alternatives,exact final tag 0x0d; payload helper:u32_le || pure_helper_slot,P8/P9,final AwbcTypedSite declaration
CVRS-INV-00763,AWBC top-level typed site,crates/arcweft-core/src/awbc/typed_sites.rs,AwbcTypedSite::TraitMethod,retry tag table contained mismatched Frame/Function alternatives,exact final tag 0x0e; payload method:u32_le || trait_method_slot,P8/P9,final AwbcTypedSite declaration
CVRS-INV-00764,AWBC top-level typed site,crates/arcweft-core/src/awbc/typed_sites.rs,AwbcTypedSite::FlowExecutable,retry tag table contained mismatched Frame/Function alternatives,exact final tag 0x0f; payload flow:u32_le || flow_executable_slot,P8/P9,final AwbcTypedSite declaration
CVRS-INV-00765,AWBC top-level typed site,crates/arcweft-core/src/awbc/typed_sites.rs,AwbcTypedSite::Entry,retry tag table contained mismatched Frame/Function alternatives,exact final tag 0x10; payload entry:u32_le || entry_slot,P8/P9,final AwbcTypedSite declaration
CVRS-INV-00766,AWBC site deletion,design retry only,AwbcTypedSite::Frame / ::Function,mismatched conceptual top-level tags in retry sidecar,do not implement; Frame/Function remain indirect invariants and FunctionFrame is the sole direct register coordinate,P8,AWBC_SITE_CANONICAL_TAGS.csv + SITE_ROW_CLASSIFICATION.md
CVRS-INV-00767,AWBC deliberate exclusion,crates/arcweft-core/src/awbc/schema.rs,MakeFunction/ApplyFunction typed slot alternatives,current VM values are operational Function values without RuntimeCheckedType::Function,no AwbcInstructionTypedSlot variants or canonical tags; verifier checks frame/capture/signature invariants and rejects root-correlated origins,P8/P9,AWBC_SITE_RESOLUTION.csv
CVRS-INV-00768,AWBC deliberate exclusion,crates/arcweft-core/src/awbc/schema.rs,GotoDynamic typed slot alternatives,current target register does not retain an exact callable signature,no AwbcTerminatorTypedSlot variants or canonical tags; dynamic call remains structural and cannot publish a typed root,P8/P9,AWBC_SITE_RESOLUTION.csv
CVRS-INV-00769,RuntimePlan deliberate exclusion,crates/arcweft-core/src/plan.rs,RuntimeFlowExpressionField::RegisterCleanupEffectArgument,"current RegisterCleanup owns static/text LineEffectRequest, not RuntimeExpr",no enum variant or canonical tag; row remains explicit deliberate exclusion until owner itself becomes typed,P5/P6,RUNTIME_PLAN_SITE_RESOLUTION.csv
CVRS-INV-00770,core AWBC product execution,crates/arcweft-core/src/awbc/product_step.rs,AwbcProductStepExecutor.program,stores raw AwbcProgram,store AdmittedAwbcProduct; no raw program accessor or generation erasure,P9/P10,WEB_INSPECTION_EVIDENCE.csv + ADMISSION_AND_PAIR_API.md
CVRS-INV-00771,core AWBC product execution,crates/arcweft-core/src/awbc/product_step.rs,AwbcProductStepExecutor::for_entry/for_function,accept raw AwbcProgram and call only verify,accept AdmittedAwbcProduct by value; no verify-only operational publication,P9/P10,WEB_INSPECTION_EVIDENCE.csv + ADMISSION_AND_PAIR_API.md
CVRS-INV-00772,core AWBC product execution,crates/arcweft-core/src/awbc/product_step.rs,replace_program_preserving_state,accepts raw AwbcProgram,delete; replace_product_preserving_state accepts fully admitted same-parent candidate and commits transactionally,P9/P10,WEB_INSPECTION_EVIDENCE.csv + ADMISSION_AND_PAIR_API.md
ELIGA-INV-00001,raw construction,crates/arcweft-core/src/plan/typed_sites.rs,RuntimePlanTypeId / RuntimePlanTypeDeclaration / RuntimeTypedExpr / RuntimeTypedPattern,parent design used core-private constructors inaccessible to runtime-plan,"public checked constructors, private fields, manual v1 Deserialize; RuntimePlanTypeId only from builder",P01/P02,RAW_CONSTRUCTION_API.md + RAW_CONSTRUCTION_SURFACE.csv
ELIGA-INV-00002,raw construction,crates/arcweft-core/src/plan/typed_sites.rs,RuntimeFlowOpCoordinate / RuntimeStreamOpCoordinate / RuntimeSourceOpCoordinate,parent fields private without an exact external construction route,public checked coordinate constructors and read-only accessors; 64-step bound; actual owner bounds checked by builder/admission,P01/P02,RAW_CONSTRUCTION_API.md + RAW_CONSTRUCTION_SURFACE.csv
ELIGA-INV-00003,raw construction,crates/arcweft-core/src/plan/construction.rs,RuntimePlanBuilder,current RuntimePlan has public fields/Default/derived Deserialize,public staging builder with exact push methods and consuming finish; custom decode uses same path,P01/P03,RAW_CONSTRUCTION_API.md + RAW_CONSTRUCTION_SURFACE.csv
ELIGA-INV-00004,raw construction,crates/arcweft-core/src/plan.rs,RuntimePlan fields and Default,public raw aggregate can be freely assembled/mutated,private fields/read-only accessors; delete Default and derived Deserialize in same phase lowerer migrates,P03,RAW_CONSTRUCTION_API.md + RAW_CONSTRUCTION_SURFACE.csv
ELIGA-INV-00005,raw construction,crates/arcweft-runtime-plan/src/final_expr.rs,external final expression lowerer,constructs current core expressions directly; cannot call hypothetical pub(crate) typed wrappers,call public RuntimeTypedExpr::try_new and RuntimePlanBuilder; emit complete root [0] facts,P02/P03,RAW_CONSTRUCTION_API.md + RAW_CONSTRUCTION_SURFACE.csv
ELIGA-INV-00006,raw construction,crates/arcweft-runtime-plan/src/final_pattern.rs,external final pattern lowerer,constructs current pattern DTOs,call public RuntimeTypedPattern::try_new and builder; exact node/binding sets,P02/P03,RAW_CONSTRUCTION_API.md + RAW_CONSTRUCTION_SURFACE.csv
ELIGA-INV-00007,raw construction,crates/arcweft-runtime-plan/src/final_flow.rs,FlowOp/entry/helper/trait typed owners,current tables do not carry all final typed IDs,populate exact RuntimePlanTypeId/typed wrappers before RuntimePlanBuilder::finish,P03,RAW_CONSTRUCTION_API.md + RAW_CONSTRUCTION_SURFACE.csv
ELIGA-INV-00008,raw construction,crates/arcweft-core/src/awbc/typed_sites.rs,AwbcRuntimeTypeDeclaration/AwbcTypedConstant/AwbcTypedPattern/AwbcTypedOrigin,parent pub(crate) constructors impossible cross crate,public checked raw constructors with private fields and custom v1 decode,P01/P04,RAW_CONSTRUCTION_API.md + RAW_CONSTRUCTION_SURFACE.csv
ELIGA-INV-00009,raw construction,crates/arcweft-core/src/awbc/construction.rs,AwbcProgramBuilder,current AwbcProgram public fields/Default/derived Deserialize,explicit push methods for every table; consuming finish; private wire DTO,P04,RAW_CONSTRUCTION_API.md + RAW_CONSTRUCTION_SURFACE.csv
ELIGA-INV-00010,raw construction,crates/arcweft-core/src/awbc/schema.rs,AwbcProgram fields and Default,public aggregate permits unchecked construction,private fields/accessors; delete Default/derived Deserialize after real lowerer migration,P04,RAW_CONSTRUCTION_API.md + RAW_CONSTRUCTION_SURFACE.csv
ELIGA-INV-00011,raw construction,crates/arcweft-runtime-plan/src/awbc_lower.rs,external plan-to-AWBC lowerer,constructs current AwbcProgram directly,call public typed DTO and AwbcProgramBuilder API; emit effect-owned audio origins,P04/P09,RAW_CONSTRUCTION_API.md + RAW_CONSTRUCTION_SURFACE.csv
ELIGA-INV-00012,generation authority,crates/arcweft-core/src/plan/generation_contract.rs,RuntimeGenerationContractDeclaration,current has scalar IDs/digests but no final declaration owner,private-constructor version-1 declaration computed only by successful generation issuance,P05,GENERATION_ISSUANCE_API.md
ELIGA-INV-00013,generation authority,crates/arcweft-core/src/plan/generation_admission.rs,RuntimeGenerationProjectionBuilder / RuntimeGenerationAdmissionProjection,missing,non-Serde owned lower-layer rows; no raw-artifact conversions; canonical order/duplicate/root checks,P05,GENERATION_ISSUANCE_API.md + GENERATION_PROJECTION_MAP.csv
ELIGA-INV-00014,generation authority,crates/arcweft-core/src/plan/generation_admission.rs,AdmittedRuntimeGeneration,parent inner attempted to store runtime-plan-owned facts,Arc inner stores core-only admitted facts and computed declaration; try_issue consumes projection,P05,GENERATION_ISSUANCE_API.md
ELIGA-INV-00015,generation authority,crates/arcweft-core/src/plan/generation_admission.rs,AdmittedRuntimeGeneration::require_same_parent,parent comparison was core-private but dialogue/runtime-driver are separate crates,public non-forgeable Arc::ptr_eq comparison returning RuntimeGenerationParentMismatch; no identity-to-parent constructor,P05/P11,GENERATION_ISSUANCE_API.md + DRIVER_OWNER_MAP.csv
ELIGA-INV-00016,generation authority,crates/arcweft-runtime-plan/src/semantic_facts.rs,RuntimePlanSemanticFacts projection,accepted non-Serde semantic facts exist,compiler reads once and maps to core checked/operational project rows; no core dependency upward,P06,ACCEPTED_WORLD_OWNER_MAP.csv
ELIGA-INV-00017,generation authority,crates/arcweft-lang-sema/src/registration/runtime_producers.rs,AcceptedRuntimeOpaqueProducerRegistry,exact final registry not yet present as one issuer,own exact accepted producer declarations bound to AcceptedNominalWorldStamp; non-Serde,P06,ACCEPTED_WORLD_OWNER_MAP.csv
ELIGA-INV-00018,generation authority,crates/arcweft-lang-sema/src/registration/model.rs,AcceptedNominalWorld,current accepted nominal owner,retain; compiler projects nominal layouts/fields once,P06,ACCEPTED_WORLD_OWNER_MAP.csv
ELIGA-INV-00019,generation authority,crates/arcweft-lang-sema/src/character_dialogue.rs,CharacterDialogueRuntimeRoleRegistry/custom fields,accepted registry tied to world stamp,retain; compiler requires same stamp and projects producer/catalog facts,P06,ACCEPTED_WORLD_OWNER_MAP.csv
ELIGA-INV-00020,generation authority,crates/arcweft-compiler/src/project/runtime_generation.rs,pub(crate) struct ProjectRuntimeGenerationAssembly,missing atomic accepted-world owner,compiler-internal non-Serde assembler; accepted semantic/sema/catalog inputs only; issue before lowering,P06,GENERATION_ISSUANCE_API.md
ELIGA-INV-00021,generation authority,crates/arcweft-compiler/src/project.rs,project compile orchestration,currently lowers without final generation parent,build accepted world -> issue generation -> lower raw plan/AWBC -> admit/pair; no raw-only convenience,P06/P10,ADMISSION_FLOW.csv
ELIGA-INV-00022,generation persistence,crates/arcweft-core/src/plan/generation_admission/wire.rs,RuntimeGenerationFactSection + decoder,missing canonical independently persisted accepted-fact payload,core-owned AWGF v1 framing around exact generation transcript; only issuance constructs bytes; decoder returns checked projection only,P05/P12,GENERATION_ISSUANCE_API.md + BUNDLE_RUNTIME_GENERATION_SECTIONS.md
ELIGA-INV-00023,generation persistence,crates/arcweft-bundle/src/container.rs,BundleSectionKind / REQUIRED_PROGRAM_SECTIONS,existing owner has encoded tags 1..=22 and five required program sections,add RuntimeGenerationFacts=23 and RuntimePlan=24 directly to original enum and inherent impl; retain ProgramBytecode=1; all three required schema v1,P12,BUNDLE_RUNTIME_GENERATION_SECTIONS.csv
ELIGA-INV-00024,generation persistence,crates/arcweft-bundle/src/product_awbc/runtime_generation.rs,RuntimeGenerationProductSections::try_from_product,current product writer accepts canonical AWBC but lacks independent facts and raw plan sections,consume one AdmittedRuntimeProduct reference; atomically build required SectionInput rows 23/24/1; no unrelated raw triple overload,P12,BUNDLE_RUNTIME_GENERATION_SECTIONS.md
ELIGA-INV-00025,generation persistence,crates/arcweft-bundle/src/product_awbc/runtime_generation.rs,verify_runtime_generation_sections / VerifiedRuntimeGenerationSections,missing non-forgeable generation-first section boundary,delegate container/external checks to existing owners; require one 23/24/1 schema-v1 set; own decoded buffers; expose checked decoders only,P12,ADMISSION_PAIR_DRIVER_API.md + ERROR_PRECEDENCE.csv
ELIGA-INV-00026,generation persistence,crates/arcweft-runtime-driver/src/generation_runtime.rs,try_load_runtime_generation,raw section/plan/AWBC load order not final,consume VerifiedRuntimeGenerationSections; decode facts -> issue parent -> admit catalogs -> decode/admit plan -> decode/admit AWBC -> publish driver generation,P12,RESTORE_ORDER.csv
ELIGA-INV-00027,admission and checked value,crates/arcweft-core/src/plan/admission.rs,pub fn try_admit_plan,missing; parent selected RuntimePlan::try_admit self-admission,method on issued generation; declaration is claim only; resolved sites immutable,P07,ADMISSION_PAIR_DRIVER_API.md
ELIGA-INV-00028,admission and checked value,crates/arcweft-core/src/awbc/admission.rs,pub fn try_admit_awbc,missing; parent selected AwbcProgram::try_admit self-admission,method on issued generation; exact table/site resolution,P10,ADMISSION_PAIR_DRIVER_API.md
ELIGA-INV-00029,admission and checked value,crates/arcweft-core/src/awbc/product.rs,AdmittedRuntimePlan::try_admit_awbc / AdmittedRuntimeProduct,missing final pair,same Arc parent first; direct coordinate equality; operational origin forbidden,P10,ADMISSION_PAIR_DRIVER_API.md
ELIGA-INV-00030,admission and checked value,crates/arcweft-core/src/plan/admission.rs,RuntimeCheckedValueContext issuance,parent order attempted context before plan/admitted sites,only admitted plan/product methods; operational site has no context,P08,CHECKED_VALIDATION_API.md + CONTEXT_ISSUANCE_MAP.csv
ELIGA-INV-00031,admission and checked value,crates/arcweft-core/src/plan/admission.rs,RuntimeNominalRecordAdmissionDomain,parent circular pre-plan issuance,issued only from admitted product origin/domain operand; project and producer variants distinct,P08,CHECKED_VALIDATION_API.md
ELIGA-INV-00032,admission and checked value,crates/arcweft-core/src/pattern.rs,RuntimeCheckedType::Opaque arm,current validates owner only; parent requested undefined payload recursion,make current owner-only behavior normative and atomic; add exact errors/work/path rules on owning impl,P08,CHECKED_VALIDATION_API.md
ELIGA-INV-00033,admission and checked value,crates/arcweft-core/src/value/ownership/path.rs,RuntimeValuePathSegment::OpaquePayload,retained parent tag 10,retain only for physical ownership/save/diagnostic traversal; not checked type descent,P08,CHECKED_PATH_PUSH_RULES.csv
ELIGA-INV-00034,AWBC audio,crates/arcweft-core/src/awbc/typed_sites.rs,AwbcTypedSite::AudioCommand,parent command-only coordinate ambiguous under aliasing,"effect-owned { effect, slot }; bytes tag 0x08 || effect || command_tag || field_tag",P09,AUDIO_SITE_API.md + AWBC_AUDIO_TYPED_SLOTS.csv + AWBC_SITE_RESOLUTION.csv
ELIGA-INV-00035,AWBC audio,crates/arcweft-core/src/awbc/typed_sites.rs,AwbcEffectPlanTypedSlot,parent tables contradicted on AudioValue,"only Parameter, Result, StaticArgument; AudioValue physically absent",P09,AUDIO_SITE_API.md + AWBC_AUDIO_TYPED_SLOTS.csv + AWBC_SITE_RESOLUTION.csv
ELIGA-INV-00036,AWBC audio,crates/arcweft-core/src/awbc/schema.rs,AwbcAudioCommand::typed_values/typed_value,current value_refs loses named slot coordinate,add inherent exact named-slot behavior on original enum; optional bus None omitted,P09,AUDIO_SITE_API.md + AWBC_AUDIO_TYPED_SLOTS.csv + AWBC_SITE_RESOLUTION.csv
ELIGA-INV-00037,AWBC audio,crates/arcweft-core/src/awbc/verify.rs,audio site enumeration/reference validation,current structural refs not typed effect-owned roots,"iterate effects, resolve command and signature/constant in exact precedence",P09,AUDIO_SITE_API.md + AWBC_AUDIO_TYPED_SLOTS.csv + AWBC_SITE_RESOLUTION.csv
ELIGA-INV-00038,AWBC audio,crates/arcweft-runtime-plan/src/awbc_lower.rs,audio typed origins,parent would emit command-only origins,emit one origin per effect/slot; command reuse yields distinct coordinates,P09,AUDIO_SITE_API.md + AWBC_AUDIO_TYPED_SLOTS.csv + AWBC_SITE_RESOLUTION.csv
ELIGA-INV-00039,AWBC audio,crates/arcweft-core/src/awbc/vm.rs,EmitEffect/audio execution,current follows effect/command at runtime without admitted typed context,consume already admitted effect-owned resolution; no raw verification success branch,P10/P11,AUDIO_SITE_API.md + AWBC_AUDIO_TYPED_SLOTS.csv + AWBC_SITE_RESOLUTION.csv
ELIGA-INV-00040,expression nodes,crates/arcweft-core/src/plan/typed_sites.rs,RuntimeOperationalType,missing; parent omitted nonrepresentable roots,closed 0..20 root-shape enum; no dynamic/unknown tag,P02,RUNTIME_EXPR_NODE_API.md + RUNTIME_PLAN_TYPE_KIND.csv + RUNTIME_EXPR_NODE_RESOLUTION.csv
ELIGA-INV-00041,expression nodes,crates/arcweft-core/src/plan/typed_sites.rs,RuntimePlanTypeKind,parent only checked declarations,Checked or Operational; semantic identity exact for both,P02,RUNTIME_EXPR_NODE_API.md + RUNTIME_PLAN_TYPE_KIND.csv + RUNTIME_EXPR_NODE_RESOLUTION.csv
ELIGA-INV-00042,expression nodes,crates/arcweft-core/src/value.rs,RuntimeExpr::try_visit_nodes,recursive enum has no final canonical node visitor,"inherent exhaustive pre-order visitor; root [0], exact ordinals, checked arithmetic",P02,RUNTIME_EXPR_NODE_API.md + RUNTIME_PLAN_TYPE_KIND.csv + RUNTIME_EXPR_NODE_RESOLUTION.csv
ELIGA-INV-00043,expression nodes,crates/arcweft-runtime-plan/src/final_expr.rs,node type fact emission,parent omitted function/range/matrix/tensor roots,emit exactly one root and every present child using accepted semantic fact,P02,RUNTIME_EXPR_NODE_API.md + RUNTIME_PLAN_TYPE_KIND.csv + RUNTIME_EXPR_NODE_RESOLUTION.csv
ELIGA-INV-00044,expression nodes,crates/arcweft-core/src/plan/admission.rs,operational node admission,missing,match independent generation semantic identity/root shape; forbid checked boundary/origin,P07,RUNTIME_EXPR_NODE_API.md + RUNTIME_PLAN_TYPE_KIND.csv + RUNTIME_EXPR_NODE_RESOLUTION.csv
ELIGA-INV-00045,expression nodes,crates/arcweft-core/src/awbc/admission.rs,operational origin rejection,missing,OperationalOriginForbidden before equality,P10,RUNTIME_EXPR_NODE_API.md + RUNTIME_PLAN_TYPE_KIND.csv + RUNTIME_EXPR_NODE_RESOLUTION.csv
ELIGA-INV-00046,dialogue,crates/arcweft-dialogue/src/character_dialogue/catalog_admission.rs,AdmittedCharacterDialogueCatalogs,borrow bridge only in parent design,owned Arc catalogs plus same generation Arc; borrowed bridge accessor retained,P11,ADMISSION_PAIR_DRIVER_API.md
ELIGA-INV-00047,View,crates/arcweft-view/src/lib.rs,ViewRegistry canonical digest,accepted current owner,retain exact digest API; no generation scalar or Character inference,P06/P11,ACCEPTED_WORLD_OWNER_MAP.csv
ELIGA-INV-00048,character,crates/arcweft-character/src/lib.rs,CharacterCatalog canonical digest,accepted current owner,retain exact digest API; admitted catalog wrapper compares generation declaration,P06/P11,ACCEPTED_WORLD_OWNER_MAP.csv
ELIGA-INV-00049,runtime driver,crates/arcweft-runtime-driver/src/generation_runtime.rs,RuntimeDriverGeneration,current driver uses raw program surfaces,own admitted pair + admitted catalogs; same-parent constructor,P11,DRIVER_OWNER_MAP.csv
ELIGA-INV-00050,runtime driver,crates/arcweft-runtime-driver/src/swap.rs,PreparedRuntimeGenerationSwap,current swap lacks final admitted generation cut,"validate candidate/migration without mutation; store exact cloned current AdmittedRuntimeGeneration; atomic commit uses require_same_parent, not scalar identity",P11,ADMISSION_PAIR_DRIVER_API.md
ELIGA-INV-00051,runtime driver,crates/arcweft-runtime-driver/src/session_save.rs,restore/replay,current raw AwbcProgram and string paths,generation-first load; fixed header identity before value decode; typed RuntimeValuePath,P12,RESTORE_ORDER.csv
ELIGA-INV-00052,VM,crates/arcweft-core/src/awbc/product_step.rs,AwbcProductStepExecutor,accepts raw AwbcProgram and verify-only publication,accept AdmittedAwbcProduct; same-parent state replacement; delete raw accessors,P11,ADMISSION_PAIR_DRIVER_API.md
ELIGA-INV-00053,VM,crates/arcweft-core/src/awbc/vm.rs,VM constructors,raw verified program may reach execution,only admitted product executor path from runtime-driver; delete raw success branch,P11,DRIVER_OWNER_MAP.csv
ELIGA-INV-00054,verifier,crates/arcweft-verify/src/lib.rs,plan/AWBC verifier entry,current verifier can inspect raw artifacts independently,split structural raw report from admitted generation/site checks; operational types explicit,P07/P10,ADMISSION_FLOW.csv
ELIGA-INV-00055,compiler,crates/arcweft-compiler/src/lib.rs,compile_project/runtime object output,no final admitted product return,orchestrate generation-first and return admitted compiled product to bundle/driver adapters,P06/P10,ADMISSION_FLOW.csv
ELIGA-INV-00056,AOT,crates/arcweft-aot/src/lib.rs,AOT input,current inventory may consume raw plan/AWBC,require AdmittedRuntimeProduct + generation declaration; never issue roots from generated object,P12,DRIVER_OWNER_MAP.csv
ELIGA-INV-00057,bundle,crates/arcweft-bundle/src/product_awbc/runtime_generation.rs,VerifiedRuntimeGenerationSections + generation fact section v1,missing independent restore authority section and non-forgeable section-set token,"verify through existing BundleView/ContainerError and external payload owner, require unique 23/24/1 schema-v1 set, own decoded buffers, then checked core fact projection before plan/AWBC decode",P12,ADMISSION_PAIR_DRIVER_API.md + RESTORE_ORDER.csv + BUNDLE_RUNTIME_GENERATION_SECTIONS.md
ELIGA-INV-00058,snapshot,crates/arcweft-save/src/lib.rs,snapshot/replay header and values,generation/value order not final,fixed v1 header identity first; nested values decoded only with product-issued context,P12,RESTORE_ORDER.csv
ELIGA-INV-00059,tests,crates/arcweft-runtime-plan/tests/ui,external lowerer construction,missing real cross-crate pass proof,trybuild pass for complete plan/AWBC builders,P01/P04,AUTHORITY_BOUNDARY_TESTS.csv
ELIGA-INV-00060,tests,crates/arcweft-core/tests/ui,private/bypass surfaces,missing final compile-fail suite,field/Default/wire/ID/admitted-wrapper/AudioValue compile failures,P01/P09,TEST_MATRIX.csv
ELIGA-INV-00061,tests,crates/arcweft-core/tests,opaque/audio/expression/admission,parent contradictions,run corrected atomic/effect-owned/complete-root/independent-generation rows,P08/P10,TEST_MATRIX.csv
ELIGA-INV-00062,tests,crates/arcweft-runtime-driver/tests,restore/hot-swap,missing generation-first matrix,cross-generation and pre-decode failure/atomic rollback rows,P11/P12,TEST_MATRIX.csv
ELIGA-INV-00063,documentation,docs/01-language + docs/schemas,maintained plan/AWBC/save schemas,not yet synchronized with final correction,update same phase as production shapes; all versions remain 1; no dual docs,P13,IMPLEMENTATION_ORDER.csv
ELIGA-INV-00064,documentation,docs/reviews/packages,parent invalid package,retained frozen evidence,retain parent; accept this child as superseding authority; no rewrite of frozen mirror,P14,PRECEDENCE.md
