path,bytes,physical_lines,code_lines,classification,is_rust,is_test,is_generated,has_embedded_tests
.github/workflows/wasm-browser.yml,5271,144,138,text,false,false,false,false
.github/workflows/zip-gap-platform-validation.yml,1955,65,51,text,false,false,false,false
AGENTS.md,13683,255,205,text,false,false,false,false
Cargo.toml,6522,188,183,text,false,false,false,false
crates/arcweft/Cargo.toml,642,24,21,text,false,false,false,false
crates/arcweft/src/lib.rs,721,41,27,production,true,false,false,false
crates/arcweft-adapter-context/Cargo.toml,473,21,18,text,false,false,false,false
crates/arcweft-adapter-context/src/codec.rs,10911,355,314,production,true,false,false,true
crates/arcweft-adapter-context/src/lib.rs,359,9,3,production,true,false,false,false
crates/arcweft-adapter-context/src/manifest.rs,23000,742,585,production,true,false,false,true
crates/arcweft-adapter-context/src/standard.rs,8938,249,214,production,true,false,false,true
crates/arcweft-adapter-desktop/Cargo.toml,727,23,20,text,false,false,false,false
crates/arcweft-adapter-desktop/src/adapter.rs,15253,432,404,production,true,false,false,false
crates/arcweft-adapter-desktop/src/codec.rs,10597,294,276,production,true,false,false,true
crates/arcweft-adapter-desktop/src/lib.rs,1850,32,25,production,true,false,false,false
crates/arcweft-adapter-desktop/src/manifest.rs,15153,420,388,production,true,false,false,true
crates/arcweft-adapter-desktop/tests/native_integration.rs,2110,54,50,test,true,true,false,false
crates/arcweft-adt/Cargo.toml,210,13,11,text,false,false,false,false
crates/arcweft-adt/src/lib.rs,37422,1486,1052,production,true,false,false,true
crates/arcweft-agent-mcp/Cargo.toml,349,15,13,text,false,false,false,false
crates/arcweft-agent-mcp/src/lib.rs,374,12,5,production,true,false,false,false
crates/arcweft-agent-mcp/src/model.rs,4480,131,102,production,true,false,false,false
crates/arcweft-agent-mcp/src/resources.rs,15973,407,364,production,true,false,false,false
crates/arcweft-agent-mcp/src/tests.rs,42601,1180,1126,test,true,true,false,false
crates/arcweft-agent-mcp/src/tools.rs,45397,792,762,production,true,false,false,false
crates/arcweft-agent-mcp/tests/descriptor_invariants.rs,2149,71,65,test,true,true,false,false
crates/arcweft-agent-mcp-client/Cargo.toml,509,18,16,text,false,false,false,false
crates/arcweft-agent-mcp-client/src/lib.rs,16408,509,457,production,true,false,false,true
crates/arcweft-agent-protocol/Cargo.toml,443,18,16,text,false,false,false,false
crates/arcweft-agent-protocol/src/action.rs,777,29,23,production,true,false,false,false
crates/arcweft-agent-protocol/src/artifact.rs,3957,121,91,production,true,false,false,false
crates/arcweft-agent-protocol/src/diagnostic.rs,758,24,20,production,true,false,false,false
crates/arcweft-agent-protocol/src/geometry.rs,1685,68,56,production,true,false,false,false
crates/arcweft-agent-protocol/src/hit_test.rs,1439,39,35,test,true,true,false,false
crates/arcweft-agent-protocol/src/ids.rs,2320,91,68,production,true,false,false,false
crates/arcweft-agent-protocol/src/image.rs,12606,345,305,production,true,false,false,false
crates/arcweft-agent-protocol/src/lib.rs,665,31,23,production,true,false,false,false
crates/arcweft-agent-protocol/src/object.rs,5026,128,116,production,true,false,false,false
crates/arcweft-agent-protocol/src/observation.rs,7330,191,170,production,true,false,false,false
crates/arcweft-agent-protocol/src/predicate.rs,4800,176,154,production,true,false,false,true
crates/arcweft-agent-protocol/src/presentation.rs,25264,698,649,production,true,false,false,true
crates/arcweft-agent-protocol/src/protocol.rs,9755,309,255,production,true,false,false,true
crates/arcweft-agent-protocol/src/proxy.rs,3483,90,79,production,true,false,false,false
crates/arcweft-agent-protocol/src/resource.rs,1450,53,43,production,true,false,false,false
crates/arcweft-agent-protocol/src/rich_text.rs,3926,111,99,production,true,false,false,false
crates/arcweft-agent-protocol/src/serde_helpers.rs,387,18,15,production,true,false,false,false
crates/arcweft-agent-protocol/src/session.rs,411,15,11,production,true,false,false,false
crates/arcweft-agent-protocol/src/tests.rs,32491,926,894,test,true,true,false,false
crates/arcweft-agent-protocol/src/trace.rs,920,33,29,production,true,false,false,false
crates/arcweft-agent-protocol/src/ui.rs,208,8,6,production,true,false,false,false
crates/arcweft-agent-protocol/src/value.rs,488,18,16,production,true,false,false,false
crates/arcweft-agent-protocol/src/verified_effects.rs,1325,39,28,production,true,false,false,false
crates/arcweft-agent-runner/Cargo.toml,578,22,19,text,false,false,false,false
crates/arcweft-agent-runner/src/assertion.rs,944,26,23,production,true,false,false,false
crates/arcweft-agent-runner/src/budget.rs,4902,146,138,production,true,false,false,false
crates/arcweft-agent-runner/src/config.rs,2161,80,67,production,true,false,false,false
crates/arcweft-agent-runner/src/effect_policy.rs,6158,154,128,production,true,false,false,false
crates/arcweft-agent-runner/src/error.rs,2614,63,60,production,true,false,false,false
crates/arcweft-agent-runner/src/host_request.rs,8006,195,191,production,true,false,false,false
crates/arcweft-agent-runner/src/label_parse.rs,19745,562,532,production,true,false,false,false
crates/arcweft-agent-runner/src/lib.rs,594,24,16,production,true,false,false,false
crates/arcweft-agent-runner/src/policy.rs,1517,53,45,production,true,false,false,false
crates/arcweft-agent-runner/src/predicate.rs,6576,163,153,production,true,false,false,false
crates/arcweft-agent-runner/src/runner.rs,23629,643,606,production,true,false,false,false
crates/arcweft-agent-runner/src/runtime_args.rs,8084,232,213,production,true,false,false,false
crates/arcweft-agent-runner/src/runtime_payload.rs,25161,666,640,production,true,false,false,false
crates/arcweft-agent-runner/src/runtime_value.rs,14332,360,336,production,true,false,false,false
crates/arcweft-agent-runner/src/session.rs,7013,208,172,production,true,false,false,false
crates/arcweft-agent-runner/src/tests.rs,75992,2103,1970,test,true,true,false,false
crates/arcweft-audio-codec/Cargo.toml,630,27,23,text,false,false,false,false
crates/arcweft-audio-codec/README.md,208,5,4,text,false,false,false,false
crates/arcweft-audio-codec/src/lib.rs,9488,255,235,production,true,false,false,false
crates/arcweft-audio-codec/tests/resample.rs,449,11,10,test,true,true,false,false
crates/arcweft-audio-core/Cargo.toml,390,22,18,text,false,false,false,false
crates/arcweft-audio-core/src/graph.rs,23264,659,631,production,true,false,false,false
crates/arcweft-audio-core/src/lib.rs,152,7,4,production,true,false,false,false
crates/arcweft-audio-core/src/prepared.rs,16270,521,493,production,true,false,false,false
crates/arcweft-audio-core/tests/graph.rs,1446,40,38,test,true,true,false,false
crates/arcweft-audio-device-cpal/Cargo.toml,1495,54,49,text,false,false,false,false
crates/arcweft-audio-device-cpal/src/lib.rs,659,19,12,production,true,false,false,false
crates/arcweft-audio-device-cpal/src/native_microphone.rs,5585,155,146,production,true,false,false,false
crates/arcweft-audio-device-cpal/src/output.rs,8380,230,215,production,true,false,false,false
crates/arcweft-audio-device-cpal/src/web_microphone.rs,7918,208,194,production,true,false,false,false
crates/arcweft-audio-mixer/Cargo.toml,376,19,16,text,false,false,false,false
crates/arcweft-audio-mixer/src/effect.rs,16378,486,458,production,true,false,false,false
crates/arcweft-audio-mixer/src/lib.rs,19312,592,560,production,true,false,false,false
crates/arcweft-audio-mixer/tests/mixer.rs,2666,75,73,test,true,true,false,false
crates/arcweft-browser-bench/Cargo.toml,962,32,27,text,false,false,false,false
crates/arcweft-browser-bench/src/bin/browser_bench_host.rs,7103,226,214,production,true,false,false,false
crates/arcweft-browser-bench/src/correctness.rs,1002,36,32,production,true,false,false,false
crates/arcweft-browser-bench/src/lib.rs,254,16,11,production,true,false,false,false
crates/arcweft-browser-bench/src/model.rs,9254,293,272,production,true,false,false,false
crates/arcweft-browser-bench/src/policy.rs,3554,86,82,production,true,false,false,false
crates/arcweft-browser-bench/src/recommend.rs,9515,259,251,production,true,false,false,false
crates/arcweft-browser-bench/src/runner/add_case.rs,23196,525,522,production,true,false,false,false
crates/arcweft-browser-bench/src/runner/browser.rs,632,20,17,production,true,false,false,false
crates/arcweft-browser-bench/src/runner/capture.rs,854,26,22,production,true,false,false,false
crates/arcweft-browser-bench/src/runner/case.rs,5452,171,162,production,true,false,false,false
crates/arcweft-browser-bench/src/runner/config.rs,316,9,8,production,true,false,false,false
crates/arcweft-browser-bench/src/runner/cpu.rs,916,27,23,production,true,false,false,false
crates/arcweft-browser-bench/src/runner/estimate.rs,1174,33,30,production,true,false,false,false
crates/arcweft-browser-bench/src/runner/matmul_case.rs,33448,781,778,production,true,false,false,false
crates/arcweft-browser-bench/src/runner/mode.rs,2828,82,75,production,true,false,false,false
crates/arcweft-browser-bench/src/runner/pipelined.rs,15501,420,412,production,true,false,false,false
crates/arcweft-browser-bench/src/runner/wasm.rs,4090,107,104,production,true,false,false,false
crates/arcweft-browser-bench/src/runner.rs,142,12,11,production,true,false,false,false
crates/arcweft-browser-bench/src/stability.rs,2038,58,57,production,true,false,false,false
crates/arcweft-browser-bench/src/stats.rs,206,7,7,production,true,false,false,false
crates/arcweft-browser-bench/src/tests.rs,13824,481,461,test,true,true,false,false
crates/arcweft-browser-bench/web/index.html,2104,94,85,text,false,false,false,false
crates/arcweft-browser-bench/web/run.js,5723,221,209,text,false,false,false,false
crates/arcweft-bundle/Cargo.toml,1271,43,39,text,false,false,false,false
crates/arcweft-bundle/src/lib.rs,48368,1363,1262,production,true,false,false,true
crates/arcweft-cli/Cargo.toml,2841,68,64,text,false,false,false,false
crates/arcweft-cli/src/app/agent/mcp_stdio.rs,28034,864,810,production,true,false,false,true
crates/arcweft-cli/src/app/agent/native/capture.rs,59347,1741,1670,production,true,false,false,false
crates/arcweft-cli/src/app/agent/native/image_mapping.rs,74078,2197,2099,production,true,false,false,false
crates/arcweft-cli/src/app/agent/native/mcp_debug.rs,24420,613,587,production,true,false,false,false
crates/arcweft-cli/src/app/agent/native/mcp_protocol.rs,48902,1235,1184,production,true,false,false,false
crates/arcweft-cli/src/app/agent/native/mcp_rag.rs,49235,1378,1329,production,true,false,false,false
crates/arcweft-cli/src/app/agent/native/mcp_resources.rs,44716,1221,1169,production,true,false,false,false
crates/arcweft-cli/src/app/agent/native/observe.rs,49088,1380,1310,production,true,false,false,false
crates/arcweft-cli/src/app/agent/native/observe_resources.rs,11791,339,324,production,true,false,false,false
crates/arcweft-cli/src/app/agent/native/repl.rs,77427,2401,2302,production,true,false,false,false
crates/arcweft-cli/src/app/agent/native/repl_project_binding.rs,2741,80,76,production,true,false,false,false
crates/arcweft-cli/src/app/agent/native/repl_snapshot.rs,5931,177,164,production,true,false,false,false
crates/arcweft-cli/src/app/agent/native/runtime_observation.rs,51045,1406,1347,production,true,false,false,false
crates/arcweft-cli/src/app/agent/native/tests.rs,128976,3731,3547,test,true,true,false,false
crates/arcweft-cli/src/app/agent/native.rs,13779,277,271,production,true,false,false,false
crates/arcweft-cli/src/app/agent/rag/source_index.rs,67130,1822,1752,production,true,false,false,false
crates/arcweft-cli/src/app/agent/rag.rs,48931,1353,1302,production,true,false,false,false
crates/arcweft-cli/src/app/agent/script.rs,65266,1884,1783,production,true,false,false,false
crates/arcweft-cli/src/app/agent.rs,23201,711,671,production,true,false,false,true
crates/arcweft-cli/src/app/bundle.rs,50458,1445,1360,production,true,false,false,true
crates/arcweft-cli/src/app/commands.rs,2951,106,98,production,true,false,false,false
crates/arcweft-cli/src/app/debug.rs,77792,2376,2260,production,true,false,false,true
crates/arcweft-cli/src/app/image_declarations.rs,6309,212,194,production,true,false,false,true
crates/arcweft-cli/src/app/jit.rs,54404,1540,1454,production,true,false,false,false
crates/arcweft-cli/src/app/local_embedding.rs,3520,104,92,production,true,false,false,false
crates/arcweft-cli/src/app/project.rs,15174,428,401,production,true,false,false,false
crates/arcweft-cli/src/app/remote_embedding.rs,10393,311,290,production,true,false,false,true
crates/arcweft-cli/src/app/runtime/bench.rs,5493,139,134,production,true,false,false,false
crates/arcweft-cli/src/app/runtime/cli.rs,3507,97,95,production,true,false,false,false
crates/arcweft-cli/src/app/runtime/entry.rs,4197,129,122,production,true,false,false,false
crates/arcweft-cli/src/app/runtime/executor.rs,4767,146,135,production,true,false,false,false
crates/arcweft-cli/src/app/runtime/expectations.rs,8074,266,245,production,true,false,false,false
crates/arcweft-cli/src/app/runtime/options.rs,12688,346,326,production,true,false,false,false
crates/arcweft-cli/src/app/runtime/parse.rs,6796,176,163,production,true,false,false,false
crates/arcweft-cli/src/app/runtime/plan.rs,1677,44,43,production,true,false,false,false
crates/arcweft-cli/src/app/runtime/profile.rs,7977,219,212,production,true,false,false,false
crates/arcweft-cli/src/app/runtime/profile_cmd.rs,4568,112,110,production,true,false,false,false
crates/arcweft-cli/src/app/runtime/reports.rs,1352,32,30,production,true,false,false,false
crates/arcweft-cli/src/app/runtime/run.rs,5683,152,149,production,true,false,false,false
crates/arcweft-cli/src/app/runtime/script_bench/mod.rs,4585,123,119,production,true,false,false,false
crates/arcweft-cli/src/app/runtime/script_bench/run.rs,17844,507,493,production,true,false,false,false
crates/arcweft-cli/src/app/runtime/script_bench/samples.rs,29626,632,603,production,true,false,false,false
crates/arcweft-cli/src/app/runtime/script_test.rs,6204,192,189,test,true,true,false,false
crates/arcweft-cli/src/app/runtime/serve.rs,6238,190,183,production,true,false,false,false
crates/arcweft-cli/src/app/runtime/steps.rs,4898,145,138,production,true,false,false,false
crates/arcweft-cli/src/app/runtime.rs,270,16,16,production,true,false,false,false
crates/arcweft-cli/src/app/shared.rs,482,16,14,production,true,false,false,false
crates/arcweft-cli/src/app/tooling.rs,5170,170,161,production,true,false,false,false
crates/arcweft-cli/src/app/verify.rs,16375,469,449,production,true,false,false,false
crates/arcweft-cli/src/app.rs,4143,99,92,production,true,false,false,false
crates/arcweft-cli/src/lib.rs,849,19,15,production,true,false,false,false
crates/arcweft-cli/src/main.rs,82,3,3,production,true,false,false,false
crates/arcweft-cli/src/output.rs,49948,1422,1325,production,true,false,false,false
crates/arcweft-cli/src/server_adapter.rs,13549,428,400,production,true,false,false,true
crates/arcweft-cli/src/toolchain_profile.rs,75712,2463,2356,production,true,false,false,true
crates/arcweft-cli/tests/arcw_fixtures_check_run.rs,3977,126,115,test,true,true,false,false
crates/arcweft-cli/tests/check/agent_observe_native/core.rs,60670,1650,1554,test,true,true,false,false
crates/arcweft-cli/tests/check/agent_observe_native/mcp_native_capture.rs,85000,2176,2104,test,true,true,false,false
crates/arcweft-cli/tests/check/agent_observe_native/native_samples_effects.rs,215478,5651,5285,test,true,true,false,false
crates/arcweft-cli/tests/check/agent_observe_native/native_vertical.rs,231491,6282,5838,test,true,true,false,false
crates/arcweft-cli/tests/check/agent_observe_native/published_jlreq_class_mix.rs,228636,6161,5760,test,true,true,false,false
crates/arcweft-cli/tests/check/agent_observe_native/published_jlreq_units.rs,147541,4181,3947,test,true,true,false,false
crates/arcweft-cli/tests/check/agent_observe_native/shared.rs,46112,1243,1171,test,true,true,false,false
crates/arcweft-cli/tests/check/agent_observe_native.rs,934,21,19,test,true,true,false,false
crates/arcweft-cli/tests/check/agent_script_debug.rs,201078,5250,5034,test,true,true,false,false
crates/arcweft-cli/tests/check/cli_runtime_bench.rs,263045,7945,7444,test,true,true,false,false
crates/arcweft-cli/tests/check/toolchain_jit.rs,41496,1552,1493,test,true,true,false,false
crates/arcweft-cli/tests/check.rs,27104,786,726,test,true,true,false,false
crates/arcweft-cli/tests/check_core_cli.rs,1343,43,37,test,true,true,false,false
crates/arcweft-cli/tests/regression_harness.rs,7483,259,238,generated,true,true,true,false
crates/arcweft-cli/tests/support/cli.rs,1330,59,51,test,true,true,false,false
crates/arcweft-cli/tests/support/json.rs,427,15,13,test,true,true,false,false
crates/arcweft-cli/tests/support/temp.rs,1271,49,44,test,true,true,false,false
crates/arcweft-cli/tests/support/workspace.rs,662,29,25,test,true,true,false,false
crates/arcweft-codec-arrow/Cargo.toml,374,16,14,text,false,false,false,false
crates/arcweft-codec-arrow/src/ipc_preflight.rs,12145,375,356,production,true,false,false,false
crates/arcweft-codec-arrow/src/lib.rs,27078,826,776,production,true,false,false,false
crates/arcweft-codec-arrow/src/parquet_preflight.rs,5831,186,166,production,true,false,false,false
crates/arcweft-codec-arrow/tests/shape_codec.rs,15273,469,426,test,true,true,false,false
crates/arcweft-codec-avro/Cargo.toml,333,15,13,text,false,false,false,false
crates/arcweft-codec-avro/src/avro_preflight.rs,13432,421,393,production,true,false,false,false
crates/arcweft-codec-avro/src/codec.rs,34194,932,893,production,true,false,false,false
crates/arcweft-codec-avro/src/enum_value.rs,13239,392,378,production,true,false,false,false
crates/arcweft-codec-avro/src/lib.rs,76,5,4,production,true,false,false,false
crates/arcweft-codec-avro/tests/shape_codec.rs,21733,688,651,test,true,true,false,false
crates/arcweft-codec-binary/Cargo.toml,589,20,17,text,false,false,false,false
crates/arcweft-codec-binary/src/lib.rs,12857,394,358,production,true,false,false,false
crates/arcweft-codec-binary/tests/strict_decode.rs,3594,127,108,test,true,true,false,false
crates/arcweft-codec-cbor/Cargo.toml,359,16,14,text,false,false,false,false
crates/arcweft-codec-cbor/src/lib.rs,9139,279,262,production,true,false,false,false
crates/arcweft-codec-cbor/tests/native_mapping.rs,4760,154,138,test,true,true,false,false
crates/arcweft-codec-csv/Cargo.toml,348,16,14,text,false,false,false,false
crates/arcweft-codec-csv/src/lib.rs,25562,744,709,production,true,false,false,false
crates/arcweft-codec-csv/tests/shape_codec.rs,9060,287,258,test,true,true,false,false
crates/arcweft-codec-json/Cargo.toml,350,16,14,text,false,false,false,false
crates/arcweft-codec-json/src/lib.rs,28776,808,758,production,true,false,false,false
crates/arcweft-codec-json/tests/shape_codec.rs,6670,227,206,test,true,true,false,false
crates/arcweft-codec-msgpack/Cargo.toml,324,15,13,text,false,false,false,false
crates/arcweft-codec-msgpack/src/lib.rs,10064,271,253,production,true,false,false,false
crates/arcweft-codec-msgpack/tests/native_mapping.rs,4760,147,131,test,true,true,false,false
crates/arcweft-codec-toml/Cargo.toml,356,16,14,text,false,false,false,false
crates/arcweft-codec-toml/src/lib.rs,26529,732,683,production,true,false,false,false
crates/arcweft-codec-toml/src/source_preflight.rs,12752,393,363,production,true,false,false,false
crates/arcweft-codec-toml/tests/shape_codec.rs,7622,257,231,test,true,true,false,false
crates/arcweft-codec-yaml/Cargo.toml,327,15,13,text,false,false,false,false
crates/arcweft-codec-yaml/src/lib.rs,25894,694,657,production,true,false,false,false
crates/arcweft-codec-yaml/src/source_preflight.rs,9506,283,260,production,true,false,false,false
crates/arcweft-codec-yaml/tests/shape_codec.rs,7357,243,217,test,true,true,false,false
crates/arcweft-compiler/Cargo.toml,829,30,25,text,false,false,false,false
crates/arcweft-compiler/src/agent.rs,10581,259,243,production,true,false,false,false
crates/arcweft-compiler/src/agent_effects.rs,1601,41,40,production,true,false,false,false
crates/arcweft-compiler/src/agent_project.rs,13224,333,311,production,true,false,false,false
crates/arcweft-compiler/src/effect_manifest.rs,2523,72,60,production,true,false,false,false
crates/arcweft-compiler/src/error.rs,2678,57,51,production,true,false,false,false
crates/arcweft-compiler/src/hir.rs,1824,49,39,production,true,false,false,false
crates/arcweft-compiler/src/lib.rs,257,15,12,production,true,false,false,false
crates/arcweft-compiler/src/lower.rs,4714,130,113,production,true,false,false,false
crates/arcweft-compiler/src/parse.rs,1375,39,29,production,true,false,false,false
crates/arcweft-compiler/src/source.rs,1641,38,33,production,true,false,false,false
crates/arcweft-compiler/src/tests.rs,54856,1907,1762,test,true,true,false,false
crates/arcweft-compiler/src/types.rs,2533,72,58,production,true,false,false,false
crates/arcweft-config/Cargo.toml,283,13,11,text,false,false,false,false
crates/arcweft-config/src/lib.rs,14598,464,435,production,true,false,false,false
crates/arcweft-config/tests/shape_merge.rs,6116,211,194,test,true,true,false,false
crates/arcweft-core/Cargo.toml,592,30,26,text,false,false,false,false
crates/arcweft-core/src/aot.rs,11315,355,323,production,true,false,false,false
crates/arcweft-core/src/audio.rs,2918,98,94,production,true,false,false,false
crates/arcweft-core/src/bytecode.rs,4597,151,129,production,true,false,false,false
crates/arcweft-core/src/effect.rs,4090,157,125,production,true,false,false,false
crates/arcweft-core/src/engine/aot.rs,7071,173,166,production,true,false,false,false
crates/arcweft-core/src/engine/audio.rs,14993,349,332,production,true,false,false,false
crates/arcweft-core/src/engine/eval/calls.rs,86959,2417,2348,production,true,false,false,false
crates/arcweft-core/src/engine/eval.rs,52962,1419,1353,production,true,false,false,false
crates/arcweft-core/src/engine/flow.rs,27843,755,731,production,true,false,false,false
crates/arcweft-core/src/engine/line.rs,3130,88,81,production,true,false,false,false
crates/arcweft-core/src/engine/source.rs,6748,186,177,production,true,false,false,false
crates/arcweft-core/src/engine/stream.rs,11266,321,309,production,true,false,false,false
crates/arcweft-core/src/engine/suspend.rs,30983,782,746,production,true,false,false,false
crates/arcweft-core/src/engine.rs,26996,785,721,production,true,false,false,false
crates/arcweft-core/src/executor.rs,7769,283,236,production,true,false,false,false
crates/arcweft-core/src/lib.rs,330,21,20,production,true,false,false,false
crates/arcweft-core/src/line_task.rs,10421,330,268,production,true,false,false,false
crates/arcweft-core/src/math.rs,9363,350,297,production,true,false,false,true
crates/arcweft-core/src/observation.rs,2364,67,62,production,true,false,false,true
crates/arcweft-core/src/pattern.rs,10388,325,311,production,true,false,false,false
crates/arcweft-core/src/plan.rs,10566,418,367,production,true,false,false,false
crates/arcweft-core/src/pure/aot.rs,32688,940,880,production,true,false,false,false
crates/arcweft-core/src/pure/runtime_backend.rs,37163,1057,1004,production,true,false,false,false
crates/arcweft-core/src/pure.rs,67207,1855,1689,production,true,false,false,false
crates/arcweft-core/src/source.rs,7169,261,233,production,true,false,false,false
crates/arcweft-core/src/step.rs,12216,365,314,production,true,false,false,false
crates/arcweft-core/src/stream.rs,2848,107,86,production,true,false,false,false
crates/arcweft-core/src/task.rs,14811,503,442,production,true,false,false,false
crates/arcweft-core/src/tests/executor.rs,9919,270,247,test,true,true,false,false
crates/arcweft-core/src/tests/flow.rs,77146,2170,2049,test,true,true,false,false
crates/arcweft-core/src/tests/line_task.rs,3924,119,111,test,true,true,false,false
crates/arcweft-core/src/tests/observation.rs,1639,50,47,test,true,true,false,false
crates/arcweft-core/src/tests/pure.rs,37829,1052,959,test,true,true,false,false
crates/arcweft-core/src/tests/source.rs,5660,185,172,test,true,true,false,false
crates/arcweft-core/src/tests/step.rs,5687,176,160,test,true,true,false,false
crates/arcweft-core/src/tests/step_stats_delta.rs,1335,45,42,test,true,true,false,false
crates/arcweft-core/src/tests/stream.rs,2759,84,81,test,true,true,false,false
crates/arcweft-core/src/tests/task.rs,5275,157,149,test,true,true,false,false
crates/arcweft-core/src/tests/value.rs,28078,782,710,test,true,true,false,false
crates/arcweft-core/src/tests.rs,1284,46,42,test,true,true,false,false
crates/arcweft-core/src/time.rs,1044,49,40,production,true,false,false,false
crates/arcweft-core/src/value/env.rs,12551,412,375,production,true,false,false,false
crates/arcweft-core/src/value/sequence_impls.rs,51830,1553,1357,production,true,false,false,false
crates/arcweft-core/src/value.rs,83039,2483,2239,production,true,false,false,false
crates/arcweft-data/Cargo.toml,423,20,16,text,false,false,false,false
crates/arcweft-data/src/codec.rs,10409,368,321,production,true,false,false,false
crates/arcweft-data/src/decode.rs,6311,190,174,production,true,false,false,false
crates/arcweft-data/src/encode.rs,4877,220,189,production,true,false,false,false
crates/arcweft-data/src/error.rs,4983,195,163,production,true,false,false,false
crates/arcweft-data/src/lib.rs,1123,36,27,production,true,false,false,false
crates/arcweft-data/src/limits.rs,7013,216,198,production,true,false,false,false
crates/arcweft-data/src/raw.rs,29492,811,781,production,true,false,false,false
crates/arcweft-data/src/shape.rs,9812,385,347,production,true,false,false,false
crates/arcweft-data/src/value.rs,3640,148,127,production,true,false,false,false
crates/arcweft-data/tests/codec_registry.rs,3871,147,126,test,true,true,false,false
crates/arcweft-data/tests/derive/fail/content_without_tag.rs,127,9,7,test,true,true,false,false
crates/arcweft-data/tests/derive/fail/duplicate_wire_name.rs,191,11,9,test,true,true,false,false
crates/arcweft-data/tests/derive/fail/internal_newtype_variant_policy.rs,129,9,7,test,true,true,false,false
crates/arcweft-data/tests/derive/fail/invalid_bytes.rs,147,9,7,test,true,true,false,false
crates/arcweft-data/tests/derive/fail/invalid_rename_all.rs,148,9,7,test,true,true,false,false
crates/arcweft-data/tests/derive/fail/multi_tuple_variant_policy.rs,106,8,6,test,true,true,false,false
crates/arcweft-data/tests/derive/fail/repr_discriminant_expression.rs,159,11,8,test,true,true,false,false
crates/arcweft-data/tests/derive/fail/repr_discriminant_range.rs,130,9,7,test,true,true,false,false
crates/arcweft-data/tests/derive/fail/repr_on_struct.rs,133,9,7,test,true,true,false,false
crates/arcweft-data/tests/derive/fail/tuple_struct_policy.rs,90,6,4,test,true,true,false,false
crates/arcweft-data/tests/derive/fail/unit_struct_policy.rs,87,6,4,test,true,true,false,false
crates/arcweft-data/tests/derive/fail/unknown_field_attr.rs,133,9,7,test,true,true,false,false
crates/arcweft-data/tests/derive/pass/bare_bytes.rs,354,14,12,test,true,true,false,false
crates/arcweft-data/tests/derive/pass/default_factory.rs,352,16,13,test,true,true,false,false
crates/arcweft-data/tests/derive/pass/generic_bounds.rs,1117,45,38,test,true,true,false,false
crates/arcweft-data/tests/derive_attrs.rs,6470,210,185,test,true,true,false,false
crates/arcweft-data/tests/derive_trybuild.rs,202,8,7,test,true,true,false,false
crates/arcweft-data/tests/raw_shape.rs,7576,247,226,test,true,true,false,false
crates/arcweft-data-derive/Cargo.toml,370,18,15,text,false,false,false,false
crates/arcweft-data-derive/src/attrs.rs,16397,517,473,production,true,false,false,false
crates/arcweft-data-derive/src/expand.rs,42247,1103,1070,production,true,false,false,false
crates/arcweft-data-derive/src/lib.rs,741,24,18,production,true,false,false,false
crates/arcweft-data-derive/src/rename.rs,2702,85,80,production,true,false,false,false
crates/arcweft-debug-model/Cargo.toml,337,16,14,text,false,false,false,false
crates/arcweft-debug-model/src/chunk.rs,3275,117,101,production,true,false,false,false
crates/arcweft-debug-model/src/diagnostic.rs,760,22,20,production,true,false,false,false
crates/arcweft-debug-model/src/embedding.rs,7250,235,205,production,true,false,false,true
crates/arcweft-debug-model/src/event.rs,1644,56,51,production,true,false,false,false
crates/arcweft-debug-model/src/graph.rs,1122,32,28,production,true,false,false,false
crates/arcweft-debug-model/src/history.rs,686,19,17,production,true,false,false,false
crates/arcweft-debug-model/src/lib.rs,262,15,13,production,true,false,false,false
crates/arcweft-debug-model/src/rag.rs,1983,69,57,production,true,false,false,false
crates/arcweft-debug-model/src/repl.rs,662,19,17,production,true,false,false,false
crates/arcweft-debug-model/src/script.rs,1894,60,52,production,true,false,false,false
crates/arcweft-debug-model/src/session.rs,1370,47,41,production,true,false,false,false
crates/arcweft-debug-model/src/sink.rs,690,26,17,production,true,false,false,false
crates/arcweft-debug-model/src/source.rs,472,14,12,production,true,false,false,false
crates/arcweft-debug-model/src/test_result.rs,601,18,16,production,true,false,false,false
crates/arcweft-debug-sqlite/Cargo.toml,441,18,16,text,false,false,false,false
crates/arcweft-debug-sqlite/src/encoding.rs,1012,36,28,production,true,false,false,true
crates/arcweft-debug-sqlite/src/lib.rs,109,4,2,production,true,false,false,false
crates/arcweft-debug-sqlite/src/store/artifacts.rs,21359,530,521,production,true,false,false,false
crates/arcweft-debug-sqlite/src/store/chunks.rs,10052,234,224,production,true,false,false,false
crates/arcweft-debug-sqlite/src/store/convert.rs,10558,309,291,production,true,false,false,false
crates/arcweft-debug-sqlite/src/store/embeddings.rs,4168,90,85,production,true,false,false,false
crates/arcweft-debug-sqlite/src/store/graph.rs,12877,321,311,production,true,false,false,false
crates/arcweft-debug-sqlite/src/store/helpers.rs,2612,74,67,production,true,false,false,false
crates/arcweft-debug-sqlite/src/store/internal.rs,6331,172,160,production,true,false,false,false
crates/arcweft-debug-sqlite/src/store/maintenance.rs,7873,205,191,production,true,false,false,false
crates/arcweft-debug-sqlite/src/store/programs.rs,3026,77,73,production,true,false,false,false
crates/arcweft-debug-sqlite/src/store/rag.rs,7101,217,204,production,true,false,false,false
crates/arcweft-debug-sqlite/src/store/raw.rs,2666,84,79,production,true,false,false,false
crates/arcweft-debug-sqlite/src/store/schema.rs,87,1,1,production,true,false,false,false
crates/arcweft-debug-sqlite/src/store/search.rs,7697,257,244,production,true,false,false,false
crates/arcweft-debug-sqlite/src/store/sessions.rs,11912,311,298,production,true,false,false,false
crates/arcweft-debug-sqlite/src/store/sink.rs,1261,33,30,production,true,false,false,false
crates/arcweft-debug-sqlite/src/store/tests.rs,47813,1314,1244,test,true,true,false,false
crates/arcweft-debug-sqlite/src/store/timeline.rs,11415,282,275,production,true,false,false,false
crates/arcweft-debug-sqlite/src/store.rs,5377,184,156,production,true,false,false,false
crates/arcweft-desktop-contract/Cargo.toml,310,17,14,text,false,false,false,false
crates/arcweft-desktop-contract/src/error.rs,2114,57,53,production,true,false,false,false
crates/arcweft-desktop-contract/src/files.rs,8195,322,279,production,true,false,false,true
crates/arcweft-desktop-contract/src/geometry.rs,6944,214,179,production,true,false,false,true
crates/arcweft-desktop-contract/src/lib.rs,1371,37,30,production,true,false,false,false
crates/arcweft-desktop-contract/src/platform.rs,4060,136,119,production,true,false,false,false
crates/arcweft-desktop-contract/src/pointer.rs,1977,83,76,production,true,false,false,false
crates/arcweft-desktop-contract/src/request.rs,2407,56,53,production,true,false,false,false
crates/arcweft-desktop-contract/src/window.rs,4645,176,155,production,true,false,false,true
crates/arcweft-desktop-host/Cargo.toml,276,13,11,text,false,false,false,false
crates/arcweft-desktop-host/src/backend.rs,1257,40,27,production,true,false,false,false
crates/arcweft-desktop-host/src/dispatcher.rs,6798,218,181,production,true,false,false,false
crates/arcweft-desktop-host/src/lib.rs,478,12,6,production,true,false,false,false
crates/arcweft-desktop-host/src/memory.rs,27391,768,726,production,true,false,false,true
crates/arcweft-desktop-host/tests/dispatch.rs,1400,39,37,test,true,true,false,false
crates/arcweft-desktop-native/Cargo.toml,747,26,23,text,false,false,false,false
crates/arcweft-desktop-native/src/backend.rs,11571,320,284,production,true,false,false,true
crates/arcweft-desktop-native/src/capabilities.rs,12921,334,317,production,true,false,false,false
crates/arcweft-desktop-native/src/config.rs,1282,48,40,production,true,false,false,false
crates/arcweft-desktop-native/src/driver.rs,1192,33,20,production,true,false,false,false
crates/arcweft-desktop-native/src/external.rs,5061,144,136,production,true,false,false,false
crates/arcweft-desktop-native/src/files.rs,13266,334,319,production,true,false,false,false
crates/arcweft-desktop-native/src/grant_store.rs,22368,648,584,production,true,false,false,true
crates/arcweft-desktop-native/src/lib.rs,736,21,14,production,true,false,false,false
crates/arcweft-desktop-native/src/platform.rs,1509,45,35,production,true,false,false,false
crates/arcweft-desktop-native/src/pointer.rs,3101,82,77,production,true,false,false,false
crates/arcweft-dialogue/Cargo.toml,388,19,16,text,false,false,false,false
crates/arcweft-dialogue/src/lib.rs,20751,832,716,production,true,false,false,false
crates/arcweft-dialogue/src/tests/builder.rs,3135,89,83,test,true,true,false,false
crates/arcweft-dialogue/src/tests/mod.rs,26,2,2,test,true,true,false,false
crates/arcweft-dialogue/src/tests/model.rs,2895,88,81,test,true,true,false,false
crates/arcweft-glyphon/Cargo.toml,436,20,16,text,false,false,false,false
crates/arcweft-glyphon/src/lib.rs,44663,1240,1103,production,true,false,false,true
crates/arcweft-host-adapter/Cargo.toml,345,15,13,text,false,false,false,false
crates/arcweft-host-adapter/src/lib.rs,19955,583,470,production,true,false,false,true
crates/arcweft-http-codec/Cargo.toml,321,14,12,text,false,false,false,false
crates/arcweft-http-codec/src/lib.rs,9407,312,287,production,true,false,false,false
crates/arcweft-http-codec/tests/negotiation.rs,5525,212,183,test,true,true,false,false
crates/arcweft-id/Cargo.toml,252,16,13,text,false,false,false,false
crates/arcweft-id/src/lib.rs,4228,170,137,production,true,false,false,true
crates/arcweft-image/Cargo.toml,378,21,17,text,false,false,false,false
crates/arcweft-image/src/lib.rs,15737,508,443,production,true,false,false,true
crates/arcweft-interaction-model/Cargo.toml,327,18,15,text,false,false,false,false
crates/arcweft-interaction-model/MIGRATION.md,952,34,22,text,false,false,false,false
crates/arcweft-interaction-model/src/action.rs,2269,98,80,production,true,false,false,false
crates/arcweft-interaction-model/src/audio.rs,27630,911,808,production,true,false,false,false
crates/arcweft-interaction-model/src/id.rs,2108,82,61,production,true,false,false,true
crates/arcweft-interaction-model/src/input.rs,4152,174,139,production,true,false,false,false
crates/arcweft-interaction-model/src/lib.rs,389,11,5,production,true,false,false,false
crates/arcweft-interaction-model/src/payload.rs,956,35,32,production,true,false,false,false
crates/arcweft-interaction-model/tests/model.rs,1985,59,52,test,true,true,false,false
crates/arcweft-lang-hir/Cargo.toml,316,17,14,text,false,false,false,false
crates/arcweft-lang-hir/src/id_context.rs,25770,803,714,production,true,false,false,true
crates/arcweft-lang-hir/src/lib.rs,699,20,11,production,true,false,false,false
crates/arcweft-lang-hir/src/lower.rs,9138,286,265,production,true,false,false,true
crates/arcweft-lang-hir/src/lower_choice.rs,1567,48,47,production,true,false,false,false
crates/arcweft-lang-hir/src/lower_context.rs,529,19,16,production,true,false,false,false
crates/arcweft-lang-hir/src/lower_dialogue.rs,3406,83,81,production,true,false,false,false
crates/arcweft-lang-hir/src/lower_flow.rs,11526,335,318,production,true,false,false,false
crates/arcweft-lang-hir/src/lower_ids.rs,12861,367,337,generated,true,false,true,false
crates/arcweft-lang-hir/src/model.rs,19217,840,674,production,true,false,false,false
crates/arcweft-lang-jit-cranelift/Cargo.toml,347,16,14,text,false,false,false,false
crates/arcweft-lang-jit-cranelift/src/batch.rs,56269,1563,1417,production,true,false,false,false
crates/arcweft-lang-jit-cranelift/src/compiled.rs,26452,748,639,production,true,false,false,false
crates/arcweft-lang-jit-cranelift/src/lib.rs,76494,2153,1805,production,true,false,false,false
crates/arcweft-lang-jit-cranelift/src/lower.rs,58194,1438,1369,production,true,false,false,false
crates/arcweft-lang-jit-cranelift/src/native_call.rs,45071,1151,909,production,true,false,false,false
crates/arcweft-lang-jit-cranelift/src/tests.rs,67974,1868,1713,test,true,true,false,false
crates/arcweft-lang-sema/Cargo.toml,457,20,17,text,false,false,false,false
crates/arcweft-lang-sema/src/borrow.rs,1934,65,55,production,true,false,false,false
crates/arcweft-lang-sema/src/check.rs,468,13,8,production,true,false,false,false
crates/arcweft-lang-sema/src/checker/borrow_state.rs,7838,212,193,production,true,false,false,false
crates/arcweft-lang-sema/src/checker/choice.rs,7262,181,173,production,true,false,false,false
crates/arcweft-lang-sema/src/checker/effects.rs,3454,99,88,production,true,false,false,false
crates/arcweft-lang-sema/src/checker/expr/agent.rs,48917,1285,1237,production,true,false,false,false
crates/arcweft-lang-sema/src/checker/expr.rs,93708,2427,2315,production,true,false,false,false
crates/arcweft-lang-sema/src/checker/flow.rs,8194,208,197,production,true,false,false,false
crates/arcweft-lang-sema/src/checker/helpers.rs,36998,1034,974,production,true,false,false,false
crates/arcweft-lang-sema/src/checker/lifetime_access.rs,4095,112,104,production,true,false,false,false
crates/arcweft-lang-sema/src/checker/line_plan.rs,23350,666,631,production,true,false,false,false
crates/arcweft-lang-sema/src/checker/module.rs,48032,1262,1199,production,true,false,false,false
crates/arcweft-lang-sema/src/checker/presentation.rs,17301,434,415,production,true,false,false,false
crates/arcweft-lang-sema/src/checker/source.rs,4751,124,119,production,true,false,false,false
crates/arcweft-lang-sema/src/checker/stmt.rs,19379,503,481,production,true,false,false,false
crates/arcweft-lang-sema/src/checker/suspension.rs,10508,254,236,production,true,false,false,false
crates/arcweft-lang-sema/src/checker.rs,21297,626,552,production,true,false,false,false
crates/arcweft-lang-sema/src/diagnostics.rs,8110,245,200,production,true,false,false,false
crates/arcweft-lang-sema/src/effect_analysis.rs,14909,440,404,production,true,false,false,false
crates/arcweft-lang-sema/src/effect_catalog.rs,4939,165,144,production,true,false,false,true
crates/arcweft-lang-sema/src/effect_collector.rs,3721,114,93,production,true,false,false,false
crates/arcweft-lang-sema/src/effect_contract.rs,5703,158,141,production,true,false,false,false
crates/arcweft-lang-sema/src/effect_diagnostics.rs,3678,160,137,production,true,false,false,false
crates/arcweft-lang-sema/src/effect_model.rs,8296,359,287,production,true,false,false,false
crates/arcweft-lang-sema/src/effect_row.rs,5200,190,154,production,true,false,false,true
crates/arcweft-lang-sema/src/effects.rs,10650,356,304,production,true,false,false,true
crates/arcweft-lang-sema/src/env.rs,25712,808,653,production,true,false,false,true
crates/arcweft-lang-sema/src/fact_layer.rs,12013,381,338,production,true,false,false,false
crates/arcweft-lang-sema/src/lib.rs,658,29,22,production,true,false,false,false
crates/arcweft-lang-sema/src/lifetime.rs,3587,97,90,production,true,false,false,false
crates/arcweft-lang-sema/src/project_index/agent_prelude.rs,17248,494,482,production,true,false,false,false
crates/arcweft-lang-sema/src/project_index/entities.rs,32586,891,855,production,true,false,false,false
crates/arcweft-lang-sema/src/project_index/flow_control.rs,16061,456,439,production,true,false,false,false
crates/arcweft-lang-sema/src/project_index/relations.rs,41680,1121,1083,production,true,false,false,false
crates/arcweft-lang-sema/src/project_index/tests.rs,11417,360,331,generated,true,true,true,false
crates/arcweft-lang-sema/src/project_index.rs,28709,1033,856,production,true,false,false,false
crates/arcweft-lang-sema/src/resolve.rs,9152,277,253,production,true,false,false,false
crates/arcweft-lang-sema/src/semantic/facts.rs,5344,178,152,production,true,false,false,false
crates/arcweft-lang-sema/src/semantic/traversal.rs,29097,810,784,production,true,false,false,false
crates/arcweft-lang-sema/src/semantic.rs,74925,1993,1865,production,true,false,false,false
crates/arcweft-lang-sema/src/symbols.rs,34975,1037,994,production,true,false,false,false
crates/arcweft-lang-sema/src/tests/arcw_contract_fixtures.rs,1884,53,47,test,true,true,false,false
crates/arcweft-lang-sema/src/tests/await_.rs,19739,661,617,test,true,true,false,false
crates/arcweft-lang-sema/src/tests/choice.rs,19042,644,594,test,true,true,false,false
crates/arcweft-lang-sema/src/tests/compile_gap_regressions.rs,2256,85,79,test,true,true,false,false
crates/arcweft-lang-sema/src/tests/contracts.rs,4787,164,156,test,true,true,false,false
crates/arcweft-lang-sema/src/tests/control_flow.rs,40852,1400,1292,test,true,true,false,false
crates/arcweft-lang-sema/src/tests/declarations.rs,40824,1346,1227,test,true,true,false,false
crates/arcweft-lang-sema/src/tests/diagnostics.rs,430,15,13,test,true,true,false,false
crates/arcweft-lang-sema/src/tests/dialogue.rs,21037,661,603,test,true,true,false,false
crates/arcweft-lang-sema/src/tests/expressions.rs,5656,150,129,test,true,true,false,false
crates/arcweft-lang-sema/src/tests/line_plan.rs,29080,993,939,test,true,true,false,false
crates/arcweft-lang-sema/src/tests/lower_hir.rs,2103,69,65,test,true,true,false,false
crates/arcweft-lang-sema/src/tests/mod.rs,325,20,19,test,true,true,false,false
crates/arcweft-lang-sema/src/tests/parser_basics.rs,11380,448,407,test,true,true,false,false
crates/arcweft-lang-sema/src/tests/patterns.rs,3586,138,131,test,true,true,false,false
crates/arcweft-lang-sema/src/tests/resolve_symbols.rs,2224,79,72,test,true,true,false,false
crates/arcweft-lang-sema/src/tests/script_tests.rs,2346,99,88,test,true,true,false,false
crates/arcweft-lang-sema/src/tests/semantic.rs,16350,556,505,test,true,true,false,false
crates/arcweft-lang-sema/src/tests/support.rs,3412,94,89,test,true,true,false,false
crates/arcweft-lang-sema/src/tests/typecheck.rs,53579,1754,1639,test,true,true,false,false
crates/arcweft-lang-sema/src/types.rs,5648,260,241,production,true,false,false,false
crates/arcweft-lang-syntax/Cargo.toml,356,19,16,text,false,false,false,false
crates/arcweft-lang-syntax/src/ast/choice.rs,7886,353,295,production,true,false,false,false
crates/arcweft-lang-syntax/src/ast/common.rs,2632,130,97,production,true,false,false,false
crates/arcweft-lang-syntax/src/ast/dialogue.rs,11637,506,418,production,true,false,false,false
crates/arcweft-lang-syntax/src/ast/flow.rs,20584,932,763,production,true,false,false,false
crates/arcweft-lang-syntax/src/ast/ids.rs,6114,246,200,production,true,false,false,false
crates/arcweft-lang-syntax/src/ast/items.rs,39478,1707,1402,production,true,false,false,false
crates/arcweft-lang-syntax/src/ast/line_plan.rs,5074,188,155,production,true,false,false,false
crates/arcweft-lang-syntax/src/ast/pattern.rs,1506,72,62,production,true,false,false,false
crates/arcweft-lang-syntax/src/ast/proof.rs,3568,181,150,production,true,false,false,false
crates/arcweft-lang-syntax/src/ast/source.rs,4609,189,153,production,true,false,false,false
crates/arcweft-lang-syntax/src/ast.rs,159,10,10,production,true,false,false,false
crates/arcweft-lang-syntax/src/cst/classify.rs,16244,484,433,production,true,false,false,false
crates/arcweft-lang-syntax/src/cst/entity_ref.rs,5451,157,136,production,true,false,false,false
crates/arcweft-lang-syntax/src/cst/lexer.rs,5119,206,174,production,true,false,false,false
crates/arcweft-lang-syntax/src/cst/line.rs,27033,795,716,production,true,false,false,false
crates/arcweft-lang-syntax/src/cst/punctuation.rs,17835,571,495,production,true,false,false,false
crates/arcweft-lang-syntax/src/cst/text.rs,4430,115,86,production,true,false,false,false
crates/arcweft-lang-syntax/src/cst.rs,11724,419,315,production,true,false,false,false
crates/arcweft-lang-syntax/src/expr.rs,56215,1795,1653,production,true,false,false,false
crates/arcweft-lang-syntax/src/lib.rs,406,18,11,production,true,false,false,false
crates/arcweft-lang-syntax/src/lint.rs,18323,627,567,production,true,false,false,true
crates/arcweft-lang-syntax/src/parser/await_.rs,19056,545,498,production,true,false,false,false
crates/arcweft-lang-syntax/src/parser/choice.rs,17968,477,453,production,true,false,false,false
crates/arcweft-lang-syntax/src/parser/control_flow.rs,32044,855,813,production,true,false,false,false
crates/arcweft-lang-syntax/src/parser/dialogue.rs,24984,636,609,production,true,false,false,false
crates/arcweft-lang-syntax/src/parser/flow.rs,28771,704,669,production,true,false,false,false
crates/arcweft-lang-syntax/src/parser/fragment.rs,11094,367,322,production,true,false,false,true
crates/arcweft-lang-syntax/src/parser/headers.rs,31503,945,893,production,true,false,false,false
crates/arcweft-lang-syntax/src/parser/helpers.rs,30123,897,817,production,true,false,false,true
crates/arcweft-lang-syntax/src/parser/hooks.rs,6162,149,144,production,true,false,false,false
crates/arcweft-lang-syntax/src/parser/items.rs,39091,1100,1047,production,true,false,false,false
crates/arcweft-lang-syntax/src/parser/line_plan.rs,18680,570,543,production,true,false,false,false
crates/arcweft-lang-syntax/src/parser/proof.rs,8783,255,244,production,true,false,false,false
crates/arcweft-lang-syntax/src/parser/recovery.rs,2008,87,66,production,true,false,false,false
crates/arcweft-lang-syntax/src/parser/source.rs,11501,297,277,production,true,false,false,false
crates/arcweft-lang-syntax/src/parser/statements.rs,15623,464,435,production,true,false,false,false
crates/arcweft-lang-syntax/src/parser/top_level.rs,10249,244,236,production,true,false,false,false
crates/arcweft-lang-syntax/src/parser.rs,18858,544,492,production,true,false,false,false
crates/arcweft-lang-syntax/src/pattern.rs,7597,241,225,production,true,false,false,false
crates/arcweft-lang-syntax/src/source.rs,4869,167,113,production,true,false,false,false
crates/arcweft-lang-syntax/src/tests/cst.rs,19090,568,512,test,true,true,false,false
crates/arcweft-lang-syntax/src/tests/mod.rs,10,1,1,test,true,true,false,false
crates/arcweft-lang-syntax/src/text.rs,18665,545,490,production,true,false,false,false
crates/arcweft-lang-syntax/src/types.rs,17471,556,481,production,true,false,false,false
crates/arcweft-lang-syntax/tests/parser_p0.rs,11407,394,358,generated,true,true,true,false
crates/arcweft-lang-syntax/tests/parser_p1.rs,9789,316,292,test,true,true,false,false
crates/arcweft-lang-syntax/tests/ui_interaction_samples.rs,1536,50,48,test,true,true,false,false
crates/arcweft-launch/Cargo.toml,303,15,13,text,false,false,false,false
crates/arcweft-launch/src/lib.rs,12137,400,324,production,true,false,false,true
crates/arcweft-lsp/Cargo.toml,1326,44,39,text,false,false,false,false
crates/arcweft-lsp/src/commands.rs,1585,49,42,production,true,false,false,false
crates/arcweft-lsp/src/config.rs,1213,44,33,production,true,false,false,false
crates/arcweft-lsp/src/custom.rs,1181,34,31,production,true,false,false,false
crates/arcweft-lsp/src/diagnostics.rs,18654,504,461,production,true,false,false,true
crates/arcweft-lsp/src/documents.rs,4449,144,115,production,true,false,false,true
crates/arcweft-lsp/src/features/actions.rs,50937,1586,1472,production,true,false,false,true
crates/arcweft-lsp/src/features/cascade.rs,31951,883,830,production,true,false,false,false
crates/arcweft-lsp/src/features/completion.rs,1619,44,40,production,true,false,false,false
crates/arcweft-lsp/src/features/definition.rs,2320,63,58,production,true,false,false,false
crates/arcweft-lsp/src/features/hover.rs,11813,356,329,production,true,false,false,true
crates/arcweft-lsp/src/features/inlay.rs,342,8,6,production,true,false,false,false
crates/arcweft-lsp/src/features/references.rs,2355,68,64,production,true,false,false,false
crates/arcweft-lsp/src/features/rename.rs,162,4,0,production,true,false,false,false
crates/arcweft-lsp/src/features/semantic_tokens.rs,157,4,0,production,true,false,false,false
crates/arcweft-lsp/src/features/signature.rs,521,15,13,production,true,false,false,false
crates/arcweft-lsp/src/features.rs,250,12,10,production,true,false,false,false
crates/arcweft-lsp/src/lib.rs,508,19,13,production,true,false,false,false
crates/arcweft-lsp/src/main.rs,252,9,8,production,true,false,false,false
crates/arcweft-lsp/src/positions.rs,5719,176,143,production,true,false,false,true
crates/arcweft-lsp/src/profiles.rs,31656,945,821,production,true,false,false,true
crates/arcweft-lsp/src/server.rs,3157,89,76,production,true,false,false,false
crates/arcweft-lsp/src/session/tests.rs,71390,2089,1913,test,true,true,false,false
crates/arcweft-lsp/src/session.rs,19277,462,430,production,true,false,false,false
crates/arcweft-memory/Cargo.toml,213,13,11,text,false,false,false,false
crates/arcweft-memory/src/lib.rs,4980,200,135,production,true,false,false,true
crates/arcweft-need/Cargo.toml,254,16,13,text,false,false,false,false
crates/arcweft-need/src/lib.rs,2647,102,86,production,true,false,false,true
crates/arcweft-player-native/Cargo.toml,1499,45,39,text,false,false,false,false
crates/arcweft-player-native/src/lib.rs,17169,492,449,production,true,false,false,true
crates/arcweft-player-native/src/main.rs,12960,384,343,production,true,false,false,true
crates/arcweft-player-native/src/native_audio.rs,8821,219,211,production,true,false,false,false
crates/arcweft-player-native/src/window_driver.rs,37813,1066,958,production,true,false,false,true
crates/arcweft-player-native/src/windowed.rs,7067,208,191,production,true,false,false,false
crates/arcweft-player-web/Cargo.toml,1326,48,43,text,false,false,false,false
crates/arcweft-player-web/src/app.rs,18666,504,477,production,true,false,false,false
crates/arcweft-player-web/src/clock.rs,3139,95,85,production,true,false,false,true
crates/arcweft-player-web/src/host.rs,10205,277,251,production,true,false,false,true
crates/arcweft-player-web/src/images.rs,8125,228,212,production,true,false,false,true
crates/arcweft-player-web/src/input.rs,10677,317,294,production,true,false,false,false
crates/arcweft-player-web/src/lib.rs,471,18,10,production,true,false,false,false
crates/arcweft-player-web/src/parity.rs,9689,278,259,production,true,false,false,false
crates/arcweft-player-web/src/report.rs,7157,217,194,production,true,false,false,false
crates/arcweft-player-web/tests/input.rs,3112,93,86,test,true,true,false,false
crates/arcweft-player-web/tests/interaction_visual_state.rs,2078,60,54,test,true,true,false,false
crates/arcweft-player-web/tests/parity.rs,3038,99,96,test,true,true,false,false
crates/arcweft-player-web/tests/report.rs,347,9,8,test,true,true,false,false
crates/arcweft-presentation/Cargo.toml,248,13,11,text,false,false,false,false
crates/arcweft-presentation/src/gesture.rs,7011,270,235,production,true,false,false,false
crates/arcweft-presentation/src/hit.rs,4473,176,145,production,true,false,false,false
crates/arcweft-presentation/src/hover.rs,2234,81,66,production,true,false,false,false
crates/arcweft-presentation/src/image.rs,11569,482,399,production,true,false,false,false
crates/arcweft-presentation/src/input.rs,8298,352,271,production,true,false,false,false
crates/arcweft-presentation/src/interaction.rs,6697,232,190,production,true,false,false,false
crates/arcweft-presentation/src/layer.rs,8597,348,290,production,true,false,false,false
crates/arcweft-presentation/src/lib.rs,10752,438,352,production,true,false,false,false
crates/arcweft-presentation/src/replay.rs,11282,387,345,production,true,false,false,false
crates/arcweft-presentation/src/router.rs,9793,317,292,production,true,false,false,false
crates/arcweft-presentation/src/semantic.rs,6154,228,199,production,true,false,false,false
crates/arcweft-presentation/src/tests.rs,41268,1296,1209,test,true,true,false,false
crates/arcweft-presentation/tests/interaction_visual_state.rs,3894,116,102,test,true,true,false,false
crates/arcweft-project-loader/Cargo.toml,398,19,16,text,false,false,false,false
crates/arcweft-project-loader/src/adapter_manifest.rs,4479,154,126,production,true,false,false,true
crates/arcweft-project-loader/src/lib.rs,255,7,2,production,true,false,false,false
crates/arcweft-project-loader/src/rust_metadata.rs,3861,122,103,production,true,false,false,true
crates/arcweft-rag/Cargo.toml,272,14,12,text,false,false,false,false
crates/arcweft-rag/src/fusion.rs,2923,98,87,production,true,false,false,true
crates/arcweft-rag/src/lib.rs,104,4,2,production,true,false,false,false
crates/arcweft-rag/src/vector.rs,3412,119,105,production,true,false,false,true
crates/arcweft-ref/Cargo.toml,266,16,13,text,false,false,false,false
crates/arcweft-ref/src/lib.rs,3537,150,102,production,true,false,false,true
crates/arcweft-render-native/Cargo.toml,912,33,28,text,false,false,false,false
crates/arcweft-render-native/src/capture_session.rs,20125,571,535,production,true,false,false,false
crates/arcweft-render-native/src/effect_execution.rs,13526,411,394,production,true,false,false,false
crates/arcweft-render-native/src/effects.rs,44963,1272,1195,production,true,false,false,false
crates/arcweft-render-native/src/lib.rs,52073,1514,1306,production,true,false,false,false
crates/arcweft-render-native/src/renderer.rs,76620,2247,2123,production,true,false,false,false
crates/arcweft-render-native/src/tests.rs,153634,4395,4172,test,true,true,false,false
crates/arcweft-render-native/src/visual_layout.rs,31982,983,945,production,true,false,false,false
crates/arcweft-render-native/src/window_loop.rs,6924,219,190,production,true,false,false,false
crates/arcweft-render-native/src/window_page.rs,52906,1531,1435,production,true,false,false,false
crates/arcweft-render-text/Cargo.toml,331,16,13,text,false,false,false,false
crates/arcweft-render-text/src/lib.rs,55844,1677,1525,generated,true,false,true,true
crates/arcweft-render-text/src/rich_effects.rs,12211,417,347,production,true,false,false,false
crates/arcweft-render-web/Cargo.toml,535,21,18,text,false,false,false,false
crates/arcweft-render-web/src/lib.rs,305,8,2,production,true,false,false,false
crates/arcweft-render-web/src/web.rs,7856,219,194,production,true,false,false,false
crates/arcweft-render-wgpu/Cargo.toml,574,24,21,text,false,false,false,false
crates/arcweft-render-wgpu/examples/ui_interaction_showcase.rs,15553,461,437,production,true,false,false,false
crates/arcweft-render-wgpu/src/convert.rs,1100,45,36,production,true,false,false,false
crates/arcweft-render-wgpu/src/geometry.rs,17258,548,486,production,true,false,false,false
crates/arcweft-render-wgpu/src/lib.rs,462,14,6,production,true,false,false,false
crates/arcweft-render-wgpu/src/offscreen.rs,6430,181,168,production,true,false,false,false
crates/arcweft-render-wgpu/src/renderer.rs,21988,641,601,production,true,false,false,false
crates/arcweft-render-wgpu/src/sample.rs,5341,159,148,generated,true,false,true,false
crates/arcweft-render-wgpu/src/ui.rs,3691,129,112,generated,true,false,true,false
crates/arcweft-render-wgpu/tests/geometry.rs,4055,121,113,generated,true,true,true,false
crates/arcweft-render-wgpu/tests/ui.rs,3347,95,91,test,true,true,false,false
crates/arcweft-runtime-accelerator/Cargo.toml,2029,70,63,text,false,false,false,false
crates/arcweft-runtime-accelerator/examples/math_bench.rs,75727,2129,1998,production,true,false,false,true
crates/arcweft-runtime-accelerator/src/accelerator_api.rs,30639,766,738,production,true,false,false,false
crates/arcweft-runtime-accelerator/src/call_backend.rs,76102,1930,1873,production,true,false,false,false
crates/arcweft-runtime-accelerator/src/compile.rs,51536,1529,1450,production,true,false,false,false
crates/arcweft-runtime-accelerator/src/external.rs,49365,1254,1208,production,true,false,false,false
crates/arcweft-runtime-accelerator/src/inference.rs,66806,2010,1829,production,true,false,false,true
crates/arcweft-runtime-accelerator/src/lib.rs,41726,1285,1141,production,true,false,false,false
crates/arcweft-runtime-accelerator/src/math/browser_webgpu/auto_adapter.rs,18607,525,499,production,true,false,false,false
crates/arcweft-runtime-accelerator/src/math/browser_webgpu/context.rs,72237,1862,1781,production,true,false,false,false
crates/arcweft-runtime-accelerator/src/math/browser_webgpu.rs,17150,626,506,production,true,false,false,false
crates/arcweft-runtime-accelerator/src/math/browser_webgpu_policy.rs,9490,273,225,production,true,false,false,false
crates/arcweft-runtime-accelerator/src/math/tests.rs,42195,1102,986,test,true,true,false,false
crates/arcweft-runtime-accelerator/src/math/wgpu_backend.rs,48359,1398,1338,production,true,false,false,false
crates/arcweft-runtime-accelerator/src/math.rs,88432,2340,2190,production,true,false,false,false
crates/arcweft-runtime-accelerator/src/tests.rs,98752,2461,2304,test,true,true,false,false
crates/arcweft-runtime-driver/Cargo.toml,703,25,21,text,false,false,false,false
crates/arcweft-runtime-driver/src/clock.rs,2318,79,64,production,true,false,false,true
crates/arcweft-runtime-driver/src/display.rs,6085,182,164,production,true,false,false,false
crates/arcweft-runtime-driver/src/lib.rs,349,10,4,production,true,false,false,false
crates/arcweft-runtime-driver/src/session.rs,13784,414,371,production,true,false,false,false
crates/arcweft-runtime-driver/src/task.rs,2594,76,62,production,true,false,false,true
crates/arcweft-runtime-driver/tests/session.rs,4722,132,127,test,true,true,false,false
crates/arcweft-runtime-host/Cargo.toml,1058,34,30,text,false,false,false,false
crates/arcweft-runtime-host/src/activity_host.rs,9752,317,274,production,true,false,false,true
crates/arcweft-runtime-host/src/bundle_runner/session.rs,8162,215,184,production,true,false,false,false
crates/arcweft-runtime-host/src/bundle_runner.rs,35599,1035,961,production,true,false,false,true
crates/arcweft-runtime-host/src/capabilities.rs,10644,315,243,production,true,false,false,true
crates/arcweft-runtime-host/src/lib.rs,2406,50,47,production,true,false,false,false
crates/arcweft-runtime-host/src/native_system.rs,839,25,22,production,true,false,false,false
crates/arcweft-runtime-host/src/native_task.rs,28180,812,739,production,true,false,false,true
crates/arcweft-runtime-host/src/presentation_dispatch.rs,35863,1065,957,production,true,false,false,true
crates/arcweft-runtime-host/src/stats.rs,6646,173,164,production,true,false,false,false
crates/arcweft-runtime-host/src/ui_frame.rs,17606,592,531,production,true,false,false,true
crates/arcweft-runtime-host/tests/bundle_runner.rs,5831,165,155,test,true,true,false,false
crates/arcweft-runtime-host/tests/ui_interaction_dispatch.rs,4556,132,125,test,true,true,false,false
crates/arcweft-runtime-plan/Cargo.toml,618,24,20,text,false,false,false,false
crates/arcweft-runtime-plan/src/audio.rs,12137,300,275,production,true,false,false,false
crates/arcweft-runtime-plan/src/errors.rs,987,41,29,production,true,false,false,false
crates/arcweft-runtime-plan/src/expr.rs,65204,1876,1754,production,true,false,false,true
crates/arcweft-runtime-plan/src/flow.rs,89343,2472,2332,production,true,false,false,true
crates/arcweft-runtime-plan/src/host_request.rs,16694,467,432,production,true,false,false,false
crates/arcweft-runtime-plan/src/labels.rs,4904,142,131,production,true,false,false,false
crates/arcweft-runtime-plan/src/lib.rs,212,12,12,production,true,false,false,false
crates/arcweft-runtime-plan/src/line_task.rs,30091,826,768,production,true,false,false,false
crates/arcweft-runtime-plan/src/pattern.rs,3227,79,74,production,true,false,false,false
crates/arcweft-runtime-plan/src/pure.rs,24713,704,640,production,true,false,false,true
crates/arcweft-runtime-plan/src/render_text/attrs.rs,4252,146,132,production,true,false,false,false
crates/arcweft-runtime-plan/src/render_text/contributions.rs,13888,394,373,production,true,false,false,false
crates/arcweft-runtime-plan/src/render_text/defaults.rs,9343,273,254,production,true,false,false,false
crates/arcweft-runtime-plan/src/render_text/entity_defaults.rs,7745,238,221,production,true,false,false,false
crates/arcweft-runtime-plan/src/render_text/helpers.rs,852,27,23,production,true,false,false,false
crates/arcweft-runtime-plan/src/render_text/inline_failure.rs,5957,167,153,production,true,false,false,false
crates/arcweft-runtime-plan/src/render_text/line.rs,9002,236,226,production,true,false,false,false
crates/arcweft-runtime-plan/src/render_text/raw.rs,12928,353,330,production,true,false,false,false
crates/arcweft-runtime-plan/src/render_text/speaker_preset.rs,6110,187,175,production,true,false,false,false
crates/arcweft-runtime-plan/src/render_text/style_block.rs,6187,184,171,production,true,false,false,false
crates/arcweft-runtime-plan/src/render_text/style_expr.rs,9200,254,235,production,true,false,false,false
crates/arcweft-runtime-plan/src/render_text/tag.rs,27663,757,714,production,true,false,false,false
crates/arcweft-runtime-plan/src/render_text/tests.rs,44456,1428,1334,test,true,true,false,false
crates/arcweft-runtime-plan/src/render_text.rs,520,24,19,production,true,false,false,false
crates/arcweft-runtime-plan/src/source.rs,8106,222,208,production,true,false,false,false
crates/arcweft-runtime-plan/src/stream.rs,3722,102,94,production,true,false,false,false
crates/arcweft-runtime-plan/tests/runtime_plan.rs,45746,1470,1335,test,true,true,false,false
crates/arcweft-runtime-scheduler/Cargo.toml,284,16,13,text,false,false,false,false
crates/arcweft-runtime-scheduler/src/lib.rs,20366,571,506,production,true,false,false,true
crates/arcweft-rust-abi/Cargo.toml,338,18,15,text,false,false,false,false
crates/arcweft-rust-abi/src/lib.rs,18306,556,475,production,true,false,false,true
crates/arcweft-rust-abi-build/Cargo.toml,313,15,13,text,false,false,false,false
crates/arcweft-rust-abi-build/src/lib.rs,7573,230,185,production,true,false,false,true
crates/arcweft-rust-abi-macros/Cargo.toml,428,22,18,text,false,false,false,false
crates/arcweft-rust-abi-macros/src/lib.rs,8434,247,229,production,true,false,false,false
crates/arcweft-rust-abi-macros/tests/compile_fail.rs,3471,115,103,test,true,true,false,false
crates/arcweft-rust-abi-macros/tests/export.rs,2315,74,66,test,true,true,false,false
crates/arcweft-rust-abi-macros/tests/ui/reject_generic_type.rs,124,8,6,test,true,true,false,false
crates/arcweft-rust-abi-macros/tests/ui/reject_reference_export.rs,164,8,6,test,true,true,false,false
crates/arcweft-rust-abi-macros/tests/ui/reject_reference_field.rs,130,8,6,test,true,true,false,false
crates/arcweft-rust-abi-macros/tests/ui/reject_reference_return.rs,165,8,6,test,true,true,false,false
crates/arcweft-rust-abi-macros/tests/ui/reject_self_receiver_export.rs,192,12,9,test,true,true,false,false
crates/arcweft-save/Cargo.toml,311,14,12,text,false,false,false,false
crates/arcweft-save/src/lib.rs,14377,440,405,production,true,false,false,false
crates/arcweft-save/tests/strict_decode.rs,8475,339,303,test,true,true,false,false
crates/arcweft-serde-bridge/Cargo.toml,463,18,16,text,false,false,false,false
crates/arcweft-serde-bridge/src/lib.rs,1282,31,20,production,true,false,false,false
crates/arcweft-source/Cargo.toml,213,13,11,text,false,false,false,false
crates/arcweft-source/src/lib.rs,5263,234,193,production,true,false,false,true
crates/arcweft-test/Cargo.toml,573,21,18,text,false,false,false,false
crates/arcweft-test/src/agent.rs,8564,254,227,production,true,false,false,true
crates/arcweft-test/src/lib.rs,4969,166,136,production,true,false,false,true
crates/arcweft-text-layout/Cargo.toml,482,21,17,text,false,false,false,false
crates/arcweft-text-layout/data/jlreq_pair_adjustments.txt,2338,26,25,text,false,false,false,false
crates/arcweft-text-layout/data/jlreq_punctuation_ranges.txt,9444,202,201,text,false,false,false,false
crates/arcweft-text-layout/src/jlreq_punctuation.rs,14353,371,342,production,true,false,false,true
crates/arcweft-text-layout/src/jlreq_punctuation_data.rs,34583,1285,1268,generated,true,false,true,false
crates/arcweft-text-layout/src/lib.rs,81491,2458,2226,production,true,false,false,false
crates/arcweft-text-layout/src/ruby.rs,14548,445,424,production,true,false,false,false
crates/arcweft-text-layout/src/tests/ruby.rs,26841,674,620,test,true,true,false,false
crates/arcweft-text-layout/src/tests/vertical_class_mix.rs,74126,1749,1646,test,true,true,false,false
crates/arcweft-text-layout/src/tests/vertical_sequences.rs,31461,778,713,test,true,true,false,false
crates/arcweft-text-layout/src/tests.rs,59795,1569,1452,test,true,true,false,false
crates/arcweft-text-layout/src/vertical_orientation.rs,357456,12399,12383,generated,true,false,true,false
crates/arcweft-tooling/Cargo.toml,419,19,16,text,false,false,false,false
crates/arcweft-tooling/src/agent_repl.rs,29062,917,830,production,true,false,false,true
crates/arcweft-tooling/src/code_actions.rs,1793,63,60,production,true,false,false,false
crates/arcweft-tooling/src/decl_identity.rs,1645,47,44,production,true,false,false,false
crates/arcweft-tooling/src/dialogue_content.rs,8076,250,243,production,true,false,false,false
crates/arcweft-tooling/src/dialogue_defaults.rs,6759,231,217,production,true,false,false,false
crates/arcweft-tooling/src/dialogue_sugar.rs,23357,742,707,production,true,false,false,false
crates/arcweft-tooling/src/edit.rs,1975,59,54,production,true,false,false,false
crates/arcweft-tooling/src/format.rs,2342,67,61,production,true,false,false,false
crates/arcweft-tooling/src/id_context.rs,2720,84,76,production,true,false,false,false
crates/arcweft-tooling/src/lib.rs,501,22,16,production,true,false,false,false
crates/arcweft-tooling/src/line_sugar.rs,3917,126,118,production,true,false,false,false
crates/arcweft-tooling/src/model.rs,2409,72,56,production,true,false,false,false
crates/arcweft-tooling/src/speaker_presets.rs,26487,660,640,production,true,false,false,false
crates/arcweft-tooling/src/sugar_expansion.rs,3035,84,80,production,true,false,false,false
crates/arcweft-tooling/src/tests.rs,20571,579,516,test,true,true,false,false
crates/arcweft-tooling/src/util.rs,246,7,7,production,true,false,false,false
crates/arcweft-ui/Cargo.toml,398,19,16,text,false,false,false,false
crates/arcweft-ui/src/component.rs,3412,108,80,production,true,false,false,false
crates/arcweft-ui/src/display.rs,5039,170,142,production,true,false,false,false
crates/arcweft-ui/src/entity.rs,6841,239,198,production,true,false,false,false
crates/arcweft-ui/src/fragment.rs,7348,260,202,production,true,false,false,false
crates/arcweft-ui/src/frame.rs,2178,81,68,production,true,false,false,false
crates/arcweft-ui/src/handler.rs,3662,131,109,production,true,false,false,false
crates/arcweft-ui/src/image.rs,10519,414,337,production,true,false,false,false
crates/arcweft-ui/src/layout.rs,4897,192,154,production,true,false,false,false
crates/arcweft-ui/src/lib.rs,33661,1005,937,production,true,false,false,true
crates/arcweft-ui/src/presentation_image.rs,11550,308,278,production,true,false,false,true
crates/arcweft-ui/src/reactive.rs,3199,114,93,production,true,false,false,false
crates/arcweft-ui/src/semantics.rs,4561,181,149,production,true,false,false,false
crates/arcweft-ui/src/style.rs,14172,516,433,production,true,false,false,false
crates/arcweft-ui/tests/interaction_routing.rs,6549,204,191,test,true,true,false,false
crates/arcweft-verify/Cargo.toml,588,24,20,text,false,false,false,false
crates/arcweft-verify/src/lib.rs,58072,1686,1538,production,true,false,false,false
crates/arcweft-verify/src/runtime_type.rs,29225,800,742,production,true,false,false,true
crates/arcweft-verify/src/tests.rs,9680,331,303,test,true,true,false,false
crates/arcweft-verify-lsp/Cargo.toml,618,23,20,text,false,false,false,false
crates/arcweft-verify-lsp/src/lib.rs,50468,1372,1229,production,true,false,false,true
crates/arcweft-verify-oxiz/Cargo.toml,338,18,15,text,false,false,false,false
crates/arcweft-verify-oxiz/src/lib.rs,1880,64,46,production,true,false,false,true
crates/arcweft-verify-z3/Cargo.toml,307,17,14,text,false,false,false,false
crates/arcweft-verify-z3/src/lib.rs,3717,118,96,production,true,false,false,true
docs/00-overview/README.md,476,14,11,text,false,false,false,false
docs/00-overview/architecture.md,6115,131,90,text,false,false,false,false
docs/00-overview/code-fences.md,1305,43,32,text,false,false,false,false
docs/00-overview/crate-map.md,11267,240,224,text,false,false,false,false
docs/00-overview/decisions.md,10800,345,248,text,false,false,false,false
docs/00-overview/feature-matrix.md,5512,105,89,text,false,false,false,false
docs/00-overview/implementation-guide.md,3746,152,107,text,false,false,false,false
docs/00-overview/naming.md,5510,240,180,text,false,false,false,false
docs/00-overview/roadmap.md,1851,79,59,text,false,false,false,false
docs/00-overview/runtime-boundary-refactor.md,19641,659,487,text,false,false,false,false
docs/00-overview/terminology.md,1451,22,21,text,false,false,false,false
docs/01-language/README.md,2098,35,34,text,false,false,false,false
docs/01-language/adt.md,1927,103,76,text,false,false,false,false
docs/01-language/await-need-result.md,5861,226,165,text,false,false,false,false
docs/01-language/block-scopes.md,6411,279,218,text,false,false,false,false
docs/01-language/contracts.md,2176,104,83,text,false,false,false,false
docs/01-language/control-transfer-return-out-yield.md,4398,192,145,text,false,false,false,false
docs/01-language/dialogue-calls-scopes-cancellation.md,20699,804,612,text,false,false,false,false
docs/01-language/dialogue-character-methods-and-textbox.md,24349,944,709,text,false,false,false,false
docs/01-language/dialogue-control-tags-and-ruby.md,19684,614,462,text,false,false,false,false
docs/01-language/dialogue-line-handles-and-returns.md,10993,433,320,text,false,false,false,false
docs/01-language/dialogue-windows-and-hooks.md,6178,302,224,text,false,false,false,false
docs/01-language/entries-and-capabilities.md,4874,198,151,text,false,false,false,false
docs/01-language/error-trace-context.md,6367,283,220,text,false,false,false,false
docs/01-language/expression-control-flow.md,3780,245,185,text,false,false,false,false
docs/01-language/functions-and-pipeline.md,1952,108,75,text,false,false,false,false
docs/01-language/grammar.md,25880,651,541,text,false,false,false,false
docs/01-language/hooks-and-memoization.md,10484,465,378,text,false,false,false,false
docs/01-language/ids-and-references.md,13393,491,374,text,false,false,false,false
docs/01-language/literals-and-primitives.md,6967,327,249,text,false,false,false,false
docs/01-language/localization-dialogue.md,14728,565,420,text,false,false,false,false
docs/01-language/macros-precompile.md,1608,84,62,text,false,false,false,false
docs/01-language/modules.md,3905,166,127,text,false,false,false,false
docs/01-language/never-bottom-type.md,3287,169,123,text,false,false,false,false
docs/01-language/parsing.md,1793,97,72,text,false,false,false,false
docs/01-language/patterns-and-bindings.md,3549,159,119,text,false,false,false,false
docs/01-language/proofs-and-unsafe-audits.md,6598,211,158,text,false,false,false,false
docs/01-language/result-option-context.md,6067,242,178,text,false,false,false,false
docs/01-language/scenario-surface-syntax.md,18605,685,516,text,false,false,false,false
docs/01-language/semicolon-policy.md,2086,127,88,text,false,false,false,false
docs/01-language/standard-types-and-prelude.md,9322,348,279,text,false,false,false,false
docs/01-language/state-flow-reducer.md,2271,100,76,text,false,false,false,false
docs/01-language/syntax.md,6534,223,171,text,false,false,false,false
docs/01-language/traits-seq-ranges.md,8810,418,321,text,false,false,false,false
docs/01-language/types-and-effects.md,1867,118,86,text,false,false,false,false
docs/02-runtime/README.md,718,16,15,text,false,false,false,false
docs/02-runtime/activity.md,2367,88,69,text,false,false,false,false
docs/02-runtime/async-scheduler.md,7687,235,200,text,false,false,false,false
docs/02-runtime/control-flow-runtime.md,5429,203,160,text,false,false,false,false
docs/02-runtime/core.md,19343,459,397,text,false,false,false,false
docs/02-runtime/cranelift-jit.md,13298,283,241,text,false,false,false,false
docs/02-runtime/device-streams.md,6650,253,196,text,false,false,false,false
docs/02-runtime/error-diagnostics-stacktrace.md,5058,230,188,text,false,false,false,false
docs/02-runtime/hooks-memoization.md,5312,239,188,text,false,false,false,false
docs/02-runtime/layered-input.md,13675,609,468,text,false,false,false,false
docs/02-runtime/memory-ipc.md,1308,76,59,text,false,false,false,false
docs/02-runtime/plugins.md,5487,138,116,text,false,false,false,false
docs/02-runtime/runtime-step-and-executors.md,7650,221,181,text,false,false,false,false
docs/02-runtime/save-replay.md,1585,77,62,text,false,false,false,false
docs/02-runtime/streams-generators.md,6734,271,202,text,false,false,false,false
docs/03-presentation/README.md,1093,23,22,text,false,false,false,false
docs/03-presentation/audio.md,9559,405,314,text,false,false,false,false
docs/03-presentation/capture-devices.md,15071,423,322,text,false,false,false,false
docs/03-presentation/character-stage.md,14370,558,428,text,false,false,false,false
docs/03-presentation/device-generator-and-usb.md,10801,391,300,text,false,false,false,false
docs/03-presentation/device-io-usb.md,6617,266,203,text,false,false,false,false
docs/03-presentation/html-servo-dom.md,1602,72,53,text,false,false,false,false
docs/03-presentation/image-presentation-objects.md,5594,137,114,text,false,false,false,false
docs/03-presentation/layered-rendering.md,8735,405,324,text,false,false,false,false
docs/03-presentation/layers-and-input.md,18893,783,613,text,false,false,false,false
docs/03-presentation/layers.md,16065,644,513,text,false,false,false,false
docs/03-presentation/render-input-layers.md,17102,793,615,text,false,false,false,false
docs/03-presentation/rich-text-effects-transforms.md,13198,298,234,text,false,false,false,false
docs/03-presentation/text-presentation-objects.md,10431,205,175,text,false,false,false,false
docs/03-presentation/text-typesetting.md,4864,179,145,text,false,false,false,false
docs/03-presentation/touch-virtual-controller.md,6217,245,190,text,false,false,false,false
docs/03-presentation/ui-reactive.md,3287,148,114,text,false,false,false,false
docs/03-presentation/usb-devices.md,773,24,18,text,false,false,false,false
docs/03-presentation/vector-svg.md,1455,93,75,text,false,false,false,false
docs/03-presentation/virtual-controller.md,858,25,19,text,false,false,false,false
docs/03-presentation/wgpu-renderer.md,1348,66,51,text,false,false,false,false
docs/03-presentation/wgsl-shaders.md,2317,110,91,text,false,false,false,false
docs/04-tooling/README.md,328,9,8,text,false,false,false,false
docs/04-tooling/agent-debug-mcp-cli.md,23207,430,395,text,false,false,false,false
docs/04-tooling/agent-observe-capture-contract.md,19216,444,373,text,false,false,false,false
docs/04-tooling/cli.md,77855,1289,1175,text,false,false,false,false
docs/04-tooling/graph-rag-jj.md,2391,141,119,text,false,false,false,false
docs/04-tooling/logging-signal-test-bench.md,4256,182,137,text,false,false,false,false
docs/04-tooling/lsp.md,13482,308,268,text,false,false,false,false
docs/04-tooling/verification.md,5633,172,142,text,false,false,false,false
docs/05-build-and-security/README.md,213,7,5,text,false,false,false,false
docs/05-build-and-security/device-generator.md,6161,287,210,text,false,false,false,false
docs/05-build-and-security/native-web-build.md,5602,145,119,text,false,false,false,false
docs/05-build-and-security/packaging.md,5713,187,162,text,false,false,false,false
docs/05-build-and-security/security.md,6829,163,111,text,false,false,false,false
docs/README.md,4499,74,63,text,false,false,false,false
docs/examples/README.md,799,18,17,text,false,false,false,false
docs/examples/audio.md,1325,45,34,text,false,false,false,false
docs/examples/capture-devices.md,3186,119,96,text,false,false,false,false
docs/examples/concise-dialogue-and-localization.md,5485,180,143,text,false,false,false,false
docs/examples/control-flow-patterns.arcw.md,1686,68,54,text,false,false,false,false
docs/examples/device-io-usb.md,1793,78,61,text,false,false,false,false
docs/examples/device-usb-virtual-controller.md,3907,150,119,text,false,false,false,false
docs/examples/error-context.arcw.md,1401,45,34,text,false,false,false,false
docs/examples/hooks-memoization.md,1593,67,58,text,false,false,false,false
docs/examples/layered-scene-input.md,1831,88,68,text,false,false,false,false
docs/examples/layers-input.md,1873,91,73,text,false,false,false,false
docs/examples/opening-flow.md,1400,47,35,text,false,false,false,false
docs/examples/reactive-ui.md,623,25,23,text,false,false,false,false
docs/examples/scope-relative-ids.md,2707,95,73,text,false,false,false,false
docs/examples/shader.md,749,29,25,text,false,false,false,false
docs/examples/touch-virtual-controller.md,1434,64,53,text,false,false,false,false
docs/examples/usb-and-virtual-controller.md,3566,147,120,text,false,false,false,false
docs/examples/usb-devices-and-virtual-controller.md,3614,157,119,text,false,false,false,false
docs/examples/virtual-controller.md,1500,65,51,text,false,false,false,false
docs/implementation/README.md,126316,1803,1781,text,false,false,false,false
docs/implementation/agent-script-final-completion-audit.md,6039,73,61,text,false,false,false,false
docs/implementation/agent-script-implementation.md,110903,507,495,text,false,false,false,false
docs/implementation/audio-cpal-v3.md,4870,101,84,text,false,false,false,false
docs/implementation/data-codec-dependency-selection.md,2099,24,20,text,false,false,false,false
docs/implementation/data-codecs-reflection-adr-0008.md,3486,107,82,text,false,false,false,false
docs/implementation/data-format-coverage.md,2909,45,39,text,false,false,false,false
docs/implementation/desktop-adapters.md,10559,195,146,text,false,false,false,false
docs/implementation/effect-system.md,3353,59,52,text,false,false,false,false
docs/implementation/first-order-effect-lowering.md,2795,57,48,text,false,false,false,false
docs/implementation/image-animation-goal-audit.md,7063,80,65,text,false,false,false,false
docs/implementation/image-animation-policy.md,18811,334,304,text,false,false,false,false
docs/implementation/native-cli-player-boundaries.md,19207,318,295,text,false,false,false,false
docs/implementation/native-rich-text-player.md,43590,611,580,text,false,false,false,false
docs/implementation/numeric-fast-path-bench-inventory.md,23919,250,222,text,false,false,false,false
docs/implementation/owned-window-driver-audit.md,6602,88,73,text,false,false,false,false
docs/implementation/performance-snapshot.md,87731,1247,1133,text,false,false,false,false
docs/implementation/persistent-file-grants-multitarget-2026-06-22.md,2954,70,53,text,false,false,false,false
docs/implementation/phase-0-1-workspace.md,48428,512,473,text,false,false,false,false
docs/implementation/pro-review30-audit.md,6244,85,70,text,false,false,false,false
docs/implementation/pro-review33-completion-audit.md,8465,217,174,text,false,false,false,false
docs/implementation/project-rs-wrapper-review-2026-06-21.md,3479,71,61,text,false,false,false,false
docs/implementation/refactor-checklist.md,4398,98,80,text,false,false,false,false
docs/implementation/rich-text-object-goal-audit.md,7148,82,67,text,false,false,false,false
docs/implementation/rich-text-object-visual-evidence.md,4718,53,42,text,false,false,false,false
docs/implementation/runtime-acceleration-goal-gap.md,9295,238,173,text,false,false,false,false
docs/implementation/structure-audit-2026-06-21/violations.md,17121,512,256,text,false,false,false,false
docs/implementation/structure-audit-audio-cpal-v3/violations.md,17507,524,262,text,false,false,false,false
docs/implementation/structure-audit-ui-interaction-routing-2026-06-22/violations.md,17701,529,265,text,false,false,false,false
docs/implementation/structure-refactor-2026-06-21.md,14768,247,228,text,false,false,false,false
docs/implementation/test-execution-policy.md,25489,398,331,text,false,false,false,false
docs/implementation/ui-interaction-routing-2026-06-22.md,3470,71,58,text,false,false,false,false
docs/implementation/vertical-longterm-design-20260612/Cargo.toml,419,20,17,text,false,false,false,false
docs/implementation/vertical-longterm-design-20260612/README.md,2002,45,33,text,false,false,false,false
docs/implementation/vertical-longterm-design-20260612/VALIDATION.md,832,23,17,text,false,false,false,false
docs/implementation/vertical-longterm-design-20260612/crates/arcweft-text-layout-design/Cargo.toml,266,13,11,text,false,false,false,false
docs/implementation/vertical-longterm-design-20260612/crates/arcweft-text-layout-design/src/hit_test.rs,1818,63,55,test,true,true,false,false
docs/implementation/vertical-longterm-design-20260612/crates/arcweft-text-layout-design/src/lib.rs,1086,25,17,production,true,false,false,false
docs/implementation/vertical-longterm-design-20260612/crates/arcweft-text-layout-design/src/line_break.rs,3862,135,113,production,true,false,false,true
docs/implementation/vertical-longterm-design-20260612/crates/arcweft-text-layout-design/src/model.rs,1557,50,41,production,true,false,false,false
docs/implementation/vertical-longterm-design-20260612/crates/arcweft-text-layout-design/src/pipeline.rs,4603,117,103,production,true,false,false,true
docs/implementation/vertical-longterm-design-20260612/crates/arcweft-text-layout-design/src/segmentation.rs,2299,62,51,production,true,false,false,true
docs/implementation/vertical-longterm-design-20260612/crates/arcweft-text-layout-design/src/shaping.rs,3770,111,95,production,true,false,false,true
docs/implementation/vertical-longterm-design-20260612/crates/arcweft-text-layout-design/src/style.rs,1977,80,67,production,true,false,false,false
docs/implementation/vertical-longterm-design-20260612/crates/arcweft-text-layout-design/src/unicode_orientation.rs,3158,91,77,production,true,false,false,true
docs/implementation/vertical-longterm-design-20260612/crates/glyphon-layout-ext-api/Cargo.toml,198,12,10,text,false,false,false,false
docs/implementation/vertical-longterm-design-20260612/crates/glyphon-layout-ext-api/src/color.rs,601,28,24,production,true,false,false,false
docs/implementation/vertical-longterm-design-20260612/crates/glyphon-layout-ext-api/src/geom.rs,5034,208,167,production,true,false,false,true
docs/implementation/vertical-longterm-design-20260612/crates/glyphon-layout-ext-api/src/glyph.rs,4657,167,137,production,true,false,false,true
docs/implementation/vertical-longterm-design-20260612/crates/glyphon-layout-ext-api/src/lib.rs,619,18,12,production,true,false,false,false
docs/implementation/vertical-longterm-design-20260612/crates/glyphon-layout-ext-api/src/renderer.rs,1049,35,25,production,true,false,false,false
docs/implementation/vertical-longterm-design-20260612/docs/adrs/ADR-001-glypharea-not-textarea-writing-mode.md,1254,44,30,text,false,false,false,false
docs/implementation/vertical-longterm-design-20260612/docs/adrs/ADR-002-engine-rotates-sideways-runs.md,948,36,24,text,false,false,false,false
docs/implementation/vertical-longterm-design-20260612/docs/adrs/ADR-003-layout-sans-io-renderer-gpu-adapter.md,984,37,25,text,false,false,false,false
docs/implementation/vertical-longterm-design-20260612/docs/algorithms/00-pipeline.md,4332,177,134,text,false,false,false,false
docs/implementation/vertical-longterm-design-20260612/docs/algorithms/01-segmentation-orientation.md,4352,152,117,text,false,false,false,false
docs/implementation/vertical-longterm-design-20260612/docs/algorithms/02-shaping-vertical-features.md,4739,173,134,text,false,false,false,false
docs/implementation/vertical-longterm-design-20260612/docs/algorithms/03-line-breaking-columns.md,3762,171,129,text,false,false,false,false
docs/implementation/vertical-longterm-design-20260612/docs/algorithms/04-ruby-text-combine.md,4210,171,130,text,false,false,false,false
docs/implementation/vertical-longterm-design-20260612/docs/algorithms/05-hit-testing-selection.md,3136,134,101,text,false,false,false,false
docs/implementation/vertical-longterm-design-20260612/docs/algorithms/06-cache-invalidation.md,3075,113,84,text,false,false,false,false
docs/implementation/vertical-longterm-design-20260612/docs/api/rust-api.md,5366,171,134,text,false,false,false,false
docs/implementation/vertical-longterm-design-20260612/docs/architecture.md,8301,255,203,text,false,false,false,false
docs/implementation/vertical-longterm-design-20260612/docs/arcweft-integration.md,3609,126,95,text,false,false,false,false
docs/implementation/vertical-longterm-design-20260612/docs/patches/glyphon-upstream-patch-sketch.md,2363,117,87,text,false,false,false,false
docs/implementation/vertical-longterm-design-20260612/docs/renderer-extension.md,3463,119,91,text,false,false,false,false
docs/implementation/vertical-longterm-design-20260612/docs/roadmap.md,1925,56,42,text,false,false,false,false
docs/implementation/vertical-longterm-design-20260612/examples/vertical_rl_dialogue_flow.md,1679,84,71,text,false,false,false,false
docs/implementation/vertical-text-implementation-policy.md,48629,687,676,text,false,false,false,false
docs/implementation/visual-sample-review-issues/2026-06-15/README.md,18914,79,63,text,false,false,false,false
docs/implementation/visual-sample-review-issues/2026-06-15/capture-results.json,4512,131,131,text,false,false,false,false
docs/implementation/visual-sample-review-issues/2026-06-15/issue-011-html-ruby-baseline.html,1520,67,62,text,false,false,false,false
docs/implementation/visual-sample-review-issues/2026-06-15/issue-012-html-vertical-ruby-baseline-metrics.json,2062,89,89,text,false,false,false,false
docs/implementation/visual-sample-review-issues/2026-06-15/issue-012-html-vertical-ruby-baseline.html,2848,127,115,text,false,false,false,false
docs/implementation/visual-sample-review-issues/2026-06-15/issue-015-html-vertical-ruby-punctuation-baseline-metrics.json,3053,156,156,text,false,false,false,false
docs/implementation/visual-sample-review-issues/2026-06-15/issue-015-html-vertical-ruby-punctuation-baseline.html,4181,161,144,text,false,false,false,false
docs/implementation/visual-sample-review-issues/2026-06-16/README.md,1518,21,18,text,false,false,false,false
docs/implementation/visual-sample-review-issues/2026-06-16/horizontal-ruby-html-comparison.json,1753,79,79,text,false,false,false,false
docs/implementation/visual-sample-review-issues/2026-06-16/html-horizontal-ruby-reference-bboxes.json,3655,218,218,text,false,false,false,false
docs/implementation/visual-sample-review-issues/2026-06-16/html-horizontal-ruby-reference.html,1372,54,50,text,false,false,false,false
docs/implementation/visual-sample-review-issues/2026-06-17/README.md,50907,60,57,text,false,false,false,false
docs/implementation/visual-sample-review-issues/2026-06-18/README.md,7294,24,20,text,false,false,false,false
docs/implementation/visual-sample-review-issues/2026-06-18/proxy-hotspot-capture-metadata.json,2420,113,113,text,false,false,false,false
docs/implementation/visual-sample-review-issues/2026-06-18/proxy-param-choice-presentation-tree.json,18532,626,626,text,false,false,false,false
docs/implementation/warning-structured-diagnostics-2026-06-21.md,2625,58,45,text,false,false,false,false
docs/implementation/wasm-browser-native-runner-migration.md,7778,150,127,text,false,false,false,false
docs/implementation/zip-gap-audit-2026-06-21.md,21948,324,310,text,false,false,false,false
docs/implementation/zip-gap-open-items-2026-06-21.md,25561,459,413,text,false,false,false,false
docs/implementation/zip-gap-unimplemented-items-2026-06-22.md,24609,478,394,text,false,false,false,false
docs/reviews/pro_review1.md,22523,670,495,text,false,false,false,false
docs/reviews/pro_review10.md,24274,938,713,text,false,false,false,false
docs/reviews/pro_review11.md,62235,3442,2511,text,false,false,false,false
docs/reviews/pro_review12.md,29045,1227,890,text,false,false,false,false
docs/reviews/pro_review13.md,5906,55,30,text,false,false,false,false
docs/reviews/pro_review14.md,23120,1097,800,text,false,false,false,false
docs/reviews/pro_review15.md,10291,149,109,text,false,false,false,false
docs/reviews/pro_review16.md,12802,207,139,text,false,false,false,false
docs/reviews/pro_review17.md,16331,338,235,text,false,false,false,false
docs/reviews/pro_review18.md,36984,1600,1192,text,false,false,false,false
docs/reviews/pro_review19.md,12822,330,247,text,false,false,false,false
docs/reviews/pro_review2.md,36926,1584,1139,text,false,false,false,false
docs/reviews/pro_review20.md,27174,1102,756,text,false,false,false,false
docs/reviews/pro_review21.md,42869,1439,1086,text,false,false,false,false
docs/reviews/pro_review22.md,16320,584,407,text,false,false,false,false
docs/reviews/pro_review23.md,11209,284,199,text,false,false,false,false
docs/reviews/pro_review24.md,8444,181,132,text,false,false,false,false
docs/reviews/pro_review25.md,17410,443,329,text,false,false,false,false
docs/reviews/pro_review26.md,17799,416,293,text,false,false,false,false
docs/reviews/pro_review27.md,6399,50,37,text,false,false,false,false
docs/reviews/pro_review28.md,13010,325,215,text,false,false,false,false
docs/reviews/pro_review29.md,20053,755,515,text,false,false,false,false
docs/reviews/pro_review3.md,34084,1381,1058,text,false,false,false,false
docs/reviews/pro_review30.md,56235,1247,839,text,false,false,false,false
docs/reviews/pro_review31.md,46223,2122,1613,text,false,false,false,false
docs/reviews/pro_review32.md,33065,697,519,text,false,false,false,false
docs/reviews/pro_review33.md,10452,286,200,text,false,false,false,false
docs/reviews/pro_review4.md,10703,511,368,text,false,false,false,false
docs/reviews/pro_review5.md,12919,89,58,text,false,false,false,false
docs/reviews/pro_review6.md,21204,824,586,text,false,false,false,false
docs/reviews/pro_review7.md,8514,62,42,text,false,false,false,false
docs/reviews/pro_review8.md,33617,915,683,text,false,false,false,false
docs/reviews/pro_review9.md,31989,1495,1089,text,false,false,false,false
docs/reviews/requests/2026-05-21-launch-profile-and-adapter-context.md,6976,221,163,text,false,false,false,false
docs/reviews/requests/2026-05-31-performance-improvement-advice.md,7992,196,153,text,false,false,false,false
docs/reviews/requests/2026-06-02-browser-webgpu-math-best-practices.md,6562,175,133,text,false,false,false,false
docs/schemas/README.md,1132,27,24,text,false,false,false,false
docs/schemas/adapter-manifest.md,3673,144,119,text,false,false,false,false
docs/schemas/agent-protocol.md,767,34,30,text,false,false,false,false
docs/schemas/audio-manifest.md,658,29,25,text,false,false,false,false
docs/schemas/capture-device-manifest.md,3181,147,124,text,false,false,false,false
docs/schemas/control-flow-manifest.md,1625,74,72,text,false,false,false,false
docs/schemas/device-io-manifest.md,2570,115,97,text,false,false,false,false
docs/schemas/device-manifest.md,3687,212,173,text,false,false,false,false
docs/schemas/device-profile-manifest.md,4207,200,173,text,false,false,false,false
docs/schemas/dialogue-line-manifest.md,6697,260,218,text,false,false,false,false
docs/schemas/error-trace-manifest.md,1727,91,83,text,false,false,false,false
docs/schemas/graph-patch.md,664,34,32,text,false,false,false,false
docs/schemas/hook-manifest.md,1779,80,72,text,false,false,false,false
docs/schemas/layer-manifest.md,1846,86,74,text,false,false,false,false
docs/schemas/layer-tree.md,3154,135,112,text,false,false,false,false
docs/schemas/localization-catalog.md,2080,71,56,text,false,false,false,false
docs/schemas/memo-cache.md,2307,103,84,text,false,false,false,false
docs/schemas/module-manifest.md,528,24,21,text,false,false,false,false
docs/schemas/textbox-manifest.md,1255,58,49,text,false,false,false,false
docs/schemas/usb-device-manifest.md,2450,94,78,text,false,false,false,false
docs/schemas/virtual-controller-manifest.md,2048,88,72,text,false,false,false,false
examples/ui-interaction-routing/component-surface/confirmation-dialog.arcw,1241,28,28,text,false,false,false,false
examples/ui-interaction-routing/component-surface/inventory-grid.arcw,862,22,22,text,false,false,false,false
examples/ui-interaction-routing/component-surface/settings-panel.arcw,1113,27,27,text,false,false,false,false
examples/ui-interaction-routing/component-surface/toolbar.arcw,845,19,19,text,false,false,false,false
examples/ui-interaction-routing/runnable/confirmation-dialog.arcw,544,22,18,text,false,false,false,false
examples/ui-interaction-routing/runnable/inventory-menu.arcw,1512,58,49,text,false,false,false,false
examples/ui-interaction-routing/runnable/keyboard-focus-list.arcw,864,23,20,text,false,false,false,false
examples/ui-interaction-routing/runnable/settings-menu.arcw,1612,51,44,text,false,false,false,false
samples/README.md,1375,25,22,text,false,false,false,false
samples/agent-script/action-target-fields.awfagent,344,13,11,text,false,false,false,false
samples/agent-script/assertions-smoke.awfagent,262,12,10,text,false,false,false,false
samples/agent-script/cli-advance-text-smoke.awfagent,139,7,7,text,false,false,false,false
samples/agent-script/cli-attach-capture-smoke.awfagent,341,14,14,text,false,false,false,false
samples/agent-script/cli-attach-resource-smoke.awfagent,306,9,9,text,false,false,false,false
samples/agent-script/cli-budget-smoke.awfagent,337,17,17,text,false,false,false,false
samples/agent-script/cli-capture-smoke.awfagent,240,12,12,text,false,false,false,false
samples/agent-script/cli-composite-wait-smoke.awfagent,309,12,12,text,false,false,false,false
samples/agent-script/cli-pointer-click-smoke.awfagent,288,11,11,text,false,false,false,false
samples/agent-script/cli-read-resource-metadata-smoke.awfagent,510,12,12,text,false,false,false,false
samples/agent-script/cli-read-resource-smoke.awfagent,281,8,8,text,false,false,false,false
samples/agent-script/cli-read-resource-value-smoke.awfagent,242,7,7,text,false,false,false,false
samples/agent-script/cli-run-smoke.awfagent,123,7,7,text,false,false,false,false
samples/agent-script/cli-state-wait-smoke.awfagent,417,17,17,text,false,false,false,false
samples/agent-script/failure-investigation.awfagent,1296,47,40,text,false,false,false,false
samples/agent-script/native-advance-text-game.awfagent,191,11,8,text,false,false,false,false
samples/agent-script/native-choice-dispatch.arcw,631,24,19,text,false,false,false,false
samples/agent-script/native-choice-dispatch.awfagent,542,25,20,text,false,false,false,false
samples/agent-script/native-entity-meta.awfagent,379,14,12,text,false,false,false,false
samples/agent-script/native-flow-wait-smoke.awfagent,237,7,7,text,false,false,false,false
samples/agent-script/native-invoke-action.awfagent,237,11,8,text,false,false,false,false
samples/agent-script/native-project-graph-relations.arcw,274,15,12,text,false,false,false,false
samples/agent-script/native-project-graph-relations.awfagent,490,16,13,text,false,false,false,false
samples/agent-script/native-project-index.arcw,228,10,8,text,false,false,false,false
samples/agent-script/native-project-neighbors.awfagent,567,20,16,text,false,false,false,false
samples/agent-script/native-visual-regression.arcw,419,22,16,text,false,false,false,false
samples/agent-script/opening-smoke.awfagent,1137,49,44,text,false,false,false,false
samples/agent-script/repl-connect-smoke.txt,220,9,9,text,false,false,false,false
samples/agent-script/repl-inspection-smoke.txt,284,13,13,text,false,false,false,false
samples/agent-script/repl-live-binding-smoke.txt,292,11,11,text,false,false,false,false
samples/agent-script/repl-physical-pointer-smoke.txt,77,2,2,text,false,false,false,false
samples/agent-script/repl-smoke.txt,185,10,10,text,false,false,false,false
samples/agent-script/repl-trace-readonly-smoke.txt,177,7,7,text,false,false,false,false
samples/agent-script/visual-regression.awfagent,934,42,37,text,false,false,false,false
samples/desktop-capabilities.arcw,371,15,13,text,false,false,false,false
samples/desktop-owned-window-close.arcw,277,10,9,text,false,false,false,false
samples/desktop-owned-window-demo.arcw,1993,66,49,text,false,false,false,false
samples/image-animation.arcw,4236,155,124,text,false,false,false,false
samples/rich-text-effects-animation.arcw,4669,98,86,text,false,false,false,false
samples/rich-text-full-grammar.arcw,5698,127,108,text,false,false,false,false
samples/rich-text-profiled/README.md,1285,20,16,text,false,false,false,false
samples/rich-text-profiled/arcw.toml,243,11,10,text,false,false,false,false
samples/rich-text-profiled/src/main.arcw,1313,69,62,text,false,false,false,false
samples/rich-text-showcase.arcw,3492,117,103,text,false,false,false,false
samples/rich-text-windows-fonts.arcw,2938,101,89,text,false,false,false,false
samples/visual-novel-mini/README.md,2976,63,53,text,false,false,false,false
samples/visual-novel-mini/arcw.toml,525,29,24,text,false,false,false,false
samples/visual-novel-mini/benches/opening.arcw,265,9,7,text,false,false,false,false
samples/visual-novel-mini/src/game.arcw,1870,86,68,text,false,false,false,false
samples/visual-novel-mini/src/server.arcw,231,12,10,text,false,false,false,false
samples/visual-novel-mini/src/tool.arcw,128,9,7,text,false,false,false,false
samples/visual-novel-mini/tests/opening.arcw,400,17,14,test,false,true,false,false
tests/fixtures/arcw/current_pass/check/001_minimal_flow_return.arcw,41,3,3,test,false,true,false,false
tests/fixtures/arcw/current_pass/check/002_two_flow_goto.arcw,89,7,6,test,false,true,false,false
tests/fixtures/arcw/current_pass/check/003_simple_log_effect.arcw,65,4,4,test,false,true,false,false
tests/fixtures/arcw/current_pass/check/004_if_statement.arcw,88,6,6,test,false,true,false,false
tests/fixtures/arcw/current_pass/check/005_match_statement.arcw,105,6,6,test,false,true,false,false
tests/fixtures/arcw/current_pass/check/006_loop_break_value.arcw,138,10,9,test,false,true,false,false
tests/fixtures/arcw/current_pass/check/007_scope_value.arcw,157,8,8,test,false,true,false,false
tests/fixtures/arcw/current_pass/check/008_let_else_diverge.arcw,161,10,9,test,false,true,false,false
tests/fixtures/arcw/current_pass/check/009_choice_static_goto.arcw,132,9,8,test,false,true,false,false
tests/fixtures/arcw/current_pass/check/010_dialogue_basic.arcw,110,7,6,test,false,true,false,false
tests/fixtures/arcw/current_pass/check/011_dialogue_with_plan.arcw,169,9,8,test,false,true,false,false
tests/fixtures/arcw/current_pass/check/012_function_final_expr.arcw,104,7,6,test,false,true,false,false
tests/fixtures/arcw/current_pass/check/013_task_fn_await_shape.arcw,168,8,7,test,false,true,false,false
tests/fixtures/arcw/current_pass/check/014_struct_enum_type_alias.arcw,205,16,13,test,false,true,false,false
tests/fixtures/arcw/current_pass/check/015_state_defaults.arcw,153,8,7,test,false,true,false,false
tests/fixtures/arcw/current_pass/check/016_source_decl.arcw,222,12,10,test,false,true,false,false
tests/fixtures/arcw/current_pass/check/017_stream_fn_shape.arcw,144,9,8,test,false,true,false,false
tests/fixtures/arcw/current_pass/check/018_trait_impl_shape.arcw,222,16,13,test,false,true,false,false
tests/fixtures/arcw/current_pass/check/019_line_defer_cleanup.arcw,158,9,8,test,false,true,false,false
tests/fixtures/arcw/current_pass/check/020_relative_ids.arcw,168,11,10,test,false,true,false,false
tests/fixtures/arcw/current_pass/check/021_keyword_like_identifier_if_else.arcw,145,7,7,test,false,true,false,false
tests/fixtures/arcw/current_pass/check/022_family_relative_test_bench_ids.arcw,211,12,10,test,false,true,false,false
tests/fixtures/arcw/current_pass/check/023_dialogue_cancel_defer_on.arcw,366,16,15,test,false,true,false,false
tests/fixtures/arcw/current_pass/check/024_source_stream_for_yield.arcw,427,18,15,test,false,true,false,false
tests/fixtures/arcw/current_pass/check/025_proof_unsafe_lifetime.arcw,303,11,9,test,false,true,false,false
tests/fixtures/arcw/current_pass/check/026_headless_observation_calls.arcw,339,12,11,test,false,true,false,false
tests/fixtures/arcw/current_pass/check/027_dialogue_bare_scope_after_bracket_call.arcw,543,20,17,test,false,true,false,false
tests/fixtures/arcw/current_pass/run/001_return_done.arcw,43,3,3,test,false,true,false,false
tests/fixtures/arcw/current_pass/run/002_goto_done.arcw,89,7,6,test,false,true,false,false
tests/fixtures/arcw/current_pass/run/003_log_then_return.arcw,67,4,4,test,false,true,false,false
tests/fixtures/arcw/current_pass/run/004_signal_metric_event.arcw,267,9,8,test,false,true,false,false
tests/fixtures/arcw/current_pass/run/005_loop_break_route.arcw,138,10,9,test,false,true,false,false
tests/fixtures/arcw/current_pass/run/006_if_goto.arcw,138,10,9,test,false,true,false,false
tests/fixtures/arcw/current_pass/run/007_match_return.arcw,105,6,6,test,false,true,false,false
tests/fixtures/arcw/current_pass/run/008_scope_return.arcw,137,7,7,test,false,true,false,false
tests/fixtures/arcw/current_pass/run/009_dialogue_line.arcw,110,7,6,test,false,true,false,false
tests/fixtures/arcw/current_pass/run/010_line_task_effects.arcw,175,9,8,test,false,true,false,false
tests/fixtures/arcw/current_pass/run/011_source_stream_policy_plan.arcw,417,18,15,test,false,true,false,false
tests/fixtures/arcw/metadata/fixture_manifest.json,39980,1030,1030,test,false,true,false,false
tests/fixtures/arcw/spec_should_fail/001_absolute_unix_path.arcw,272,5,5,test,false,true,false,false
tests/fixtures/arcw/spec_should_fail/002_absolute_windows_path.arcw,274,5,5,test,false,true,false,false
tests/fixtures/arcw/spec_should_fail/003_old_at_command.arcw,66,4,4,test,false,true,false,false
tests/fixtures/arcw/spec_should_fail/004_face_line_option.arcw,102,4,4,test,false,true,false,false
tests/fixtures/arcw/spec_should_fail/005_bare_relative_goto.arcw,41,3,3,test,false,true,false,false
tests/fixtures/arcw/spec_should_fail/006_missing_capability_effect.arcw,216,8,8,test,false,true,false,false
tests/fixtures/arcw/spec_should_fail/007_direct_network_without_capability.arcw,125,4,4,test,false,true,false,false
tests/fixtures/arcw/spec_should_fail/008_runtime_frame_name_forbidden_doc_sample.arcw,107,4,4,test,false,true,false,false
tests/fixtures/arcw/spec_should_fail/009_ambiguous_bare_dot_id.arcw,40,3,3,test,false,true,false,false
tests/fixtures/arcw/spec_should_fail/010_old_spawn_line_plan.arcw,131,6,6,test,false,true,false,false
tests/fixtures/arcw/spec_should_fail/011_await_question_with_rejected.arcw,156,6,6,test,false,true,false,false
tests/fixtures/arcw/spec_should_fail/012_name_at_pattern_removed_rejected.arcw,179,6,6,test,false,true,false,false
tests/fixtures/arcw/spec_should_fail/013_continue_expr_position_rejected.arcw,109,6,6,test,false,true,false,false
tests/fixtures/arcw/spec_should_fail/014_let_else_non_diverging_rejected.arcw,195,10,9,test,false,true,false,false
tests/fixtures/arcw/spec_should_fail/015_break_value_in_while_rejected.arcw,92,6,6,test,false,true,false,false
tests/fixtures/arcw/spec_should_fail/016_yield_in_flow_rejected.arcw,65,4,4,test,false,true,false,false
tests/fixtures/arcw/spec_should_fail/017_out_in_flow_rejected.arcw,63,4,4,test,false,true,false,false
tests/fixtures/arcw/spec_should_fail/018_private_full_replay_rejected.arcw,235,12,10,test,false,true,false,false
tests/fixtures/arcw/spec_should_fail/019_unsafe_lifetime_missing_reason_rejected.arcw,219,6,5,test,false,true,false,false
tests/fixtures/arcw/spec_should_fail/020_unsafe_block_missing_safety_doc_rejected.arcw,206,5,5,test,false,true,false,false
tests/fixtures/arcw/spec_should_fail/021_await_question_with_context_rejected.arcw,258,8,7,test,false,true,false,false
tests/fixtures/arcw/spec_should_pass/bench/001_thread_scheduling.arcw,282,16,15,test,false,true,false,false
tests/fixtures/arcw/spec_should_pass/bench/002_map_pure_jit.arcw,465,16,14,test,false,true,false,false
tests/fixtures/arcw/spec_should_pass/bench/003_for_pure_jit.arcw,468,18,16,test,false,true,false,false
tests/fixtures/arcw/spec_should_pass/bench/004_system_info_threads.arcw,908,26,24,test,false,true,false,false
tests/fixtures/arcw/spec_should_pass/bench/005_inferred_pure_jit.arcw,398,15,13,test,false,true,false,false
tests/fixtures/arcw/spec_should_pass/bench/006_linear_aot.arcw,193,9,8,test,false,true,false,false
tests/fixtures/arcw/spec_should_pass/bench/007_branching_iter_pure_jit.arcw,757,24,22,test,false,true,false,false
tests/fixtures/arcw/spec_should_pass/bench/008_large_map_pure_batch.arcw,430,16,14,test,false,true,false,false
tests/fixtures/arcw/spec_should_pass/bench/009_nonuniform_map_pure_batch.arcw,1346,16,14,test,false,true,false,false
tests/fixtures/arcw/spec_should_pass/bench/010_dense_i32_sum.arcw,1149,10,9,test,false,true,false,false
tests/fixtures/arcw/spec_should_pass/bench/011_dense_u64_sum.arcw,1149,10,9,test,false,true,false,false
tests/fixtures/arcw/spec_should_pass/bench/012_dense_integer_widths_sum.arcw,2026,16,15,test,false,true,false,false
tests/fixtures/arcw/spec_should_pass/bench/013_dense_scalar_len.arcw,634,14,13,test,false,true,false,false
tests/fixtures/arcw/spec_should_pass/bench/014_dense_textual_scalar_len.arcw,592,16,14,test,false,true,false,false
tests/fixtures/arcw/spec_should_pass/bench/015_dense_wide_numeric_len.arcw,690,13,12,test,false,true,false,false
tests/fixtures/arcw/spec_should_pass/bench/016_dense_i32_map_pure_batch.arcw,1350,16,14,test,false,true,false,false
tests/fixtures/arcw/spec_should_pass/bench/017_dense_u32_map_pure_batch.arcw,1350,16,14,test,false,true,false,false
tests/fixtures/arcw/spec_should_pass/bench/018_dense_u64_map_pure_batch.arcw,1350,16,14,test,false,true,false,false
tests/fixtures/arcw/spec_should_pass/bench/019_dense_i128_map_pure_batch.arcw,1491,16,14,test,false,true,false,false
tests/fixtures/arcw/spec_should_pass/bench/020_dense_u128_map_pure_batch.arcw,1491,16,14,test,false,true,false,false
tests/fixtures/arcw/spec_should_pass/bench/021_columnar_record_projection.arcw,518,9,8,test,false,true,false,false
tests/fixtures/arcw/spec_should_pass/bench/022_dense_f32_map_pure_batch.arcw,431,15,13,test,false,true,false,false
tests/fixtures/arcw/spec_should_pass/bench/023_dense_f64_map_pure_batch.arcw,431,15,13,test,false,true,false,false
tests/fixtures/arcw/spec_should_pass/bench/024_matrix_matmul_f32.arcw,249,8,7,test,false,true,false,false
tests/fixtures/arcw/spec_should_pass/bench/025_matrix_add_f32.arcw,241,8,7,test,false,true,false,false
tests/fixtures/arcw/spec_should_pass/bench/026_tensor_add_f32.arcw,241,8,7,test,false,true,false,false
tests/fixtures/arcw/spec_should_pass/bench/027_matrix_matmul_f64.arcw,249,8,7,test,false,true,false,false
tests/fixtures/arcw/spec_should_pass/bench/028_tensor_add_f64.arcw,241,8,7,test,false,true,false,false
tests/fixtures/arcw/spec_should_pass/bench/029_dense_i8_map_pure_batch.arcw,508,16,14,test,false,true,false,false
tests/fixtures/arcw/spec_should_pass/bench/030_dense_i16_map_pure_batch.arcw,537,16,14,test,false,true,false,false
tests/fixtures/arcw/spec_should_pass/bench/031_dense_u8_map_pure_batch.arcw,508,16,14,test,false,true,false,false
tests/fixtures/arcw/spec_should_pass/bench/032_dense_u16_map_pure_batch.arcw,537,16,14,test,false,true,false,false
tests/fixtures/arcw/spec_should_pass/bench/033_mixed_for_iter_pure_jit.arcw,1200,42,35,test,false,true,false,false
tests/fixtures/arcw/spec_should_pass/bench/034_mixed_aot_prefix.arcw,286,13,12,test,false,true,false,false
tests/fixtures/arcw/spec_should_pass/bench/035_matrix_add_f64.arcw,241,8,7,test,false,true,false,false
tests/fixtures/arcw/spec_should_pass/bench/036_dense_isize_map_pure_batch.arcw,1632,16,14,test,false,true,false,false
tests/fixtures/arcw/spec_should_pass/bench/037_dense_usize_map_pure_batch.arcw,1632,16,14,test,false,true,false,false
tests/fixtures/arcw/spec_should_pass/bench/038_wide_for_pure_jit.arcw,716,28,24,test,false,true,false,false
tests/fixtures/arcw/spec_should_pass/bench/039_hot_for_pure_auto_jit.arcw,677,28,24,test,false,true,false,false
tests/fixtures/arcw/spec_should_pass/bench/040_mixed_width_for_iter_pure_jit.arcw,2178,70,61,test,false,true,false,false
tests/fixtures/arcw/spec_should_pass/check/001_entry_game.arcw,93,7,6,test,false,true,false,false
tests/fixtures/arcw/spec_should_pass/check/002_entry_cli.arcw,88,7,6,test,false,true,false,false
tests/fixtures/arcw/spec_should_pass/check/003_entry_server.arcw,97,7,6,test,false,true,false,false
tests/fixtures/arcw/spec_should_pass/check/004_entry_activity.arcw,103,7,6,test,false,true,false,false
tests/fixtures/arcw/spec_should_pass/check/005_entry_test.arcw,91,7,6,test,false,true,false,false
tests/fixtures/arcw/spec_should_pass/check/006_entry_bench.arcw,94,7,6,test,false,true,false,false
tests/fixtures/arcw/spec_should_pass/check/010_capability_fs_read.arcw,413,14,12,test,false,true,false,false
tests/fixtures/arcw/spec_should_pass/check/011_capability_fs_write.arcw,422,14,12,test,false,true,false,false
tests/fixtures/arcw/spec_should_pass/check/012_capability_stdio.arcw,373,13,11,test,false,true,false,false
tests/fixtures/arcw/spec_should_pass/check/013_capability_http_entry.arcw,328,13,11,test,false,true,false,false
tests/fixtures/arcw/spec_should_pass/check/014_virtual_path_reject_os_paths_positive.arcw,384,14,13,test,false,true,false,false
tests/fixtures/arcw/spec_should_pass/check/020_multiline_struct_field_default.arcw,158,8,7,test,false,true,false,false
tests/fixtures/arcw/spec_should_pass/check/021_multiline_enum_variant_payload.arcw,145,8,7,test,false,true,false,false
tests/fixtures/arcw/spec_should_pass/check/022_multiline_trait_method.arcw,142,8,7,test,false,true,false,false
tests/fixtures/arcw/spec_should_pass/check/023_trait_default_method_body.arcw,114,7,6,test,false,true,false,false
tests/fixtures/arcw/spec_should_pass/check/024_reducer_body_structured.arcw,185,6,5,test,false,true,false,false
tests/fixtures/arcw/spec_should_pass/check/025_view_body_structured.arcw,157,6,5,test,false,true,false,false
tests/fixtures/arcw/spec_should_pass/check/026_pure_fn_call_value_position.arcw,153,10,9,test,false,true,false,false
tests/fixtures/arcw/spec_should_pass/check/027_method_call_value_position.arcw,141,8,7,test,false,true,false,false
tests/fixtures/arcw/spec_should_pass/check/028_index_expr_value_position.arcw,137,6,6,test,false,true,false,false
tests/fixtures/arcw/spec_should_pass/check/029_range_expr_value_position.arcw,100,5,5,test,false,true,false,false
tests/fixtures/arcw/spec_should_pass/check/030_closure_pipeline_value_position.arcw,160,6,6,test,false,true,false,false
tests/fixtures/arcw/spec_should_pass/check/031_nested_braces_in_string.arcw,125,8,7,test,false,true,false,false
tests/fixtures/arcw/spec_should_pass/check/032_raw_dialogue_braces.arcw,129,5,5,test,false,true,false,false
tests/fixtures/arcw/spec_should_pass/check/033_struct_doc_multiline_field.arcw,181,8,5,test,false,true,false,false
tests/fixtures/arcw/spec_should_pass/check/034_function_multiline_signature.arcw,137,8,7,test,false,true,false,false
tests/fixtures/arcw/spec_should_pass/check/035_impl_multiline_fn_body.arcw,199,11,10,test,false,true,false,false
tests/fixtures/arcw/spec_should_pass/check/036_source_handler_block_body.arcw,272,13,11,test,false,true,false,false
tests/fixtures/arcw/spec_should_pass/check/037_entry_selected_not_first_flow.arcw,134,4,3,test,false,true,false,false
tests/fixtures/arcw/spec_should_pass/check/038_flow_effect_capability_annotation.arcw,204,6,6,test,false,true,false,false
tests/fixtures/arcw/spec_should_pass/check/039_top_level_test_uses_entry.arcw,189,7,6,test,false,true,false,false
tests/fixtures/arcw/spec_should_pass/check/040_activity_entry.arcw,124,4,4,test,false,true,false,false
tests/fixtures/arcw/spec_should_pass/check/041_entry_declaration_edge.arcw,97,7,6,test,false,true,false,false
tests/fixtures/arcw/spec_should_pass/check/042_entry_bare_start.arcw,125,6,5,test,false,true,false,false
tests/fixtures/arcw/spec_should_pass/check/042_fn_result_match_final_expr.arcw,310,16,15,test,false,true,false,false
tests/fixtures/arcw/spec_should_pass/check/043_struct_destructure_multiline_literal.arcw,278,19,17,test,false,true,false,false
tests/fixtures/arcw/spec_should_pass/check/044_pattern_binding_combo.arcw,429,18,16,test,false,true,false,false
tests/fixtures/arcw/spec_should_pass/check/045_dialogue_sugar_ruby_timed_cancel.arcw,415,15,14,test,false,true,false,false
tests/fixtures/arcw/spec_should_pass/check/046_source_stream_payload_edge.arcw,517,19,16,test,false,true,false,false
tests/fixtures/arcw/spec_should_pass/check/047_relative_declaration_families_edge.arcw,266,18,14,test,false,true,false,false
tests/fixtures/arcw/spec_should_pass/check/048_literals_units_char_edge.arcw,121,7,7,test,false,true,false,false
tests/fixtures/arcw/spec_should_pass/check/049_await_context_option_boundaries.arcw,645,23,19,test,false,true,false,false
tests/fixtures/arcw/spec_should_pass/check/050_comments_strings_unicode_paths.arcw,431,8,7,test,false,true,false,false
tests/fixtures/arcw/spec_should_pass/check/051_collections_vec_array_methods.arcw,313,14,13,test,false,true,false,false
tests/fixtures/arcw/spec_should_pass/check/052_deep_relative_ids_and_family_refs.arcw,400,19,16,test,false,true,false,false
tests/fixtures/arcw/spec_should_pass/check/053_dialogue_rich_text_full_grammar.arcw,4273,124,104,test,false,true,false,false
tests/fixtures/arcw/spec_should_pass/run/001_cli_stdout_entry.arcw,290,9,9,test,false,true,false,false
tests/fixtures/arcw/spec_should_pass/run/002_file_read_task.arcw,390,7,7,test,false,true,false,false
tests/fixtures/arcw/spec_should_pass/run/003_file_write_task.arcw,400,7,7,test,false,true,false,false
tests/fixtures/arcw/spec_should_pass/run/004_server_health.arcw,310,5,5,test,false,true,false,false
tests/fixtures/arcw/spec_should_pass/run/005_pure_call_runtime.arcw,119,6,6,test,false,true,false,false
tests/fixtures/arcw/spec_should_pass/run/006_entry_second_flow.arcw,133,3,3,test,false,true,false,false
tests/fixtures/arcw/spec_should_pass/run/007_source_stream_payload.arcw,216,8,8,test,false,true,false,false
tests/fixtures/arcw/spec_should_pass/run/008_method_value_runtime.arcw,134,5,5,test,false,true,false,false
tests/fixtures/arcw/spec_should_pass/run/009_index_runtime.arcw,69,4,4,test,false,true,false,false
tests/fixtures/arcw/spec_should_pass/run/010_runtime_step_budget_many_ops.arcw,128,8,8,test,false,true,false,false
tests/fixtures/arcw/spec_should_pass/run/011_dialogue_line_value_and_handle_discard.arcw,419,15,13,test,false,true,false,false
tests/fixtures/native_capture/README.md,3455,47,42,test,false,true,false,false
tests/fixtures/native_capture/vertical_goal_clear_smoke.arcw,646,21,18,test,false,true,false,false
tests/fixtures/native_capture/vertical_jlreq_preset_loose_golden.arcw,573,20,17,test,false,true,false,false
tests/fixtures/native_capture/vertical_jlreq_preset_normal_golden.arcw,579,20,17,test,false,true,false,false
tests/fixtures/native_capture/vertical_lr_ruby_text_combine_golden.arcw,571,20,17,test,false,true,false,false
tests/fixtures/native_capture/vertical_tutr_golden.arcw,515,20,17,test,false,true,false,false
tools/structure-audit/README.md,714,20,15,text,false,false,false,false
tools/structure-audit/src/args.rs,3273,108,98,production,true,false,false,true
tools/structure-audit/src/cargo_manifest.rs,5586,177,160,production,true,false,false,true
tools/structure-audit/src/metrics.rs,8232,304,280,production,true,false,false,true
tools/structure-audit/src/report.rs,5278,180,168,production,true,false,false,true
tools/structure-audit/src/rules.rs,9108,263,248,production,true,false,false,true
tools/structure-audit/src/walk.rs,1424,58,51,production,true,false,false,true
tools/structure-audit.rs,1825,71,63,production,true,false,false,false
tools/capture-webgpu-native-frame.rs,6827,183,171,production,true,false,false,false
tools/generate-webgpu-demo-assets.rs,9886,298,270,production,true,false,false,false
tools/generate_jlreq_punctuation_data.rs,16116,422,398,production,true,false,false,false
tools/verify-webgpu-parity.rs,13635,405,385,production,true,false,false,false
web/README.md,3519,97,71,text,false,false,false,false
web/arcweft-grant-storage.js,7170,241,211,text,false,false,false,false
web/arcweft-microphone-worklet.js,1325,49,44,text,false,false,false,false
web/arcweft.web_frame_observation.v1.schema.json,3706,114,114,text,false,false,false,false
web/arcweft.web_observation.v2.schema.json,1578,42,42,text,false,false,false,false
web/assets/LICENSE-NotoSans.txt,4377,94,76,text,false,false,false,false
web/assets/README.md,653,17,12,text,false,false,false,false
web/demo.arcw,1584,73,62,text,false,false,false,false
web/deno.json,111,5,5,text,false,false,false,false
web/index.html,678,18,18,text,false,false,false,false
web/package-lock.json,1695,60,60,text,false,false,false,false
web/package.json,197,11,11,text,false,false,false,false
web/pkg/arcweft_player_web.d.ts,3816,61,33,text,false,false,false,false
web/pkg/arcweft_player_web.js,118279,2755,2581,text,false,false,false,false
web/pkg/arcweft_player_web_bg.wasm.d.ts,2558,28,26,text,false,false,false,false
web/player.js,2152,65,55,text,false,false,false,false
web/style.css,746,45,40,text,false,false,false,false
web/test-results/.last-run.json,292,10,10,text,false,false,false,false
