path,owner,bytes,physical_lines,code_lines,classification,is_rust,embedded_test_lines
crates/arcweft/Cargo.toml,arcweft,645,26,23,text,false,0
crates/arcweft/src/lib.rs,arcweft,845,49,33,facade,true,0
crates/arcweft-adapter-context/Cargo.toml,arcweft-adapter-context,471,22,19,text,false,0
crates/arcweft-adapter-context/src/callable.rs,arcweft-adapter-context,16900,543,488,production,true,84
crates/arcweft-adapter-context/src/codec.rs,arcweft-adapter-context,42321,1203,1109,production,true,254
crates/arcweft-adapter-context/src/lib.rs,arcweft-adapter-context,393,11,5,facade,true,0
crates/arcweft-adapter-context/src/manifest/nominal.rs,arcweft-adapter-context,12748,386,311,production,true,35
crates/arcweft-adapter-context/src/manifest/registry.rs,arcweft-adapter-context,2087,74,52,production,true,0
crates/arcweft-adapter-context/src/manifest/tests.rs,arcweft-adapter-context,5352,155,143,test,true,0
crates/arcweft-adapter-context/src/manifest.rs,arcweft-adapter-context,30835,922,729,production,true,0
crates/arcweft-adapter-context/src/standard.rs,arcweft-adapter-context,21879,617,557,production,true,112
crates/arcweft-adapter-context/src/symbol.rs,arcweft-adapter-context,5300,163,132,production,true,56
crates/arcweft-adapter-context/tests/public_symbol_api.rs,arcweft-adapter-context,713,20,17,test,true,0
crates/arcweft-adapter-desktop/Cargo.toml,arcweft-adapter-desktop,564,22,19,text,false,0
crates/arcweft-adapter-desktop/src/adapter.rs,arcweft-adapter-desktop,15488,436,408,production,true,0
crates/arcweft-adapter-desktop/src/codec.rs,arcweft-adapter-desktop,12538,344,326,production,true,86
crates/arcweft-adapter-desktop/src/lib.rs,arcweft-adapter-desktop,1850,32,25,facade,true,0
crates/arcweft-adapter-desktop/src/manifest.rs,arcweft-adapter-desktop,22168,600,551,production,true,124
crates/arcweft-adapter-desktop/tests/native_integration.rs,arcweft-adapter-desktop,2878,77,73,test,true,0
crates/arcweft-adapter-metadata/Cargo.toml,arcweft-adapter-metadata,366,17,15,text,false,0
crates/arcweft-adapter-metadata/src/codec.rs,arcweft-adapter-metadata,9599,277,249,production,true,0
crates/arcweft-adapter-metadata/src/lib.rs,arcweft-adapter-metadata,874,19,15,facade,true,0
crates/arcweft-adapter-metadata/src/model.rs,arcweft-adapter-metadata,7914,268,233,production,true,0
crates/arcweft-adapter-metadata/src/strict_json.rs,arcweft-adapter-metadata,15204,503,440,production,true,89
crates/arcweft-adapter-metadata/tests/codec.rs,arcweft-adapter-metadata,8736,231,213,test,true,0
crates/arcweft-adapter-metadata/tests/fixtures/truck-rust.adapter.json,arcweft-adapter-metadata,2092,81,81,text,false,0
crates/arcweft-adapter-sema/Cargo.toml,arcweft-adapter-sema,571,24,21,text,false,0
crates/arcweft-adapter-sema/src/lib.rs,arcweft-adapter-sema,347,9,2,facade,true,0
crates/arcweft-adapter-sema/src/registration/input/digest.rs,arcweft-adapter-sema,23528,657,608,production,true,25
crates/arcweft-adapter-sema/src/registration/input/source.rs,arcweft-adapter-sema,44220,1184,1129,production,true,0
crates/arcweft-adapter-sema/src/registration/input.rs,arcweft-adapter-sema,53364,1359,1305,production,true,0
crates/arcweft-adapter-sema/src/registration/tests.rs,arcweft-adapter-sema,24331,644,608,test,true,0
crates/arcweft-adapter-sema/src/registration.rs,arcweft-adapter-sema,11825,309,279,production,true,0
crates/arcweft-adt/Cargo.toml,arcweft-adt,210,13,11,text,false,0
crates/arcweft-adt/src/lib.rs,arcweft-adt,36796,1461,1036,facade,true,121
crates/arcweft-agent-mcp/Cargo.toml,arcweft-agent-mcp,594,23,20,text,false,0
crates/arcweft-agent-mcp/src/lib.rs,arcweft-agent-mcp,396,13,6,facade,true,0
crates/arcweft-agent-mcp/src/model.rs,arcweft-agent-mcp,4846,138,110,production,true,0
crates/arcweft-agent-mcp/src/repl_command.rs,arcweft-agent-mcp,7618,223,179,production,true,46
crates/arcweft-agent-mcp/src/resources.rs,arcweft-agent-mcp,11619,292,262,production,true,0
crates/arcweft-agent-mcp/src/tests.rs,arcweft-agent-mcp,49646,1382,1311,test,true,0
crates/arcweft-agent-mcp/src/tools.rs,arcweft-agent-mcp,46400,820,789,production,true,0
crates/arcweft-agent-mcp/tests/descriptor_invariants.rs,arcweft-agent-mcp,2149,71,65,test,true,0
crates/arcweft-agent-mcp/tests/repl_command.rs,arcweft-agent-mcp,8100,240,212,test,true,0
crates/arcweft-agent-mcp-client/Cargo.toml,arcweft-agent-mcp-client,462,18,16,text,false,0
crates/arcweft-agent-mcp-client/src/lib.rs,arcweft-agent-mcp-client,17099,523,471,facade,true,169
crates/arcweft-agent-policy/Cargo.toml,arcweft-agent-policy,513,21,19,text,false,0
crates/arcweft-agent-policy/src/decode.rs,arcweft-agent-policy,4378,134,124,production,true,0
crates/arcweft-agent-policy/src/gate.rs,arcweft-agent-policy,17869,466,443,production,true,0
crates/arcweft-agent-policy/src/lib.rs,arcweft-agent-policy,626,19,11,facade,true,0
crates/arcweft-agent-policy/src/publication.rs,arcweft-agent-policy,605,22,17,production,true,0
crates/arcweft-agent-policy/src/published.rs,arcweft-agent-policy,5918,174,155,production,true,0
crates/arcweft-agent-policy/src/scene.rs,arcweft-agent-policy,4416,95,90,production,true,0
crates/arcweft-agent-policy/src/tests.rs,arcweft-agent-policy,14589,406,364,test,true,0
crates/arcweft-agent-protocol/Cargo.toml,arcweft-agent-protocol,712,27,24,text,false,0
crates/arcweft-agent-protocol/src/action.rs,arcweft-agent-protocol,823,30,24,production,true,0
crates/arcweft-agent-protocol/src/artifact.rs,arcweft-agent-protocol,7245,209,166,production,true,89
crates/arcweft-agent-protocol/src/diagnostic.rs,arcweft-agent-protocol,758,24,20,production,true,0
crates/arcweft-agent-protocol/src/geometry.rs,arcweft-agent-protocol,1687,68,56,production,true,0
crates/arcweft-agent-protocol/src/hit_test.rs,arcweft-agent-protocol,1435,39,35,test,true,0
crates/arcweft-agent-protocol/src/ids.rs,arcweft-agent-protocol,10411,383,314,production,true,63
crates/arcweft-agent-protocol/src/image.rs,arcweft-agent-protocol,33116,934,831,production,true,0
crates/arcweft-agent-protocol/src/lib.rs,arcweft-agent-protocol,636,31,23,facade,true,0
crates/arcweft-agent-protocol/src/object.rs,arcweft-agent-protocol,6513,169,151,production,true,0
crates/arcweft-agent-protocol/src/observation.rs,arcweft-agent-protocol,8482,218,192,production,true,0
crates/arcweft-agent-protocol/src/predicate.rs,arcweft-agent-protocol,4800,176,154,production,true,84
crates/arcweft-agent-protocol/src/presentation.rs,arcweft-agent-protocol,23377,654,605,production,true,229
crates/arcweft-agent-protocol/src/protocol.rs,arcweft-agent-protocol,10993,353,294,production,true,59
crates/arcweft-agent-protocol/src/proxy.rs,arcweft-agent-protocol,5580,131,120,production,true,0
crates/arcweft-agent-protocol/src/resource.rs,arcweft-agent-protocol,7743,246,211,production,true,0
crates/arcweft-agent-protocol/src/rich_text.rs,arcweft-agent-protocol,4284,116,103,production,true,0
crates/arcweft-agent-protocol/src/serde_helpers.rs,arcweft-agent-protocol,387,18,15,production,true,0
crates/arcweft-agent-protocol/src/session.rs,arcweft-agent-protocol,411,15,11,production,true,0
crates/arcweft-agent-protocol/src/tests.rs,arcweft-agent-protocol,46854,1315,1266,test,true,0
crates/arcweft-agent-protocol/src/trace.rs,arcweft-agent-protocol,920,33,29,production,true,0
crates/arcweft-agent-protocol/src/value.rs,arcweft-agent-protocol,488,18,16,production,true,0
crates/arcweft-agent-protocol/src/verified_effects.rs,arcweft-agent-protocol,1325,39,28,production,true,0
crates/arcweft-agent-protocol/src/view.rs,arcweft-agent-protocol,4117,131,95,production,true,0
crates/arcweft-agent-repl/Cargo.toml,arcweft-agent-repl,1129,41,35,text,false,0
crates/arcweft-agent-repl/src/binding.rs,arcweft-agent-repl,9893,304,284,production,true,0
crates/arcweft-agent-repl/src/cell.rs,arcweft-agent-repl,6307,240,198,production,true,0
crates/arcweft-agent-repl/src/command/dispatch.rs,arcweft-agent-repl,16762,482,439,production,true,0
crates/arcweft-agent-repl/src/command/endpoint.rs,arcweft-agent-repl,7687,204,161,production,true,0
crates/arcweft-agent-repl/src/command/host.rs,arcweft-agent-repl,3645,116,90,production,true,0
crates/arcweft-agent-repl/src/command/json.rs,arcweft-agent-repl,26773,709,639,production,true,56
crates/arcweft-agent-repl/src/command/parse.rs,arcweft-agent-repl,11444,329,301,production,true,0
crates/arcweft-agent-repl/src/command/runtime_task.rs,arcweft-agent-repl,3847,123,109,production,true,0
crates/arcweft-agent-repl/src/command/types.rs,arcweft-agent-repl,17731,636,519,production,true,0
crates/arcweft-agent-repl/src/command.rs,arcweft-agent-repl,2045,45,37,production,true,0
crates/arcweft-agent-repl/src/compile.rs,arcweft-agent-repl,9847,276,264,production,true,40
crates/arcweft-agent-repl/src/diagnostics.rs,arcweft-agent-repl,32592,855,774,production,true,408
crates/arcweft-agent-repl/src/error.rs,arcweft-agent-repl,3435,96,81,production,true,0
crates/arcweft-agent-repl/src/evidence.rs,arcweft-agent-repl,3661,130,109,production,true,0
crates/arcweft-agent-repl/src/hash.rs,arcweft-agent-repl,632,17,16,production,true,0
crates/arcweft-agent-repl/src/lib.rs,arcweft-agent-repl,2150,52,43,facade,true,0
crates/arcweft-agent-repl/src/runtime.rs,arcweft-agent-repl,7383,267,231,production,true,0
crates/arcweft-agent-repl/src/session.rs,arcweft-agent-repl,19661,575,536,production,true,0
crates/arcweft-agent-repl/src/source.rs,arcweft-agent-repl,11908,370,349,production,true,66
crates/arcweft-agent-repl/src/tier.rs,arcweft-agent-repl,2268,83,66,production,true,0
crates/arcweft-agent-repl/src/tiering.rs,arcweft-agent-repl,26210,779,711,production,true,0
crates/arcweft-agent-repl/tests/api_compile.rs,arcweft-agent-repl,165,5,5,test,true,0
crates/arcweft-agent-repl/tests/repl_cell.rs,arcweft-agent-repl,5296,155,140,test,true,0
crates/arcweft-agent-repl/tests/repl_command.rs,arcweft-agent-repl,8611,246,214,test,true,0
crates/arcweft-agent-repl/tests/repl_task_adapter.rs,arcweft-agent-repl,5712,163,147,test,true,0
crates/arcweft-agent-repl/tests/repl_tiering.rs,arcweft-agent-repl,7025,194,174,test,true,0
crates/arcweft-agent-repl/tests/repl_trace.rs,arcweft-agent-repl,7389,217,192,test,true,0
crates/arcweft-agent-repl/tests/repl_transaction.rs,arcweft-agent-repl,1377,39,36,test,true,0
crates/arcweft-agent-repl/tests/runtime_assertion_diagnostic.rs,arcweft-agent-repl,11382,299,294,test,true,0
crates/arcweft-agent-repl/tests/ui/source_module_private.rs,arcweft-agent-repl,46,3,2,test,true,0
crates/arcweft-agent-runner/Cargo.toml,arcweft-agent-runner,661,25,22,text,false,0
crates/arcweft-agent-runner/src/assertion.rs,arcweft-agent-runner,918,26,23,production,true,0
crates/arcweft-agent-runner/src/budget.rs,arcweft-agent-runner,4781,147,139,production,true,0
crates/arcweft-agent-runner/src/config.rs,arcweft-agent-runner,2324,83,68,production,true,0
crates/arcweft-agent-runner/src/effect_policy.rs,arcweft-agent-runner,6041,155,129,production,true,0
crates/arcweft-agent-runner/src/error.rs,arcweft-agent-runner,3420,76,73,production,true,0
crates/arcweft-agent-runner/src/host_request.rs,arcweft-agent-runner,8713,219,213,production,true,0
crates/arcweft-agent-runner/src/label_parse.rs,arcweft-agent-runner,19745,562,532,production,true,0
crates/arcweft-agent-runner/src/lib.rs,arcweft-agent-runner,594,24,16,facade,true,0
crates/arcweft-agent-runner/src/policy.rs,arcweft-agent-runner,1464,53,45,production,true,0
crates/arcweft-agent-runner/src/predicate.rs,arcweft-agent-runner,6413,163,153,production,true,0
crates/arcweft-agent-runner/src/runner.rs,arcweft-agent-runner,34253,883,842,production,true,0
crates/arcweft-agent-runner/src/runtime_args.rs,arcweft-agent-runner,7466,207,189,production,true,0
crates/arcweft-agent-runner/src/runtime_payload.rs,arcweft-agent-runner,29011,800,773,production,true,0
crates/arcweft-agent-runner/src/runtime_value.rs,arcweft-agent-runner,19434,477,451,production,true,0
crates/arcweft-agent-runner/src/session.rs,arcweft-agent-runner,7013,208,172,production,true,0
crates/arcweft-agent-runner/src/tests.rs,arcweft-agent-runner,101685,2852,2673,test,true,0
crates/arcweft-audio-codec/Cargo.toml,arcweft-audio-codec,616,27,23,text,false,0
crates/arcweft-audio-codec/README.md,arcweft-audio-codec,208,5,4,text,false,0
crates/arcweft-audio-codec/src/lib.rs,arcweft-audio-codec,9488,255,235,facade,true,0
crates/arcweft-audio-codec/tests/resample.rs,arcweft-audio-codec,449,11,10,test,true,0
crates/arcweft-audio-core/Cargo.toml,arcweft-audio-core,390,22,18,text,false,0
crates/arcweft-audio-core/src/graph.rs,arcweft-audio-core,23264,659,631,production,true,0
crates/arcweft-audio-core/src/lib.rs,arcweft-audio-core,152,7,4,facade,true,0
crates/arcweft-audio-core/src/prepared.rs,arcweft-audio-core,16270,521,493,production,true,0
crates/arcweft-audio-core/tests/graph.rs,arcweft-audio-core,1446,40,38,test,true,0
crates/arcweft-audio-device-cpal/Cargo.toml,arcweft-audio-device-cpal,1466,54,49,text,false,0
crates/arcweft-audio-device-cpal/src/lib.rs,arcweft-audio-device-cpal,659,19,12,facade,true,0
crates/arcweft-audio-device-cpal/src/native_microphone.rs,arcweft-audio-device-cpal,5585,155,146,production,true,0
crates/arcweft-audio-device-cpal/src/output.rs,arcweft-audio-device-cpal,8380,230,215,production,true,0
crates/arcweft-audio-device-cpal/src/web_microphone.rs,arcweft-audio-device-cpal,7918,208,194,production,true,0
crates/arcweft-audio-mixer/Cargo.toml,arcweft-audio-mixer,362,19,16,text,false,0
crates/arcweft-audio-mixer/src/effect.rs,arcweft-audio-mixer,16378,486,458,production,true,0
crates/arcweft-audio-mixer/src/lib.rs,arcweft-audio-mixer,19312,592,560,facade,true,0
crates/arcweft-audio-mixer/tests/mixer.rs,arcweft-audio-mixer,2666,75,73,test,true,0
crates/arcweft-browser-bench/Cargo.toml,arcweft-browser-bench,908,32,27,text,false,0
crates/arcweft-browser-bench/src/bin/browser_bench_host.rs,arcweft-browser-bench,7103,226,214,production,true,0
crates/arcweft-browser-bench/src/correctness.rs,arcweft-browser-bench,1002,36,32,production,true,0
crates/arcweft-browser-bench/src/lib.rs,arcweft-browser-bench,254,16,11,facade,true,0
crates/arcweft-browser-bench/src/model.rs,arcweft-browser-bench,9254,293,272,production,true,0
crates/arcweft-browser-bench/src/policy.rs,arcweft-browser-bench,3554,86,82,production,true,0
crates/arcweft-browser-bench/src/recommend.rs,arcweft-browser-bench,9515,259,251,production,true,0
crates/arcweft-browser-bench/src/runner/add_case.rs,arcweft-browser-bench,23196,525,522,production,true,0
crates/arcweft-browser-bench/src/runner/browser.rs,arcweft-browser-bench,632,20,17,production,true,0
crates/arcweft-browser-bench/src/runner/capture.rs,arcweft-browser-bench,854,26,22,production,true,0
crates/arcweft-browser-bench/src/runner/case.rs,arcweft-browser-bench,5452,171,162,production,true,0
crates/arcweft-browser-bench/src/runner/config.rs,arcweft-browser-bench,316,9,8,production,true,0
crates/arcweft-browser-bench/src/runner/cpu.rs,arcweft-browser-bench,916,27,23,production,true,0
crates/arcweft-browser-bench/src/runner/estimate.rs,arcweft-browser-bench,1174,33,30,production,true,0
crates/arcweft-browser-bench/src/runner/matmul_case.rs,arcweft-browser-bench,33448,781,778,production,true,0
crates/arcweft-browser-bench/src/runner/mode.rs,arcweft-browser-bench,2828,82,75,production,true,0
crates/arcweft-browser-bench/src/runner/pipelined.rs,arcweft-browser-bench,15501,420,412,production,true,0
crates/arcweft-browser-bench/src/runner/wasm.rs,arcweft-browser-bench,4090,107,104,production,true,0
crates/arcweft-browser-bench/src/runner.rs,arcweft-browser-bench,142,12,11,production,true,0
crates/arcweft-browser-bench/src/stability.rs,arcweft-browser-bench,2038,58,57,production,true,0
crates/arcweft-browser-bench/src/stats.rs,arcweft-browser-bench,199,7,7,production,true,0
crates/arcweft-browser-bench/src/tests.rs,arcweft-browser-bench,13824,481,461,test,true,0
crates/arcweft-browser-bench/web/index.html,arcweft-browser-bench,2104,94,85,text,false,0
crates/arcweft-browser-bench/web/run.js,arcweft-browser-bench,5723,221,209,text,false,0
crates/arcweft-bundle/Cargo.toml,arcweft-bundle,1716,57,53,text,false,0
crates/arcweft-bundle/src/character_package.rs,arcweft-bundle,4949,127,115,production,true,0
crates/arcweft-bundle/src/container/identity.rs,arcweft-bundle,1526,47,42,production,true,0
crates/arcweft-bundle/src/container/opaque.rs,arcweft-bundle,1404,56,46,production,true,0
crates/arcweft-bundle/src/container.rs,arcweft-bundle,78577,2398,2174,production,true,662
crates/arcweft-bundle/src/fx_definitions.rs,arcweft-bundle,9590,260,234,production,true,46
crates/arcweft-bundle/src/lib.rs,arcweft-bundle,88062,2377,2171,facade,true,811
crates/arcweft-bundle/src/logical_identity.rs,arcweft-bundle,1775,42,32,production,true,0
crates/arcweft-bundle/src/patch.rs,arcweft-bundle,65855,1784,1657,production,true,145
crates/arcweft-bundle/src/product/source_projection.rs,arcweft-bundle,679,22,21,production,true,0
crates/arcweft-bundle/src/product/style_cross_section.rs,arcweft-bundle,7064,192,186,production,true,0
crates/arcweft-bundle/src/product.rs,arcweft-bundle,52854,1419,1315,production,true,574
crates/arcweft-bundle/src/product_awbc.rs,arcweft-bundle,3084,98,83,production,true,0
crates/arcweft-bundle/src/release/archive.rs,arcweft-bundle,38936,1036,943,production,true,184
crates/arcweft-bundle/src/release/signing_policy.rs,arcweft-bundle,34428,932,851,production,true,202
crates/arcweft-bundle/src/release/verification_trust/tests.rs,arcweft-bundle,36073,1021,941,test,true,0
crates/arcweft-bundle/src/release/verification_trust.rs,arcweft-bundle,38877,1095,1008,production,true,0
crates/arcweft-bundle/src/release.rs,arcweft-bundle,79533,2190,2032,production,true,994
crates/arcweft-bundle/src/resource_codec/budget.rs,arcweft-bundle,1624,52,39,production,true,0
crates/arcweft-bundle/src/resource_codec/codec_io.rs,arcweft-bundle,2504,80,66,production,true,0
crates/arcweft-bundle/src/resource_codec/error.rs,arcweft-bundle,3398,78,76,production,true,0
crates/arcweft-bundle/src/resource_codec/field.rs,arcweft-bundle,9295,308,276,production,true,0
crates/arcweft-bundle/src/resource_codec/header.rs,arcweft-bundle,5705,163,148,production,true,0
crates/arcweft-bundle/src/resource_codec/inspection.rs,arcweft-bundle,3198,92,82,production,true,0
crates/arcweft-bundle/src/resource_codec/kind.rs,arcweft-bundle,7992,206,185,production,true,0
crates/arcweft-bundle/src/resource_codec/locale_catalog/decode.rs,arcweft-bundle,23128,653,622,production,true,0
crates/arcweft-bundle/src/resource_codec/locale_catalog/encode.rs,arcweft-bundle,12965,366,345,production,true,0
crates/arcweft-bundle/src/resource_codec/locale_catalog/error.rs,arcweft-bundle,3964,100,96,production,true,0
crates/arcweft-bundle/src/resource_codec/locale_catalog/wire.rs,arcweft-bundle,7469,206,190,production,true,0
crates/arcweft-bundle/src/resource_codec/locale_catalog.rs,arcweft-bundle,970,31,20,production,true,0
crates/arcweft-bundle/src/resource_codec/product_catalog.rs,arcweft-bundle,17115,511,457,production,true,0
crates/arcweft-bundle/src/resource_codec/runtime.rs,arcweft-bundle,73608,2085,1927,production,true,65
crates/arcweft-bundle/src/resource_codec/source_map/codec.rs,arcweft-bundle,12356,306,295,production,true,0
crates/arcweft-bundle/src/resource_codec/source_map/error.rs,arcweft-bundle,3494,93,88,production,true,0
crates/arcweft-bundle/src/resource_codec/source_map/model.rs,arcweft-bundle,12309,337,289,production,true,38
crates/arcweft-bundle/src/resource_codec/source_map.rs,arcweft-bundle,361,11,8,production,true,0
crates/arcweft-bundle/src/resource_codec/table.rs,arcweft-bundle,10443,345,294,production,true,0
crates/arcweft-bundle/src/resource_codec/types.rs,arcweft-bundle,4066,141,115,production,true,0
crates/arcweft-bundle/src/resource_codec/view/codec/part.rs,arcweft-bundle,5335,138,129,production,true,0
crates/arcweft-bundle/src/resource_codec/view/codec/style.rs,arcweft-bundle,20739,551,523,production,true,0
crates/arcweft-bundle/src/resource_codec/view/codec/style_environment.rs,arcweft-bundle,10367,308,288,production,true,25
crates/arcweft-bundle/src/resource_codec/view/codec/text.rs,arcweft-bundle,8642,227,216,production,true,0
crates/arcweft-bundle/src/resource_codec/view/codec/theme.rs,arcweft-bundle,3057,88,78,production,true,0
crates/arcweft-bundle/src/resource_codec/view/codec/transcript.rs,arcweft-bundle,5894,196,184,production,true,0
crates/arcweft-bundle/src/resource_codec/view/codec.rs,arcweft-bundle,54342,1501,1427,production,true,0
crates/arcweft-bundle/src/resource_codec/view/compat.rs,arcweft-bundle,3263,85,78,production,true,0
crates/arcweft-bundle/src/resource_codec/view/dialogue_contract.rs,arcweft-bundle,6301,154,146,production,true,0
crates/arcweft-bundle/src/resource_codec/view/merge.rs,arcweft-bundle,38445,1078,1019,production,true,103
crates/arcweft-bundle/src/resource_codec/view/model/input.rs,arcweft-bundle,18314,581,525,production,true,0
crates/arcweft-bundle/src/resource_codec/view/model/part.rs,arcweft-bundle,2781,100,80,production,true,0
crates/arcweft-bundle/src/resource_codec/view/model/source.rs,arcweft-bundle,7573,224,209,production,true,0
crates/arcweft-bundle/src/resource_codec/view/model/style.rs,arcweft-bundle,1388,36,26,production,true,0
crates/arcweft-bundle/src/resource_codec/view/model.rs,arcweft-bundle,59476,1812,1599,production,true,42
crates/arcweft-bundle/src/resource_codec/view/runtime_control_style/physical.rs,arcweft-bundle,8873,251,232,production,true,0
crates/arcweft-bundle/src/resource_codec/view/runtime_control_style/projection.rs,arcweft-bundle,20388,541,526,production,true,0
crates/arcweft-bundle/src/resource_codec/view/runtime_control_style.rs,arcweft-bundle,9860,289,246,production,true,0
crates/arcweft-bundle/src/resource_codec/view/semantic.rs,arcweft-bundle,4833,115,106,production,true,0
crates/arcweft-bundle/src/resource_codec/view/style_contract.rs,arcweft-bundle,4084,107,99,production,true,0
crates/arcweft-bundle/src/resource_codec/view/validated.rs,arcweft-bundle,22859,633,574,production,true,0
crates/arcweft-bundle/src/resource_codec/view.rs,arcweft-bundle,1290,33,23,production,true,0
crates/arcweft-bundle/src/resource_codec/wire.rs,arcweft-bundle,10265,269,256,production,true,0
crates/arcweft-bundle/src/resource_codec.rs,arcweft-bundle,4490,89,81,production,true,0
crates/arcweft-bundle/src/resource_type_manifests.rs,arcweft-bundle,10658,269,244,production,true,0
crates/arcweft-bundle/src/standard_view.rs,arcweft-bundle,15993,415,359,production,true,0
crates/arcweft-bundle/tests/character_package.rs,arcweft-bundle,3569,94,87,test,true,0
crates/arcweft-bundle/tests/fixtures/zundamon.awchar/character.awchar.json,arcweft-bundle,3411,167,167,text,false,0
crates/arcweft-bundle/tests/locale_catalog_resource_codec.rs,arcweft-bundle,20811,550,504,test,true,0
crates/arcweft-bundle/tests/patch_schema.rs,arcweft-bundle,11939,324,290,test,true,0
crates/arcweft-bundle/tests/product_awbc_only.rs,arcweft-bundle,4629,124,119,test,true,0
crates/arcweft-bundle/tests/product_catalog_resource_codecs.rs,arcweft-bundle,15403,423,400,test,true,0
crates/arcweft-bundle/tests/resource_codec_common.rs,arcweft-bundle,19523,623,581,test,true,0
crates/arcweft-bundle/tests/resource_type_manifest_section.rs,arcweft-bundle,8408,249,234,test,true,0
crates/arcweft-bundle/tests/runtime_control_style_resolution.rs,arcweft-bundle,14114,403,384,test,true,0
crates/arcweft-bundle/tests/runtime_resource_codecs.rs,arcweft-bundle,14716,414,382,test,true,0
crates/arcweft-bundle/tests/source_map.rs,arcweft-bundle,14080,395,362,test,true,0
crates/arcweft-bundle/tests/standard_dialogue_view.rs,arcweft-bundle,18025,517,480,test,true,0
crates/arcweft-bundle/tests/style_cross_section_refs.rs,arcweft-bundle,13200,361,328,test,true,0
crates/arcweft-bundle/tests/view_action_button_resources.rs,arcweft-bundle,4453,115,109,test,true,0
crates/arcweft-bundle/tests/view_focus_navigation_resources.rs,arcweft-bundle,3286,83,80,test,true,0
crates/arcweft-bundle/tests/view_product_validation.rs,arcweft-bundle,14256,408,374,test,true,0
crates/arcweft-bundle/tests/view_resource_codecs.rs,arcweft-bundle,60530,1645,1537,test,true,0
crates/arcweft-bundle/tests/view_runtime_text_controls.rs,arcweft-bundle,10145,291,277,test,true,0
crates/arcweft-bundle/tests/view_style_environment_codec.rs,arcweft-bundle,47658,1308,1226,test,true,0
crates/arcweft-bundle/tests/view_style_program.rs,arcweft-bundle,11149,276,255,test,true,0
crates/arcweft-character/Cargo.toml,arcweft-character,443,23,20,text,false,0
crates/arcweft-character/src/catalog.rs,arcweft-character,13084,383,346,production,true,83
crates/arcweft-character/src/diagnostic.rs,arcweft-character,2943,65,63,production,true,0
crates/arcweft-character/src/id.rs,arcweft-character,7695,219,175,production,true,38
crates/arcweft-character/src/lib.rs,arcweft-character,650,20,10,facade,true,0
crates/arcweft-character/src/manifest/codec.rs,arcweft-character,743,19,12,production,true,0
crates/arcweft-character/src/manifest/diagnostic.rs,arcweft-character,2938,102,95,production,true,0
crates/arcweft-character/src/manifest/fingerprint.rs,arcweft-character,4524,148,126,production,true,0
crates/arcweft-character/src/manifest/limits.rs,arcweft-character,1199,51,40,production,true,0
crates/arcweft-character/src/manifest/model.rs,arcweft-character,26839,873,740,production,true,0
crates/arcweft-character/src/manifest/registration/declaration.rs,arcweft-character,9135,252,240,production,true,0
crates/arcweft-character/src/manifest/registration/structural_json.rs,arcweft-character,12283,366,340,production,true,0
crates/arcweft-character/src/manifest/registration/tests.rs,arcweft-character,20730,604,575,test,true,0
crates/arcweft-character/src/manifest/registration.rs,arcweft-character,36031,1054,997,production,true,0
crates/arcweft-character/src/manifest/tests.rs,arcweft-character,8725,252,239,test,true,0
crates/arcweft-character/src/manifest.rs,arcweft-character,667,20,16,production,true,0
crates/arcweft-character/src/package.rs,arcweft-character,11278,321,273,production,true,36
crates/arcweft-character/src/presentation_name/catalog.rs,arcweft-character,26100,775,678,production,true,16
crates/arcweft-character/src/presentation_name/digest.rs,arcweft-character,3498,107,86,production,true,0
crates/arcweft-character/src/presentation_name/limits.rs,arcweft-character,1376,34,28,production,true,0
crates/arcweft-character/src/presentation_name/locale.rs,arcweft-character,5239,168,134,production,true,0
crates/arcweft-character/src/presentation_name/tests.rs,arcweft-character,19218,641,604,test,true,0
crates/arcweft-character/src/presentation_name/transcript.rs,arcweft-character,5003,156,142,production,true,0
crates/arcweft-character/src/presentation_name/value.rs,arcweft-character,9286,295,248,production,true,0
crates/arcweft-character/src/presentation_name.rs,arcweft-character,1788,42,35,production,true,0
crates/arcweft-character/src/registration_catalog.rs,arcweft-character,2422,70,64,production,true,0
crates/arcweft-character/src/symbol.rs,arcweft-character,1266,42,36,production,true,0
crates/arcweft-character/tests/awchar_package.rs,arcweft-character,5331,163,147,test,true,0
crates/arcweft-character/tests/catalog.rs,arcweft-character,1728,50,48,test,true,0
crates/arcweft-character/tests/fixtures/zundamon.awchar/character.awchar.json,arcweft-character,3411,167,167,text,false,0
crates/arcweft-character/tests/registration_catalog.rs,arcweft-character,2000,55,53,test,true,0
crates/arcweft-character-psd/Cargo.toml,arcweft-character-psd,386,21,18,text,false,0
crates/arcweft-character-psd/src/lib.rs,arcweft-character-psd,24111,746,676,facade,true,32
crates/arcweft-character-psd/tests/zundamon_fixture.rs,arcweft-character-psd,2889,91,85,test,true,0
crates/arcweft-character-view/Cargo.toml,arcweft-character-view,438,21,18,text,false,0
crates/arcweft-character-view/src/lib.rs,arcweft-character-view,16994,518,443,facade,true,107
crates/arcweft-cli/Cargo.toml,arcweft-cli,3655,102,97,text,false,0
crates/arcweft-cli/src/app/agent/mcp_stdio.rs,arcweft-cli,28207,867,813,production,true,344
crates/arcweft-cli/src/app/agent/native/capture.rs,arcweft-cli,33601,985,945,production,true,0
crates/arcweft-cli/src/app/agent/native/image_mapping.rs,arcweft-cli,30709,917,868,production,true,0
crates/arcweft-cli/src/app/agent/native/mcp_debug.rs,arcweft-cli,24420,613,587,production,true,0
crates/arcweft-cli/src/app/agent/native/mcp_protocol/latest_capture_tests.rs,arcweft-cli,6406,188,181,test,true,0
crates/arcweft-cli/src/app/agent/native/mcp_protocol.rs,arcweft-cli,63276,1625,1546,production,true,65
crates/arcweft-cli/src/app/agent/native/mcp_rag.rs,arcweft-cli,49235,1378,1329,production,true,0
crates/arcweft-cli/src/app/agent/native/mcp_resources.rs,arcweft-cli,39659,1078,1030,production,true,0
crates/arcweft-cli/src/app/agent/native/observe.rs,arcweft-cli,49322,1387,1312,production,true,0
crates/arcweft-cli/src/app/agent/native/observe_resources.rs,arcweft-cli,13878,401,385,production,true,0
crates/arcweft-cli/src/app/agent/native/player_observation/capture.rs,arcweft-cli,16844,461,444,production,true,0
crates/arcweft-cli/src/app/agent/native/player_observation/tests.rs,arcweft-cli,14474,410,381,test,true,0
crates/arcweft-cli/src/app/agent/native/player_observation.rs,arcweft-cli,38197,1092,1048,production,true,0
crates/arcweft-cli/src/app/agent/native/prepared_text_observation/view.rs,arcweft-cli,17461,479,458,production,true,38
crates/arcweft-cli/src/app/agent/native/prepared_text_observation.rs,arcweft-cli,41236,1206,1148,production,true,0
crates/arcweft-cli/src/app/agent/native/repl.rs,arcweft-cli,52004,1573,1501,production,true,0
crates/arcweft-cli/src/app/agent/native/repl_cli_command/dispatch.rs,arcweft-cli,14197,447,423,production,true,40
crates/arcweft-cli/src/app/agent/native/repl_cli_command/format.rs,arcweft-cli,8111,227,211,production,true,49
crates/arcweft-cli/src/app/agent/native/repl_cli_command/parse.rs,arcweft-cli,19803,573,529,production,true,104
crates/arcweft-cli/src/app/agent/native/repl_cli_command/protocol.rs,arcweft-cli,10326,302,279,production,true,74
crates/arcweft-cli/src/app/agent/native/repl_cli_command/types.rs,arcweft-cli,9806,387,346,production,true,0
crates/arcweft-cli/src/app/agent/native/repl_cli_command.rs,arcweft-cli,894,20,12,production,true,0
crates/arcweft-cli/src/app/agent/native/repl_command_bridge.rs,arcweft-cli,26198,723,686,production,true,78
crates/arcweft-cli/src/app/agent/native/repl_command_format.rs,arcweft-cli,19678,559,516,production,true,113
crates/arcweft-cli/src/app/agent/native/repl_project_binding.rs,arcweft-cli,2741,80,76,production,true,0
crates/arcweft-cli/src/app/agent/native/runtime_observation.rs,arcweft-cli,26131,650,621,production,true,156
crates/arcweft-cli/src/app/agent/native/tests.rs,arcweft-cli,112589,3231,3056,test,true,0
crates/arcweft-cli/src/app/agent/native.rs,arcweft-cli,15662,334,323,production,true,0
crates/arcweft-cli/src/app/agent/rag/source_index.rs,arcweft-cli,55028,1500,1435,production,true,0
crates/arcweft-cli/src/app/agent/rag.rs,arcweft-cli,48820,1352,1301,production,true,0
crates/arcweft-cli/src/app/agent/script.rs,arcweft-cli,79559,2266,2153,production,true,77
crates/arcweft-cli/src/app/agent.rs,arcweft-cli,22633,700,659,production,true,146
crates/arcweft-cli/src/app/bundle/tests/view_part_recovery.rs,arcweft-cli,1775,59,55,test,true,0
crates/arcweft-cli/src/app/bundle/tests.rs,arcweft-cli,17001,509,474,test,true,0
crates/arcweft-cli/src/app/bundle.rs,arcweft-cli,50337,1408,1345,production,true,0
crates/arcweft-cli/src/app/cache.rs,arcweft-cli,27891,756,690,production,true,369
crates/arcweft-cli/src/app/commands.rs,arcweft-cli,3896,122,109,production,true,0
crates/arcweft-cli/src/app/debug.rs,arcweft-cli,77792,2376,2260,production,true,70
crates/arcweft-cli/src/app/diagnostics/tests.rs,arcweft-cli,12287,342,318,test,true,0
crates/arcweft-cli/src/app/diagnostics.rs,arcweft-cli,15969,413,379,production,true,193
crates/arcweft-cli/src/app/import.rs,arcweft-cli,6317,201,180,production,true,19
crates/arcweft-cli/src/app/inspect.rs,arcweft-cli,6441,201,183,production,true,64
crates/arcweft-cli/src/app/jit.rs,arcweft-cli,57930,1622,1530,production,true,0
crates/arcweft-cli/src/app/local_embedding.rs,arcweft-cli,3520,104,92,production,true,0
crates/arcweft-cli/src/app/native_player.rs,arcweft-cli,1205,39,37,production,true,0
crates/arcweft-cli/src/app/progress.rs,arcweft-cli,3993,144,129,production,true,35
crates/arcweft-cli/src/app/project.rs,arcweft-cli,53541,1486,1401,production,true,55
crates/arcweft-cli/src/app/project_commands/tests.rs,arcweft-cli,19312,529,496,test,true,0
crates/arcweft-cli/src/app/project_commands.rs,arcweft-cli,89289,2488,2355,production,true,0
crates/arcweft-cli/src/app/release.rs,arcweft-cli,15944,442,390,production,true,28
crates/arcweft-cli/src/app/release_sign.rs,arcweft-cli,9370,280,259,production,true,57
crates/arcweft-cli/src/app/remote_embedding.rs,arcweft-cli,10393,311,290,production,true,97
crates/arcweft-cli/src/app/runtime/bench.rs,arcweft-cli,5624,143,138,production,true,0
crates/arcweft-cli/src/app/runtime/cli.rs,arcweft-cli,3347,92,90,production,true,0
crates/arcweft-cli/src/app/runtime/entry.rs,arcweft-cli,3073,99,94,production,true,0
crates/arcweft-cli/src/app/runtime/executor.rs,arcweft-cli,3775,115,103,production,true,0
crates/arcweft-cli/src/app/runtime/expectations.rs,arcweft-cli,4527,139,129,production,true,0
crates/arcweft-cli/src/app/runtime/options.rs,arcweft-cli,13054,359,339,production,true,0
crates/arcweft-cli/src/app/runtime/parse.rs,arcweft-cli,6620,176,163,production,true,0
crates/arcweft-cli/src/app/runtime/plan.rs,arcweft-cli,1131,29,28,production,true,0
crates/arcweft-cli/src/app/runtime/profile.rs,arcweft-cli,10097,270,256,production,true,0
crates/arcweft-cli/src/app/runtime/profile_cmd.rs,arcweft-cli,4563,112,110,production,true,0
crates/arcweft-cli/src/app/runtime/reports.rs,arcweft-cli,1420,34,32,production,true,0
crates/arcweft-cli/src/app/runtime/run.rs,arcweft-cli,50655,1395,1309,production,true,300
crates/arcweft-cli/src/app/runtime/script_bench/mod.rs,arcweft-cli,4328,115,111,production,true,0
crates/arcweft-cli/src/app/runtime/script_bench/run.rs,arcweft-cli,12085,363,353,production,true,0
crates/arcweft-cli/src/app/runtime/script_bench/samples.rs,arcweft-cli,29079,614,585,production,true,0
crates/arcweft-cli/src/app/runtime/script_test.rs,arcweft-cli,7741,232,229,test,true,0
crates/arcweft-cli/src/app/runtime/serve.rs,arcweft-cli,5881,180,173,production,true,0
crates/arcweft-cli/src/app/runtime/steps.rs,arcweft-cli,6121,194,182,production,true,0
crates/arcweft-cli/src/app/runtime.rs,arcweft-cli,270,16,16,production,true,0
crates/arcweft-cli/src/app/runtime_artifact.rs,arcweft-cli,2363,65,59,production,true,0
crates/arcweft-cli/src/app/shared.rs,arcweft-cli,482,16,14,production,true,0
crates/arcweft-cli/src/app/tooling.rs,arcweft-cli,5066,166,158,production,true,0
crates/arcweft-cli/src/app/verify.rs,arcweft-cli,16229,468,445,production,true,21
crates/arcweft-cli/src/app.rs,arcweft-cli,5164,123,116,production,true,0
crates/arcweft-cli/src/lib.rs,arcweft-cli,827,19,15,facade,true,0
crates/arcweft-cli/src/main.rs,arcweft-cli,82,3,3,facade,true,0
crates/arcweft-cli/src/output.rs,arcweft-cli,42766,1220,1138,production,true,0
crates/arcweft-cli/src/server_adapter.rs,arcweft-cli,17466,524,490,production,true,149
crates/arcweft-cli/src/toolchain_profile.rs,arcweft-cli,75712,2463,2356,production,true,296
crates/arcweft-cli/tests/arcw_fixtures_check_run.rs,arcweft-cli,4223,132,121,test,true,0
crates/arcweft-cli/tests/check/agent_observe_native/core.rs,arcweft-cli,50890,1392,1314,test,true,0
crates/arcweft-cli/tests/check/agent_observe_native/mcp_native_capture.rs,arcweft-cli,13093,325,318,test,true,0
crates/arcweft-cli/tests/check/agent_observe_native/native_samples_effects.rs,arcweft-cli,214292,5901,5513,test,true,0
crates/arcweft-cli/tests/check/agent_observe_native/native_vertical.rs,arcweft-cli,238938,6717,6252,test,true,0
crates/arcweft-cli/tests/check/agent_observe_native/published_jlreq_class_mix.rs,arcweft-cli,220473,6109,5708,test,true,0
crates/arcweft-cli/tests/check/agent_observe_native/published_jlreq_units.rs,arcweft-cli,143286,4218,3982,test,true,0
crates/arcweft-cli/tests/check/agent_observe_native/shared.rs,arcweft-cli,45683,1264,1190,test,true,0
crates/arcweft-cli/tests/check/agent_observe_native/visual_smoke.rs,arcweft-cli,13535,364,343,test,true,0
crates/arcweft-cli/tests/check/agent_observe_native.rs,arcweft-cli,967,22,20,test,true,0
crates/arcweft-cli/tests/check/agent_script_debug.rs,arcweft-cli,169462,4542,4355,test,true,0
crates/arcweft-cli/tests/check/cli_runtime_bench.rs,arcweft-cli,220845,6851,6421,test,true,0
crates/arcweft-cli/tests/check/profile_entry_selection.rs,arcweft-cli,3598,158,135,test,true,0
crates/arcweft-cli/tests/check/toolchain_jit.rs,arcweft-cli,39944,1552,1493,test,true,0
crates/arcweft-cli/tests/check.rs,arcweft-cli,25416,734,672,test,true,0
crates/arcweft-cli/tests/check_core_cli.rs,arcweft-cli,2033,62,53,test,true,0
crates/arcweft-cli/tests/native_style_parity_sample.rs,arcweft-cli,4386,107,103,test,true,0
crates/arcweft-cli/tests/release_trust_json.rs,arcweft-cli,7017,203,188,test,true,0
crates/arcweft-cli/tests/runtime_native_options.rs,arcweft-cli,2305,82,75,test,true,0
crates/arcweft-cli/tests/seq04_8_4_persistent_cache_build_cli_goldens.rs,arcweft-cli,19497,555,506,test,true,0
crates/arcweft-cli/tests/support/cli.rs,arcweft-cli,1330,59,51,test,true,0
crates/arcweft-cli/tests/support/json.rs,arcweft-cli,427,15,13,test,true,0
crates/arcweft-cli/tests/support/release_trust_fixture.rs,arcweft-cli,11559,322,295,test,true,0
crates/arcweft-cli/tests/support/temp.rs,arcweft-cli,1271,49,44,test,true,0
crates/arcweft-cli/tests/support/workspace.rs,arcweft-cli,662,29,25,test,true,0
crates/arcweft-codec-arrow/Cargo.toml,arcweft-codec-arrow,366,16,14,text,false,0
crates/arcweft-codec-arrow/src/ipc_preflight.rs,arcweft-codec-arrow,12145,375,356,production,true,0
crates/arcweft-codec-arrow/src/lib.rs,arcweft-codec-arrow,27078,826,776,facade,true,0
crates/arcweft-codec-arrow/src/parquet_preflight.rs,arcweft-codec-arrow,5831,186,166,production,true,0
crates/arcweft-codec-arrow/tests/shape_codec.rs,arcweft-codec-arrow,15273,469,426,test,true,0
crates/arcweft-codec-avro/Cargo.toml,arcweft-codec-avro,325,15,13,text,false,0
crates/arcweft-codec-avro/src/avro_preflight.rs,arcweft-codec-avro,13432,421,393,production,true,0
crates/arcweft-codec-avro/src/codec.rs,arcweft-codec-avro,34194,932,893,production,true,0
crates/arcweft-codec-avro/src/enum_value.rs,arcweft-codec-avro,13239,392,378,production,true,0
crates/arcweft-codec-avro/src/lib.rs,arcweft-codec-avro,76,5,4,facade,true,0
crates/arcweft-codec-avro/tests/shape_codec.rs,arcweft-codec-avro,21733,688,651,test,true,0
crates/arcweft-codec-binary/Cargo.toml,arcweft-codec-binary,568,20,17,text,false,0
crates/arcweft-codec-binary/src/lib.rs,arcweft-codec-binary,12868,394,358,facade,true,0
crates/arcweft-codec-binary/tests/strict_decode.rs,arcweft-codec-binary,3594,127,108,test,true,0
crates/arcweft-codec-cbor/Cargo.toml,arcweft-codec-cbor,351,16,14,text,false,0
crates/arcweft-codec-cbor/src/lib.rs,arcweft-codec-cbor,9139,279,262,facade,true,0
crates/arcweft-codec-cbor/tests/native_mapping.rs,arcweft-codec-cbor,4760,154,138,test,true,0
crates/arcweft-codec-csv/Cargo.toml,arcweft-codec-csv,340,16,14,text,false,0
crates/arcweft-codec-csv/src/lib.rs,arcweft-codec-csv,25562,744,709,facade,true,0
crates/arcweft-codec-csv/tests/shape_codec.rs,arcweft-codec-csv,9060,287,258,test,true,0
crates/arcweft-codec-json/Cargo.toml,arcweft-codec-json,342,16,14,text,false,0
crates/arcweft-codec-json/src/lib.rs,arcweft-codec-json,28776,808,758,facade,true,0
crates/arcweft-codec-json/tests/shape_codec.rs,arcweft-codec-json,6670,227,206,test,true,0
crates/arcweft-codec-msgpack/Cargo.toml,arcweft-codec-msgpack,316,15,13,text,false,0
crates/arcweft-codec-msgpack/src/lib.rs,arcweft-codec-msgpack,10064,271,253,facade,true,0
crates/arcweft-codec-msgpack/tests/native_mapping.rs,arcweft-codec-msgpack,4760,147,131,test,true,0
crates/arcweft-codec-toml/Cargo.toml,arcweft-codec-toml,348,16,14,text,false,0
crates/arcweft-codec-toml/src/lib.rs,arcweft-codec-toml,26529,732,683,facade,true,0
crates/arcweft-codec-toml/src/source_preflight.rs,arcweft-codec-toml,12752,393,363,production,true,0
crates/arcweft-codec-toml/tests/shape_codec.rs,arcweft-codec-toml,7622,257,231,test,true,0
crates/arcweft-codec-yaml/Cargo.toml,arcweft-codec-yaml,319,15,13,text,false,0
crates/arcweft-codec-yaml/src/lib.rs,arcweft-codec-yaml,25894,694,657,facade,true,0
crates/arcweft-codec-yaml/src/source_preflight.rs,arcweft-codec-yaml,9506,283,260,production,true,0
crates/arcweft-codec-yaml/tests/shape_codec.rs,arcweft-codec-yaml,7357,243,217,test,true,0
crates/arcweft-compiler/Cargo.toml,arcweft-compiler,1435,48,43,text,false,0
crates/arcweft-compiler/src/agent.rs,arcweft-compiler,14031,345,324,production,true,0
crates/arcweft-compiler/src/agent_project.rs,arcweft-compiler,22111,552,514,production,true,0
crates/arcweft-compiler/src/content_partition.rs,arcweft-compiler,6467,204,184,production,true,113
crates/arcweft-compiler/src/effect_manifest.rs,arcweft-compiler,3101,89,74,production,true,20
crates/arcweft-compiler/src/error.rs,arcweft-compiler,3871,89,74,production,true,0
crates/arcweft-compiler/src/incremental.rs,arcweft-compiler,11268,279,254,production,true,81
crates/arcweft-compiler/src/lib.rs,arcweft-compiler,391,20,18,facade,true,0
crates/arcweft-compiler/src/link.rs,arcweft-compiler,4711,148,126,production,true,42
crates/arcweft-compiler/src/lower/reachability.rs,arcweft-compiler,24361,643,620,production,true,0
crates/arcweft-compiler/src/lower.rs,arcweft-compiler,135146,3147,3056,production,true,0
crates/arcweft-compiler/src/object.rs,arcweft-compiler,3025,108,92,production,true,31
crates/arcweft-compiler/src/parse.rs,arcweft-compiler,530,16,12,production,true,0
crates/arcweft-compiler/src/persistent.rs,arcweft-compiler,75258,1943,1790,production,true,525
crates/arcweft-compiler/src/project/cache_batch.rs,arcweft-compiler,3608,131,108,production,true,0
crates/arcweft-compiler/src/project/dialogue_profile.rs,arcweft-compiler,15029,399,366,production,true,0
crates/arcweft-compiler/src/project/entry_runtime.rs,arcweft-compiler,26552,685,651,production,true,0
crates/arcweft-compiler/src/project/entry_tests.rs,arcweft-compiler,32156,1035,965,test,true,0
crates/arcweft-compiler/src/project/registration.rs,arcweft-compiler,10297,312,268,production,true,62
crates/arcweft-compiler/src/project/tests.rs,arcweft-compiler,38811,1114,1058,test,true,0
crates/arcweft-compiler/src/project.rs,arcweft-compiler,59510,1675,1506,production,true,0
crates/arcweft-compiler/src/reachability.rs,arcweft-compiler,6757,262,216,production,true,0
crates/arcweft-compiler/src/runtime_diagnostics.rs,arcweft-compiler,4652,130,110,production,true,35
crates/arcweft-compiler/src/source.rs,arcweft-compiler,6245,173,153,production,true,46
crates/arcweft-compiler/src/style.rs,arcweft-compiler,14004,375,339,production,true,0
crates/arcweft-compiler/src/types.rs,arcweft-compiler,2456,60,54,production,true,0
crates/arcweft-compiler/src/view.rs,arcweft-compiler,26720,685,639,production,true,0
crates/arcweft-compiler/tests/api_compile.rs,arcweft-compiler,641,12,12,test,true,0
crates/arcweft-compiler/tests/assertions.rs,arcweft-compiler,17349,501,481,test,true,0
crates/arcweft-compiler/tests/choice_static.rs,arcweft-compiler,1560,54,49,test,true,0
crates/arcweft-compiler/tests/diagnostic_ownership.rs,arcweft-compiler,2611,68,62,test,true,0
crates/arcweft-compiler/tests/dialogue_profile_admission.rs,arcweft-compiler,11800,355,333,test,true,0
crates/arcweft-compiler/tests/iterator_witness_source.rs,arcweft-compiler,2048,64,61,test,true,0
crates/arcweft-compiler/tests/parser_diagnostic.rs,arcweft-compiler,1288,30,28,test,true,0
crates/arcweft-compiler/tests/project_cache_transaction.rs,arcweft-compiler,50796,1447,1370,test,true,0
crates/arcweft-compiler/tests/try_pipe.rs,arcweft-compiler,6172,241,215,test,true,0
crates/arcweft-compiler/tests/ui/agent_effects_module_removed.rs,arcweft-compiler,51,3,2,test,true,0
crates/arcweft-compiler/tests/ui/compile_project_with_env_removed.rs,arcweft-compiler,110,5,4,test,true,0
crates/arcweft-compiler/tests/ui/lower_source_document_removed.rs,arcweft-compiler,100,5,4,test,true,0
crates/arcweft-compiler/tests/ui/lower_source_tree_removed.rs,arcweft-compiler,92,5,4,test,true,0
crates/arcweft-compiler/tests/ui/no_linked_hir.rs,arcweft-compiler,104,5,4,test,true,0
crates/arcweft-compiler/tests/ui/parse_source_text_removed.rs,arcweft-compiler,98,5,4,test,true,0
crates/arcweft-compiler/tests/ui/removed_zero_consumer_compiler_facades.rs,arcweft-compiler,649,22,19,test,true,0
crates/arcweft-compiler/tests/ui/runtime_capability_policy_absent.rs,arcweft-compiler,488,19,18,test,true,0
crates/arcweft-compiler/tests/view_product.rs,arcweft-compiler,19001,552,531,test,true,0
crates/arcweft-config/Cargo.toml,arcweft-config,275,13,11,text,false,0
crates/arcweft-config/src/lib.rs,arcweft-config,14598,464,435,facade,true,0
crates/arcweft-config/tests/shape_merge.rs,arcweft-config,6116,211,194,test,true,0
crates/arcweft-content-policy/Cargo.toml,arcweft-content-policy,313,15,13,text,false,0
crates/arcweft-content-policy/src/classifier.rs,arcweft-content-policy,6641,202,177,production,true,0
crates/arcweft-content-policy/src/engine.rs,arcweft-content-policy,10628,310,292,production,true,0
crates/arcweft-content-policy/src/lib.rs,arcweft-content-policy,1361,33,25,facade,true,0
crates/arcweft-content-policy/src/model.rs,arcweft-content-policy,7503,223,203,production,true,0
crates/arcweft-content-policy/src/profile.rs,arcweft-content-policy,6112,150,142,production,true,0
crates/arcweft-content-policy/src/raster.rs,arcweft-content-policy,8022,280,246,production,true,0
crates/arcweft-content-policy/src/scene.rs,arcweft-content-policy,8542,229,213,production,true,0
crates/arcweft-content-policy/src/tests.rs,arcweft-content-policy,9433,298,267,test,true,0
crates/arcweft-content-policy/src/text.rs,arcweft-content-policy,3029,92,83,production,true,0
crates/arcweft-content-policy/src/types.rs,arcweft-content-policy,18079,588,495,production,true,0
crates/arcweft-core/Cargo.toml,arcweft-core,839,35,30,text,false,0
crates/arcweft-core/src/aot.rs,arcweft-core,13061,399,367,production,true,0
crates/arcweft-core/src/audio.rs,arcweft-core,2806,95,92,production,true,0
crates/arcweft-core/src/awbc/codec/code.rs,arcweft-core,40179,1048,1017,production,true,0
crates/arcweft-core/src/awbc/codec/metadata.rs,arcweft-core,38827,1060,972,production,true,0
crates/arcweft-core/src/awbc/codec/runtime.rs,arcweft-core,32298,896,835,production,true,0
crates/arcweft-core/src/awbc/codec/types.rs,arcweft-core,26383,752,709,production,true,50
crates/arcweft-core/src/awbc/codec/wire.rs,arcweft-core,14502,506,441,production,true,0
crates/arcweft-core/src/awbc/codec.rs,arcweft-core,7108,206,193,production,true,0
crates/arcweft-core/src/awbc/fiber.rs,arcweft-core,96033,2696,2511,production,true,234
crates/arcweft-core/src/awbc/identity.rs,arcweft-core,3471,93,74,production,true,59
crates/arcweft-core/src/awbc/parity.rs,arcweft-core,8068,243,227,production,true,0
crates/arcweft-core/src/awbc/product_step/audio.rs,arcweft-core,12162,313,294,production,true,0
crates/arcweft-core/src/awbc/product_step/control.rs,arcweft-core,3005,86,82,production,true,0
crates/arcweft-core/src/awbc/product_step/execution.rs,arcweft-core,6875,182,172,production,true,0
crates/arcweft-core/src/awbc/product_step/lifecycle.rs,arcweft-core,20977,523,500,production,true,0
crates/arcweft-core/src/awbc/product_step/mapping.rs,arcweft-core,17217,440,433,production,true,0
crates/arcweft-core/src/awbc/product_step/root.rs,arcweft-core,9690,271,256,production,true,0
crates/arcweft-core/src/awbc/product_step/runtime_id.rs,arcweft-core,451,13,11,production,true,0
crates/arcweft-core/src/awbc/product_step/snapshot/task_publication.rs,arcweft-core,2603,64,60,production,true,0
crates/arcweft-core/src/awbc/product_step/snapshot.rs,arcweft-core,47628,1161,1106,production,true,0
crates/arcweft-core/src/awbc/product_step/suspension.rs,arcweft-core,29302,749,731,production,true,0
crates/arcweft-core/src/awbc/product_step/tests.rs,arcweft-core,37541,1002,924,test,true,0
crates/arcweft-core/src/awbc/product_step.rs,arcweft-core,59824,1597,1510,production,true,0
crates/arcweft-core/src/awbc/schema.rs,arcweft-core,65523,2163,1962,production,true,0
crates/arcweft-core/src/awbc/schema_impls.rs,arcweft-core,1006,30,28,production,true,0
crates/arcweft-core/src/awbc/tests.rs,arcweft-core,84826,2457,2344,test,true,0
crates/arcweft-core/src/awbc/type_projection.rs,arcweft-core,13969,335,318,production,true,0
crates/arcweft-core/src/awbc/verify/code.rs,arcweft-core,90495,2410,2359,production,true,0
crates/arcweft-core/src/awbc/verify/structure.rs,arcweft-core,89085,2337,2282,production,true,0
crates/arcweft-core/src/awbc/verify.rs,arcweft-core,7850,200,187,production,true,0
crates/arcweft-core/src/awbc/vm.rs,arcweft-core,70867,1884,1818,production,true,0
crates/arcweft-core/src/awbc.rs,arcweft-core,565,20,12,production,true,0
crates/arcweft-core/src/effect/assertion_identity.rs,arcweft-core,8013,215,176,production,true,141
crates/arcweft-core/src/effect.rs,arcweft-core,14043,448,379,production,true,0
crates/arcweft-core/src/engine/aot.rs,arcweft-core,9173,220,212,production,true,0
crates/arcweft-core/src/engine/audio.rs,arcweft-core,15219,354,337,production,true,0
crates/arcweft-core/src/engine/eval/calls.rs,arcweft-core,12364,334,316,production,true,0
crates/arcweft-core/src/engine/eval/function.rs,arcweft-core,6535,183,170,production,true,0
crates/arcweft-core/src/engine/eval/sequence.rs,arcweft-core,1252,37,36,production,true,0
crates/arcweft-core/src/engine/eval.rs,arcweft-core,42891,1096,1053,production,true,0
crates/arcweft-core/src/engine/flow.rs,arcweft-core,42412,1105,1070,production,true,0
crates/arcweft-core/src/engine/line.rs,arcweft-core,4107,120,112,production,true,0
crates/arcweft-core/src/engine/stream.rs,arcweft-core,10787,303,291,production,true,0
crates/arcweft-core/src/engine/suspend.rs,arcweft-core,43711,1076,1033,production,true,0
crates/arcweft-core/src/engine.rs,arcweft-core,51501,1433,1310,production,true,0
crates/arcweft-core/src/entry/identity.rs,arcweft-core,4935,161,130,production,true,0
crates/arcweft-core/src/entry/roles.rs,arcweft-core,8099,244,201,production,true,0
crates/arcweft-core/src/entry/schema.rs,arcweft-core,46139,1308,1237,production,true,0
crates/arcweft-core/src/entry.rs,arcweft-core,318,12,6,production,true,0
crates/arcweft-core/src/executor.rs,arcweft-core,18801,541,464,production,true,0
crates/arcweft-core/src/lib.rs,arcweft-core,354,24,23,facade,true,0
crates/arcweft-core/src/line_task.rs,arcweft-core,35430,1101,961,production,true,0
crates/arcweft-core/src/locale.rs,arcweft-core,6806,219,188,production,true,39
crates/arcweft-core/src/math.rs,arcweft-core,9363,350,297,production,true,48
crates/arcweft-core/src/observation.rs,arcweft-core,2427,68,63,production,true,21
crates/arcweft-core/src/pattern/binding.rs,arcweft-core,15251,400,337,production,true,110
crates/arcweft-core/src/pattern.rs,arcweft-core,58209,1689,1551,production,true,215
crates/arcweft-core/src/plan/construction/lower.rs,arcweft-core,156848,3864,3746,production,true,140
crates/arcweft-core/src/plan/construction/seed.rs,arcweft-core,63750,2088,1880,production,true,0
crates/arcweft-core/src/plan/construction.rs,arcweft-core,75213,1973,1879,production,true,227
crates/arcweft-core/src/plan/dialogue_content.rs,arcweft-core,6116,221,185,production,true,0
crates/arcweft-core/src/plan/entry_inventory.rs,arcweft-core,23314,628,568,production,true,0
crates/arcweft-core/src/plan/function_sites.rs,arcweft-core,2684,103,85,production,true,0
crates/arcweft-core/src/plan/generation_contract.rs,arcweft-core,4566,131,102,production,true,58
crates/arcweft-core/src/plan/local_declarations.rs,arcweft-core,6114,200,170,production,true,44
crates/arcweft-core/src/plan/nominal_record_domains.rs,arcweft-core,7631,262,222,production,true,0
crates/arcweft-core/src/plan/type_kind.rs,arcweft-core,17834,472,439,production,true,0
crates/arcweft-core/src/plan/type_table.rs,arcweft-core,23397,649,567,production,true,118
crates/arcweft-core/src/plan/variant_domains.rs,arcweft-core,7916,286,248,production,true,0
crates/arcweft-core/src/plan.rs,arcweft-core,35793,1051,920,production,true,0
crates/arcweft-core/src/pure/aot.rs,arcweft-core,35295,1016,954,production,true,0
crates/arcweft-core/src/pure/runtime_backend.rs,arcweft-core,39698,1118,1065,production,true,0
crates/arcweft-core/src/pure.rs,arcweft-core,95484,2631,2406,production,true,0
crates/arcweft-core/src/root.rs,arcweft-core,43905,1222,1135,production,true,94
crates/arcweft-core/src/runtime_id/binary.rs,arcweft-core,4313,130,116,production,true,46
crates/arcweft-core/src/runtime_id.rs,arcweft-core,27923,893,748,production,true,96
crates/arcweft-core/src/step.rs,arcweft-core,22428,647,547,production,true,0
crates/arcweft-core/src/stream.rs,arcweft-core,5117,200,169,production,true,0
crates/arcweft-core/src/task.rs,arcweft-core,21576,728,623,production,true,0
crates/arcweft-core/src/tests/flow.rs,arcweft-core,8634,261,240,test,true,0
crates/arcweft-core/src/tests/line_task_reducer.rs,arcweft-core,6757,208,194,test,true,0
crates/arcweft-core/src/tests/pure.rs,arcweft-core,12333,371,334,test,true,0
crates/arcweft-core/src/tests/step_stats_delta.rs,arcweft-core,1335,45,42,test,true,0
crates/arcweft-core/src/tests/stream.rs,arcweft-core,1722,54,47,test,true,0
crates/arcweft-core/src/tests/task.rs,arcweft-core,7139,220,209,test,true,0
crates/arcweft-core/src/tests/value.rs,arcweft-core,37161,1045,954,test,true,0
crates/arcweft-core/src/tests.rs,arcweft-core,383,16,14,test,true,0
crates/arcweft-core/src/time.rs,arcweft-core,1273,55,44,production,true,0
crates/arcweft-core/src/value/agent.rs,arcweft-core,82016,2014,1895,production,true,112
crates/arcweft-core/src/value/awbc_save.rs,arcweft-core,32190,800,750,production,true,0
crates/arcweft-core/src/value/env.rs,arcweft-core,9744,323,285,production,true,70
crates/arcweft-core/src/value/integer.rs,arcweft-core,8891,288,248,production,true,0
crates/arcweft-core/src/value/nesting.rs,arcweft-core,5571,154,137,production,true,0
crates/arcweft-core/src/value/nominal_record.rs,arcweft-core,15249,462,388,production,true,83
crates/arcweft-core/src/value/nominal_record_expr.rs,arcweft-core,2286,78,62,production,true,29
crates/arcweft-core/src/value/opaque.rs,arcweft-core,15775,449,405,production,true,320
crates/arcweft-core/src/value/option_value.rs,arcweft-core,3041,99,86,production,true,0
crates/arcweft-core/src/value/ownership/binary.rs,arcweft-core,15819,411,385,production,true,107
crates/arcweft-core/src/value/ownership/path.rs,arcweft-core,16087,410,378,production,true,83
crates/arcweft-core/src/value/ownership/slot.rs,arcweft-core,21403,684,656,production,true,56
crates/arcweft-core/src/value/ownership.rs,arcweft-core,9611,267,228,production,true,97
crates/arcweft-core/src/value/range.rs,arcweft-core,10033,339,315,production,true,0
crates/arcweft-core/src/value/record_id.rs,arcweft-core,4214,128,100,production,true,30
crates/arcweft-core/src/value/reduction.rs,arcweft-core,6903,207,161,production,true,37
crates/arcweft-core/src/value/sequence_constructors.rs,arcweft-core,5052,125,102,production,true,0
crates/arcweft-core/src/value/sequence_impls.rs,arcweft-core,58791,1771,1556,production,true,107
crates/arcweft-core/src/value/shape.rs,arcweft-core,3782,112,101,production,true,40
crates/arcweft-core/src/value.rs,arcweft-core,115202,3323,3026,production,true,0
crates/arcweft-core/tests/api_compile.rs,arcweft-core,642,11,11,test,true,0
crates/arcweft-core/tests/direct_suspension.rs,arcweft-core,23764,751,704,test,true,0
crates/arcweft-core/tests/record_admission.rs,arcweft-core,3793,130,123,test,true,0
crates/arcweft-core/tests/runtime_assertion_identity.rs,arcweft-core,4712,129,121,test,true,0
crates/arcweft-core/tests/runtime_id_boundaries.rs,arcweft-core,6227,180,153,test,true,0
crates/arcweft-core/tests/ui/core_cannot_name_hir_ids.rs,arcweft-core,98,5,4,test,true,0
crates/arcweft-core/tests/ui/prove_is_not_runtime_assertion_mode.rs,arcweft-core,110,5,4,test,true,0
crates/arcweft-core/tests/ui/record_columns_rejects_raw_carriers.rs,arcweft-core,171,6,5,test,true,0
crates/arcweft-core/tests/ui/record_seq_new_is_absent.rs,arcweft-core,94,5,4,test,true,0
crates/arcweft-core/tests/ui/runtime_nominal_record_field_expr_is_private.rs,arcweft-core,199,10,8,test,true,0
crates/arcweft-core/tests/ui/runtime_ownership_raw_identity_constructors_are_private.rs,arcweft-core,263,10,9,test,true,0
crates/arcweft-core/tests/ui/runtime_record_carriers_are_private.rs,arcweft-core,329,12,11,test,true,0
crates/arcweft-data/Cargo.toml,arcweft-data,408,20,16,text,false,0
crates/arcweft-data/src/codec.rs,arcweft-data,10408,370,313,production,true,0
crates/arcweft-data/src/decode.rs,arcweft-data,6311,190,174,production,true,0
crates/arcweft-data/src/encode.rs,arcweft-data,4877,220,189,production,true,0
crates/arcweft-data/src/error.rs,arcweft-data,4983,195,163,production,true,0
crates/arcweft-data/src/lib.rs,arcweft-data,1123,36,27,facade,true,0
crates/arcweft-data/src/limits.rs,arcweft-data,7013,216,198,production,true,0
crates/arcweft-data/src/raw.rs,arcweft-data,29492,811,781,production,true,0
crates/arcweft-data/src/shape.rs,arcweft-data,9812,385,347,production,true,0
crates/arcweft-data/src/value.rs,arcweft-data,3640,148,127,production,true,0
crates/arcweft-data/tests/codec_registry.rs,arcweft-data,3871,147,126,test,true,0
crates/arcweft-data/tests/data_format.rs,arcweft-data,1113,34,30,test,true,0
crates/arcweft-data/tests/derive/fail/content_without_tag.rs,arcweft-data,127,9,7,test,true,0
crates/arcweft-data/tests/derive/fail/duplicate_wire_name.rs,arcweft-data,191,11,9,test,true,0
crates/arcweft-data/tests/derive/fail/internal_newtype_variant_policy.rs,arcweft-data,129,9,7,test,true,0
crates/arcweft-data/tests/derive/fail/invalid_bytes.rs,arcweft-data,147,9,7,test,true,0
crates/arcweft-data/tests/derive/fail/invalid_rename_all.rs,arcweft-data,148,9,7,test,true,0
crates/arcweft-data/tests/derive/fail/multi_tuple_variant_policy.rs,arcweft-data,106,8,6,test,true,0
crates/arcweft-data/tests/derive/fail/repr_discriminant_expression.rs,arcweft-data,159,11,8,test,true,0
crates/arcweft-data/tests/derive/fail/repr_discriminant_range.rs,arcweft-data,130,9,7,test,true,0
crates/arcweft-data/tests/derive/fail/repr_on_struct.rs,arcweft-data,133,9,7,test,true,0
crates/arcweft-data/tests/derive/fail/tuple_struct_policy.rs,arcweft-data,90,6,4,test,true,0
crates/arcweft-data/tests/derive/fail/unit_struct_policy.rs,arcweft-data,87,6,4,test,true,0
crates/arcweft-data/tests/derive/fail/unknown_field_attr.rs,arcweft-data,133,9,7,test,true,0
crates/arcweft-data/tests/derive/pass/bare_bytes.rs,arcweft-data,354,14,12,test,true,0
crates/arcweft-data/tests/derive/pass/default_factory.rs,arcweft-data,352,16,13,test,true,0
crates/arcweft-data/tests/derive/pass/generic_bounds.rs,arcweft-data,1117,45,38,test,true,0
crates/arcweft-data/tests/derive_attrs.rs,arcweft-data,6470,210,185,test,true,0
crates/arcweft-data/tests/derive_trybuild.rs,arcweft-data,202,8,7,test,true,0
crates/arcweft-data/tests/raw_shape.rs,arcweft-data,7576,247,226,test,true,0
crates/arcweft-data-derive/Cargo.toml,arcweft-data-derive,370,18,15,text,false,0
crates/arcweft-data-derive/src/attrs.rs,arcweft-data-derive,16397,517,473,production,true,0
crates/arcweft-data-derive/src/expand.rs,arcweft-data-derive,42247,1103,1070,production,true,0
crates/arcweft-data-derive/src/lib.rs,arcweft-data-derive,741,24,18,facade,true,0
crates/arcweft-data-derive/src/rename.rs,arcweft-data-derive,2702,85,80,production,true,0
crates/arcweft-debug-model/Cargo.toml,arcweft-debug-model,319,16,14,text,false,0
crates/arcweft-debug-model/src/chunk.rs,arcweft-debug-model,3613,132,111,production,true,0
crates/arcweft-debug-model/src/diagnostic.rs,arcweft-debug-model,760,22,20,production,true,0
crates/arcweft-debug-model/src/embedding.rs,arcweft-debug-model,7391,238,206,production,true,74
crates/arcweft-debug-model/src/event.rs,arcweft-debug-model,1661,56,51,production,true,0
crates/arcweft-debug-model/src/graph.rs,arcweft-debug-model,1122,32,28,production,true,0
crates/arcweft-debug-model/src/history.rs,arcweft-debug-model,686,19,17,production,true,0
crates/arcweft-debug-model/src/lib.rs,arcweft-debug-model,262,15,13,facade,true,0
crates/arcweft-debug-model/src/rag.rs,arcweft-debug-model,1983,69,57,production,true,0
crates/arcweft-debug-model/src/repl.rs,arcweft-debug-model,662,19,17,production,true,0
crates/arcweft-debug-model/src/script.rs,arcweft-debug-model,1894,60,52,production,true,0
crates/arcweft-debug-model/src/session.rs,arcweft-debug-model,1370,47,41,production,true,0
crates/arcweft-debug-model/src/sink.rs,arcweft-debug-model,690,26,17,production,true,0
crates/arcweft-debug-model/src/source.rs,arcweft-debug-model,472,14,12,production,true,0
crates/arcweft-debug-model/src/test_result.rs,arcweft-debug-model,601,18,16,production,true,0
crates/arcweft-debug-sqlite/Cargo.toml,arcweft-debug-sqlite,401,18,16,text,false,0
crates/arcweft-debug-sqlite/src/encoding.rs,arcweft-debug-sqlite,1012,36,28,production,true,10
crates/arcweft-debug-sqlite/src/lib.rs,arcweft-debug-sqlite,109,4,2,facade,true,0
crates/arcweft-debug-sqlite/src/store/artifacts.rs,arcweft-debug-sqlite,21359,530,521,production,true,0
crates/arcweft-debug-sqlite/src/store/chunks.rs,arcweft-debug-sqlite,10052,234,224,production,true,0
crates/arcweft-debug-sqlite/src/store/convert.rs,arcweft-debug-sqlite,10558,309,291,production,true,0
crates/arcweft-debug-sqlite/src/store/embeddings.rs,arcweft-debug-sqlite,4168,90,85,production,true,0
crates/arcweft-debug-sqlite/src/store/graph.rs,arcweft-debug-sqlite,12877,321,311,production,true,0
crates/arcweft-debug-sqlite/src/store/helpers.rs,arcweft-debug-sqlite,2612,74,67,production,true,0
crates/arcweft-debug-sqlite/src/store/internal.rs,arcweft-debug-sqlite,6331,172,160,production,true,0
crates/arcweft-debug-sqlite/src/store/maintenance.rs,arcweft-debug-sqlite,7873,205,191,production,true,0
crates/arcweft-debug-sqlite/src/store/programs.rs,arcweft-debug-sqlite,3026,77,73,production,true,0
crates/arcweft-debug-sqlite/src/store/rag.rs,arcweft-debug-sqlite,7101,217,204,production,true,0
crates/arcweft-debug-sqlite/src/store/raw.rs,arcweft-debug-sqlite,2666,84,79,production,true,0
crates/arcweft-debug-sqlite/src/store/schema.rs,arcweft-debug-sqlite,86,1,1,production,true,0
crates/arcweft-debug-sqlite/src/store/search.rs,arcweft-debug-sqlite,7697,257,244,production,true,0
crates/arcweft-debug-sqlite/src/store/sessions.rs,arcweft-debug-sqlite,11912,311,298,production,true,0
crates/arcweft-debug-sqlite/src/store/sink.rs,arcweft-debug-sqlite,1261,33,30,production,true,0
crates/arcweft-debug-sqlite/src/store/tests.rs,arcweft-debug-sqlite,47801,1314,1244,test,true,0
crates/arcweft-debug-sqlite/src/store/timeline.rs,arcweft-debug-sqlite,11415,282,275,production,true,0
crates/arcweft-debug-sqlite/src/store.rs,arcweft-debug-sqlite,5377,184,156,production,true,0
crates/arcweft-desktop-contract/Cargo.toml,arcweft-desktop-contract,310,17,14,text,false,0
crates/arcweft-desktop-contract/src/error.rs,arcweft-desktop-contract,2114,57,53,production,true,0
crates/arcweft-desktop-contract/src/files.rs,arcweft-desktop-contract,14245,497,434,production,true,63
crates/arcweft-desktop-contract/src/geometry.rs,arcweft-desktop-contract,6944,214,179,production,true,27
crates/arcweft-desktop-contract/src/lib.rs,arcweft-desktop-contract,1371,37,30,facade,true,0
crates/arcweft-desktop-contract/src/platform.rs,arcweft-desktop-contract,4060,136,119,production,true,0
crates/arcweft-desktop-contract/src/pointer.rs,arcweft-desktop-contract,1977,83,76,production,true,0
crates/arcweft-desktop-contract/src/request.rs,arcweft-desktop-contract,3903,100,93,production,true,24
crates/arcweft-desktop-contract/src/window.rs,arcweft-desktop-contract,4645,176,155,production,true,20
crates/arcweft-desktop-host/Cargo.toml,arcweft-desktop-host,256,13,11,text,false,0
crates/arcweft-desktop-host/src/backend.rs,arcweft-desktop-host,1257,40,27,production,true,0
crates/arcweft-desktop-host/src/dispatcher.rs,arcweft-desktop-host,6816,218,181,production,true,0
crates/arcweft-desktop-host/src/lib.rs,arcweft-desktop-host,478,12,6,facade,true,0
crates/arcweft-desktop-host/src/memory.rs,arcweft-desktop-host,27325,768,726,production,true,77
crates/arcweft-desktop-host/tests/dispatch.rs,arcweft-desktop-host,1400,39,37,test,true,0
crates/arcweft-desktop-native/Cargo.toml,arcweft-desktop-native,1767,57,51,text,false,0
crates/arcweft-desktop-native/build.rs,arcweft-desktop-native,1684,54,47,production,true,0
crates/arcweft-desktop-native/examples/ime_text_input_contract.rs,arcweft-desktop-native,3031,81,78,example,true,0
crates/arcweft-desktop-native/src/backend.rs,arcweft-desktop-native,12440,341,307,production,true,86
crates/arcweft-desktop-native/src/capabilities.rs,arcweft-desktop-native,12889,334,317,production,true,0
crates/arcweft-desktop-native/src/config.rs,arcweft-desktop-native,1282,48,40,production,true,0
crates/arcweft-desktop-native/src/driver.rs,arcweft-desktop-native,1192,33,20,production,true,0
crates/arcweft-desktop-native/src/external.rs,arcweft-desktop-native,5061,144,136,production,true,0
crates/arcweft-desktop-native/src/files.rs,arcweft-desktop-native,12765,322,307,production,true,0
crates/arcweft-desktop-native/src/grant_store.rs,arcweft-desktop-native,25425,727,673,production,true,79
crates/arcweft-desktop-native/src/lib.rs,arcweft-desktop-native,767,23,16,facade,true,0
crates/arcweft-desktop-native/src/persistent_grants/record.rs,arcweft-desktop-native,3072,87,80,production,true,0
crates/arcweft-desktop-native/src/persistent_grants.rs,arcweft-desktop-native,7819,276,244,production,true,0
crates/arcweft-desktop-native/src/platform.rs,arcweft-desktop-native,1509,45,35,production,true,0
crates/arcweft-desktop-native/src/pointer.rs,arcweft-desktop-native,3101,82,77,production,true,0
crates/arcweft-desktop-native/src/text_input/macos_appkit_bridge.rs,arcweft-desktop-native,8663,306,268,production,true,0
crates/arcweft-desktop-native/src/text_input/macos_text_input.rs,arcweft-desktop-native,22032,656,591,production,true,0
crates/arcweft-desktop-native/src/text_input/windows_tsf/activation.rs,arcweft-desktop-native,3104,107,92,production,true,0
crates/arcweft-desktop-native/src/text_input/windows_tsf/bindings.rs,arcweft-desktop-native,948,24,17,production,true,0
crates/arcweft-desktop-native/src/text_input/windows_tsf/capabilities.rs,arcweft-desktop-native,10528,331,294,production,true,0
crates/arcweft-desktop-native/src/text_input/windows_tsf/display_attributes.rs,arcweft-desktop-native,2122,69,61,production,true,0
crates/arcweft-desktop-native/src/text_input/windows_tsf/edit_session.rs,arcweft-desktop-native,3500,139,120,production,true,0
crates/arcweft-desktop-native/src/text_input/windows_tsf/geometry.rs,arcweft-desktop-native,3781,137,121,production,true,0
crates/arcweft-desktop-native/src/text_input/windows_tsf/range.rs,arcweft-desktop-native,3446,131,114,production,true,0
crates/arcweft-desktop-native/src/text_input/windows_tsf/real_ime.rs,arcweft-desktop-native,6917,201,166,production,true,0
crates/arcweft-desktop-native/src/text_input/windows_tsf/unsafe_com.rs,arcweft-desktop-native,31175,965,850,production,true,0
crates/arcweft-desktop-native/src/text_input/windows_tsf.rs,arcweft-desktop-native,1262,32,25,production,true,0
crates/arcweft-desktop-native/src/text_input.rs,arcweft-desktop-native,461,13,5,production,true,0
crates/arcweft-desktop-native/tests/macos_text_input_compile.rs,arcweft-desktop-native,256,7,7,test,true,0
crates/arcweft-desktop-native/tests/windows_tsf_real_ime_lifecycle.rs,arcweft-desktop-native,2883,82,75,test,true,0
crates/arcweft-desktop-native/tests/windows_tsf_text_input.rs,arcweft-desktop-native,6956,196,179,test,true,0
crates/arcweft-dialogue/Cargo.toml,arcweft-dialogue,709,29,25,text,false,0
crates/arcweft-dialogue/src/character_dialogue/identity.rs,arcweft-dialogue,4882,165,138,production,true,0
crates/arcweft-dialogue/src/character_dialogue/limits.rs,arcweft-dialogue,2097,57,44,production,true,0
crates/arcweft-dialogue/src/character_dialogue/patch.rs,arcweft-dialogue,19098,571,521,production,true,0
crates/arcweft-dialogue/src/character_dialogue/runtime_type.rs,arcweft-dialogue,6017,184,151,production,true,50
crates/arcweft-dialogue/src/character_dialogue/schema.rs,arcweft-dialogue,37326,1076,992,production,true,0
crates/arcweft-dialogue/src/character_dialogue/typed_value.rs,arcweft-dialogue,21007,606,571,production,true,0
crates/arcweft-dialogue/src/character_dialogue.rs,arcweft-dialogue,15428,467,389,production,true,0
crates/arcweft-dialogue/src/character_presentation.rs,arcweft-dialogue,7227,192,166,production,true,53
crates/arcweft-dialogue/src/inline_failure.rs,arcweft-dialogue,5352,183,161,production,true,19
crates/arcweft-dialogue/src/lib.rs,arcweft-dialogue,14458,527,465,facade,true,0
crates/arcweft-dialogue/src/presentation_profile.rs,arcweft-dialogue,2006,76,56,production,true,14
crates/arcweft-dialogue/src/presentation_revision.rs,arcweft-dialogue,9516,236,209,production,true,165
crates/arcweft-dialogue/src/rich_text/control.rs,arcweft-dialogue,8133,246,212,production,true,0
crates/arcweft-dialogue/src/rich_text/host.rs,arcweft-dialogue,15664,488,434,production,true,0
crates/arcweft-dialogue/src/rich_text.rs,arcweft-dialogue,214,7,4,production,true,0
crates/arcweft-dialogue/src/tests/character_dialogue.rs,arcweft-dialogue,35488,1015,957,test,true,0
crates/arcweft-dialogue/src/tests/content.rs,arcweft-dialogue,1077,25,23,test,true,0
crates/arcweft-dialogue/src/tests/mod.rs,arcweft-dialogue,37,2,2,test,true,0
crates/arcweft-dialogue/tests/rich_text_schema.rs,arcweft-dialogue,6399,192,174,test,true,0
crates/arcweft-glyphon/Cargo.toml,arcweft-glyphon,484,21,18,text,false,0
crates/arcweft-glyphon/src/lib.rs,arcweft-glyphon,760,20,17,facade,true,0
crates/arcweft-glyphon/src/physical_bounds.rs,arcweft-glyphon,11591,357,314,production,true,144
crates/arcweft-glyphon/src/prepared_text.rs,arcweft-glyphon,27903,860,756,production,true,112
crates/arcweft-glyphon/src/text_engine.rs,arcweft-glyphon,41972,1178,1074,production,true,138
crates/arcweft-glyphon/tests/shared_text_layout.rs,arcweft-glyphon,8876,261,241,test,true,0
crates/arcweft-host-adapter/Cargo.toml,arcweft-host-adapter,318,15,13,text,false,0
crates/arcweft-host-adapter/src/lib.rs,arcweft-host-adapter,23104,664,535,facade,true,181
crates/arcweft-http-codec/Cargo.toml,arcweft-http-codec,313,14,12,text,false,0
crates/arcweft-http-codec/src/lib.rs,arcweft-http-codec,9407,312,287,facade,true,0
crates/arcweft-http-codec/tests/negotiation.rs,arcweft-http-codec,5525,212,183,test,true,0
crates/arcweft-id/Cargo.toml,arcweft-id,378,21,17,text,false,0
crates/arcweft-id/src/dialogue.rs,arcweft-id,10072,333,269,production,true,93
crates/arcweft-id/src/lib.rs,arcweft-id,19217,629,530,facade,true,132
crates/arcweft-id/src/locale.rs,arcweft-id,7683,234,196,production,true,74
crates/arcweft-id/tests/public_api.rs,arcweft-id,313,7,7,test,true,0
crates/arcweft-id/tests/ui/dialogue_identity_not_serde.rs,arcweft-id,390,12,10,test,true,0
crates/arcweft-id/tests/ui/dialogue_identity_private.rs,arcweft-id,184,6,5,test,true,0
crates/arcweft-id/tests/ui/dialogue_text_key_private.rs,arcweft-id,191,6,5,test,true,0
crates/arcweft-image/Cargo.toml,arcweft-image,378,21,17,text,false,0
crates/arcweft-image/src/lib.rs,arcweft-image,15737,508,443,facade,true,109
crates/arcweft-interaction-model/Cargo.toml,arcweft-interaction-model,355,19,16,text,false,0
crates/arcweft-interaction-model/MIGRATION.md,arcweft-interaction-model,952,34,22,text,false,0
crates/arcweft-interaction-model/src/action.rs,arcweft-interaction-model,2272,98,80,production,true,0
crates/arcweft-interaction-model/src/audio.rs,arcweft-interaction-model,27676,911,808,production,true,0
crates/arcweft-interaction-model/src/dialogue.rs,arcweft-interaction-model,6747,200,169,production,true,73
crates/arcweft-interaction-model/src/id.rs,arcweft-interaction-model,2108,82,61,production,true,15
crates/arcweft-interaction-model/src/input.rs,arcweft-interaction-model,4152,174,139,production,true,0
crates/arcweft-interaction-model/src/lib.rs,arcweft-interaction-model,407,12,6,facade,true,0
crates/arcweft-interaction-model/src/payload.rs,arcweft-interaction-model,956,35,32,production,true,0
crates/arcweft-interaction-model/tests/model.rs,arcweft-interaction-model,1997,59,52,test,true,0
crates/arcweft-lang-hir/Cargo.toml,arcweft-lang-hir,516,26,22,text,false,0
crates/arcweft-lang-hir/src/arena/tests.rs,arcweft-lang-hir,33029,1036,959,test,true,0
crates/arcweft-lang-hir/src/arena.rs,arcweft-lang-hir,23193,719,627,production,true,0
crates/arcweft-lang-hir/src/database/tests.rs,arcweft-lang-hir,31622,863,805,test,true,0
crates/arcweft-lang-hir/src/database.rs,arcweft-lang-hir,28202,807,700,production,true,0
crates/arcweft-lang-hir/src/diagnostic.rs,arcweft-lang-hir,5228,162,124,production,true,0
crates/arcweft-lang-hir/src/dialogue_application/content.rs,arcweft-lang-hir,11561,355,296,production,true,0
crates/arcweft-lang-hir/src/dialogue_application/rich_text.rs,arcweft-lang-hir,24833,741,624,production,true,0
crates/arcweft-lang-hir/src/dialogue_application/tests.rs,arcweft-lang-hir,17662,523,491,test,true,0
crates/arcweft-lang-hir/src/dialogue_application.rs,arcweft-lang-hir,22005,662,577,production,true,0
crates/arcweft-lang-hir/src/expr/basic.rs,arcweft-lang-hir,13830,553,446,production,true,0
crates/arcweft-lang-hir/src/expr/call.rs,arcweft-lang-hir,33524,990,889,production,true,0
crates/arcweft-lang-hir/src/expr/child_edges.rs,arcweft-lang-hir,40490,1125,1066,production,true,0
crates/arcweft-lang-hir/src/expr/choice/tests.rs,arcweft-lang-hir,6787,208,193,test,true,0
crates/arcweft-lang-hir/src/expr/choice.rs,arcweft-lang-hir,31464,987,838,production,true,0
crates/arcweft-lang-hir/src/expr/control.rs,arcweft-lang-hir,13018,532,437,production,true,0
crates/arcweft-lang-hir/src/expr/for_synthetic.rs,arcweft-lang-hir,1395,41,26,production,true,0
crates/arcweft-lang-hir/src/expr/tests.rs,arcweft-lang-hir,83048,2267,2182,test,true,0
crates/arcweft-lang-hir/src/expr/thread.rs,arcweft-lang-hir,6682,223,193,production,true,0
crates/arcweft-lang-hir/src/expr.rs,arcweft-lang-hir,24521,639,581,production,true,0
crates/arcweft-lang-hir/src/final_lowering/capture_lowering.rs,arcweft-lang-hir,9989,287,267,production,true,0
crates/arcweft-lang-hir/src/final_lowering/expression_lowering/choice/candidate.rs,arcweft-lang-hir,11396,283,268,production,true,0
crates/arcweft-lang-hir/src/final_lowering/expression_lowering/choice/plan.rs,arcweft-lang-hir,9985,242,229,production,true,0
crates/arcweft-lang-hir/src/final_lowering/expression_lowering/choice.rs,arcweft-lang-hir,29770,719,681,production,true,0
crates/arcweft-lang-hir/src/final_lowering/expression_lowering/dialogue/candidate/block/keyword.rs,arcweft-lang-hir,6871,169,163,production,true,0
crates/arcweft-lang-hir/src/final_lowering/expression_lowering/dialogue/candidate/block/required_operand.rs,arcweft-lang-hir,3179,83,75,production,true,0
crates/arcweft-lang-hir/src/final_lowering/expression_lowering/dialogue/candidate/block.rs,arcweft-lang-hir,46859,1098,1066,production,true,0
crates/arcweft-lang-hir/src/final_lowering/expression_lowering/dialogue/candidate/call.rs,arcweft-lang-hir,18875,463,440,production,true,0
crates/arcweft-lang-hir/src/final_lowering/expression_lowering/dialogue/candidate/control.rs,arcweft-lang-hir,17824,449,436,production,true,0
crates/arcweft-lang-hir/src/final_lowering/expression_lowering/dialogue/candidate/dialogue_application.rs,arcweft-lang-hir,8811,182,173,production,true,0
crates/arcweft-lang-hir/src/final_lowering/expression_lowering/dialogue/candidate/record.rs,arcweft-lang-hir,9016,202,192,production,true,0
crates/arcweft-lang-hir/src/final_lowering/expression_lowering/dialogue/candidate/type_ref.rs,arcweft-lang-hir,3173,77,64,production,true,0
crates/arcweft-lang-hir/src/final_lowering/expression_lowering/dialogue/candidate.rs,arcweft-lang-hir,44372,1036,993,production,true,0
crates/arcweft-lang-hir/src/final_lowering/expression_lowering/dialogue/plan.rs,arcweft-lang-hir,2326,58,53,production,true,0
crates/arcweft-lang-hir/src/final_lowering/expression_lowering/dialogue.rs,arcweft-lang-hir,29651,709,673,production,true,0
crates/arcweft-lang-hir/src/final_lowering/expression_lowering/tests/call.rs,arcweft-lang-hir,35064,1048,995,test,true,0
crates/arcweft-lang-hir/src/final_lowering/expression_lowering/tests/choice.rs,arcweft-lang-hir,9291,246,230,test,true,0
crates/arcweft-lang-hir/src/final_lowering/expression_lowering/tests/control.rs,arcweft-lang-hir,105318,2826,2680,test,true,0
crates/arcweft-lang-hir/src/final_lowering/expression_lowering/tests/dialogue.rs,arcweft-lang-hir,47406,1290,1227,test,true,0
crates/arcweft-lang-hir/src/final_lowering/expression_lowering/tests/dialogue_candidate_block.rs,arcweft-lang-hir,29554,793,749,test,true,0
crates/arcweft-lang-hir/src/final_lowering/expression_lowering/tests/dialogue_candidate_control.rs,arcweft-lang-hir,19890,517,488,test,true,0
crates/arcweft-lang-hir/src/final_lowering/expression_lowering/tests/identity.rs,arcweft-lang-hir,12960,367,337,test,true,0
crates/arcweft-lang-hir/src/final_lowering/expression_lowering/tests/select.rs,arcweft-lang-hir,40948,1078,1020,test,true,0
crates/arcweft-lang-hir/src/final_lowering/expression_lowering/tests/select_limits.rs,arcweft-lang-hir,33795,874,808,test,true,0
crates/arcweft-lang-hir/src/final_lowering/expression_lowering/tests/statements.rs,arcweft-lang-hir,80075,2139,2045,test,true,0
crates/arcweft-lang-hir/src/final_lowering/expression_lowering/tests.rs,arcweft-lang-hir,113106,3165,3023,test,true,0
crates/arcweft-lang-hir/src/final_lowering/expression_lowering.rs,arcweft-lang-hir,100323,2305,2222,production,true,0
crates/arcweft-lang-hir/src/final_lowering/id_ref_projection.rs,arcweft-lang-hir,3168,80,74,production,true,0
crates/arcweft-lang-hir/src/final_lowering/item_lowering/callable.rs,arcweft-lang-hir,47859,1183,1130,production,true,0
crates/arcweft-lang-hir/src/final_lowering/item_lowering/entry.rs,arcweft-lang-hir,18543,454,430,production,true,0
crates/arcweft-lang-hir/src/final_lowering/item_lowering/extern_capability.rs,arcweft-lang-hir,8458,206,193,production,true,0
crates/arcweft-lang-hir/src/final_lowering/item_lowering/flow.rs,arcweft-lang-hir,39056,953,918,production,true,0
crates/arcweft-lang-hir/src/final_lowering/item_lowering/host.rs,arcweft-lang-hir,6385,170,156,production,true,0
crates/arcweft-lang-hir/src/final_lowering/item_lowering/nominal.rs,arcweft-lang-hir,12319,311,301,production,true,0
crates/arcweft-lang-hir/src/final_lowering/item_lowering/retained/activity.rs,arcweft-lang-hir,17869,436,417,production,true,0
crates/arcweft-lang-hir/src/final_lowering/item_lowering/retained/layer.rs,arcweft-lang-hir,16770,373,351,production,true,0
crates/arcweft-lang-hir/src/final_lowering/item_lowering/retained/metric.rs,arcweft-lang-hir,16349,371,353,production,true,0
crates/arcweft-lang-hir/src/final_lowering/item_lowering/retained/view.rs,arcweft-lang-hir,10165,240,225,production,true,0
crates/arcweft-lang-hir/src/final_lowering/item_lowering/retained.rs,arcweft-lang-hir,17555,422,399,production,true,0
crates/arcweft-lang-hir/src/final_lowering/item_lowering/style.rs,arcweft-lang-hir,25177,582,555,production,true,0
crates/arcweft-lang-hir/src/final_lowering/item_lowering/tests/activity.rs,arcweft-lang-hir,23953,670,642,test,true,0
crates/arcweft-lang-hir/src/final_lowering/item_lowering/tests/entry.rs,arcweft-lang-hir,46620,1291,1242,test,true,0
crates/arcweft-lang-hir/src/final_lowering/item_lowering/tests/extern_capability.rs,arcweft-lang-hir,35006,979,936,test,true,0
crates/arcweft-lang-hir/src/final_lowering/item_lowering/tests/flow.rs,arcweft-lang-hir,60927,1702,1637,test,true,0
crates/arcweft-lang-hir/src/final_lowering/item_lowering/tests/flow_transaction.rs,arcweft-lang-hir,22520,585,549,test,true,0
crates/arcweft-lang-hir/src/final_lowering/item_lowering/tests/function.rs,arcweft-lang-hir,55388,1589,1534,test,true,0
crates/arcweft-lang-hir/src/final_lowering/item_lowering/tests/item_sources.rs,arcweft-lang-hir,24245,682,650,test,true,0
crates/arcweft-lang-hir/src/final_lowering/item_lowering/tests/layer.rs,arcweft-lang-hir,27933,752,723,test,true,0
crates/arcweft-lang-hir/src/final_lowering/item_lowering/tests/metric.rs,arcweft-lang-hir,26471,729,694,test,true,0
crates/arcweft-lang-hir/src/final_lowering/item_lowering/tests/predicate.rs,arcweft-lang-hir,42940,1249,1205,test,true,0
crates/arcweft-lang-hir/src/final_lowering/item_lowering/tests/proof.rs,arcweft-lang-hir,44265,1285,1235,test,true,0
crates/arcweft-lang-hir/src/final_lowering/item_lowering/tests/removed_form_recovery.rs,arcweft-lang-hir,4237,102,94,test,true,0
crates/arcweft-lang-hir/src/final_lowering/item_lowering/tests/resource.rs,arcweft-lang-hir,15550,462,441,test,true,0
crates/arcweft-lang-hir/src/final_lowering/item_lowering/tests/style.rs,arcweft-lang-hir,30153,869,823,test,true,0
crates/arcweft-lang-hir/src/final_lowering/item_lowering/tests/style_freeze.rs,arcweft-lang-hir,12584,346,330,test,true,0
crates/arcweft-lang-hir/src/final_lowering/item_lowering/tests/synthetic_roles.rs,arcweft-lang-hir,12728,369,343,test,true,0
crates/arcweft-lang-hir/src/final_lowering/item_lowering/tests/test_bench.rs,arcweft-lang-hir,12342,370,352,test,true,0
crates/arcweft-lang-hir/src/final_lowering/item_lowering/tests/trait_impl.rs,arcweft-lang-hir,30249,863,833,test,true,0
crates/arcweft-lang-hir/src/final_lowering/item_lowering/tests/view.rs,arcweft-lang-hir,14791,451,429,test,true,0
crates/arcweft-lang-hir/src/final_lowering/item_lowering/tests.rs,arcweft-lang-hir,85995,2463,2361,test,true,0
crates/arcweft-lang-hir/src/final_lowering/item_lowering/trait_impl.rs,arcweft-lang-hir,27187,651,618,production,true,0
crates/arcweft-lang-hir/src/final_lowering/item_lowering.rs,arcweft-lang-hir,32424,834,783,production,true,0
crates/arcweft-lang-hir/src/final_lowering/literal_projection.rs,arcweft-lang-hir,20023,481,445,production,true,0
crates/arcweft-lang-hir/src/final_lowering/name_projection.rs,arcweft-lang-hir,1567,45,36,production,true,0
crates/arcweft-lang-hir/src/final_lowering/path_projection.rs,arcweft-lang-hir,12982,355,312,production,true,114
crates/arcweft-lang-hir/src/final_lowering/pattern_lowering/binding_plan.rs,arcweft-lang-hir,20834,564,525,production,true,0
crates/arcweft-lang-hir/src/final_lowering/pattern_lowering/leaf.rs,arcweft-lang-hir,3394,79,72,production,true,0
crates/arcweft-lang-hir/src/final_lowering/pattern_lowering/tests/attached_matrix.rs,arcweft-lang-hir,68646,1792,1747,test,true,0
crates/arcweft-lang-hir/src/final_lowering/pattern_lowering/tests/payload_freeze.rs,arcweft-lang-hir,7338,197,187,test,true,0
crates/arcweft-lang-hir/src/final_lowering/pattern_lowering/tests.rs,arcweft-lang-hir,55962,1510,1438,test,true,0
crates/arcweft-lang-hir/src/final_lowering/pattern_lowering.rs,arcweft-lang-hir,48835,1300,1231,production,true,0
crates/arcweft-lang-hir/src/final_lowering/statement_lowering/assignment.rs,arcweft-lang-hir,4985,126,116,production,true,0
crates/arcweft-lang-hir/src/final_lowering/statement_lowering/keyword.rs,arcweft-lang-hir,9269,215,208,production,true,0
crates/arcweft-lang-hir/src/final_lowering/statement_lowering/required_operand.rs,arcweft-lang-hir,5943,152,142,production,true,0
crates/arcweft-lang-hir/src/final_lowering/statement_lowering/thread_control.rs,arcweft-lang-hir,25730,548,537,production,true,0
crates/arcweft-lang-hir/src/final_lowering/statement_lowering.rs,arcweft-lang-hir,78959,1896,1820,production,true,0
crates/arcweft-lang-hir/src/final_lowering/tests.rs,arcweft-lang-hir,18619,514,479,test,true,0
crates/arcweft-lang-hir/src/final_lowering/thread_body_lowering.rs,arcweft-lang-hir,16196,402,376,production,true,0
crates/arcweft-lang-hir/src/final_lowering/type_ref_lowering/tests.rs,arcweft-lang-hir,36755,961,905,test,true,0
crates/arcweft-lang-hir/src/final_lowering/type_ref_lowering.rs,arcweft-lang-hir,13418,325,300,production,true,0
crates/arcweft-lang-hir/src/final_lowering.rs,arcweft-lang-hir,56260,1445,1286,production,true,0
crates/arcweft-lang-hir/src/final_project/dialogue_lines.rs,arcweft-lang-hir,20642,612,537,production,true,0
crates/arcweft-lang-hir/src/final_project/runtime_semantic_owners/digest.rs,arcweft-lang-hir,6192,161,151,production,true,0
crates/arcweft-lang-hir/src/final_project/runtime_semantic_owners/validation.rs,arcweft-lang-hir,6808,186,178,production,true,0
crates/arcweft-lang-hir/src/final_project/runtime_semantic_owners.rs,arcweft-lang-hir,39356,1094,1014,production,true,0
crates/arcweft-lang-hir/src/final_project/selected_expressions.rs,arcweft-lang-hir,12448,297,253,production,true,0
crates/arcweft-lang-hir/src/final_project/tests.rs,arcweft-lang-hir,66493,1876,1804,test,true,0
crates/arcweft-lang-hir/src/final_project.rs,arcweft-lang-hir,22467,661,550,production,true,0
crates/arcweft-lang-hir/src/fx.rs,arcweft-lang-hir,5888,181,157,production,true,13
crates/arcweft-lang-hir/src/identity/tests.rs,arcweft-lang-hir,23637,739,690,test,true,0
crates/arcweft-lang-hir/src/identity.rs,arcweft-lang-hir,27771,947,748,production,true,0
crates/arcweft-lang-hir/src/item/callable.rs,arcweft-lang-hir,21577,783,657,production,true,0
crates/arcweft-lang-hir/src/item/entry.rs,arcweft-lang-hir,17828,692,601,production,true,0
crates/arcweft-lang-hir/src/item/flow/tests.rs,arcweft-lang-hir,18864,627,596,test,true,0
crates/arcweft-lang-hir/src/item/flow.rs,arcweft-lang-hir,18845,594,499,production,true,0
crates/arcweft-lang-hir/src/item/host/tests.rs,arcweft-lang-hir,17626,572,550,test,true,0
crates/arcweft-lang-hir/src/item/host.rs,arcweft-lang-hir,26790,986,842,production,true,0
crates/arcweft-lang-hir/src/item/member_index.rs,arcweft-lang-hir,5116,152,134,production,true,0
crates/arcweft-lang-hir/src/item/nominal.rs,arcweft-lang-hir,7435,301,255,production,true,0
crates/arcweft-lang-hir/src/item/retained.rs,arcweft-lang-hir,47878,1565,1384,production,true,0
crates/arcweft-lang-hir/src/item/tests.rs,arcweft-lang-hir,34957,1033,979,test,true,0
crates/arcweft-lang-hir/src/item/trait_impl.rs,arcweft-lang-hir,19458,677,581,production,true,0
crates/arcweft-lang-hir/src/item.rs,arcweft-lang-hir,34825,1035,923,production,true,0
crates/arcweft-lang-hir/src/leaf/tests.rs,arcweft-lang-hir,25917,760,702,test,true,0
crates/arcweft-lang-hir/src/leaf.rs,arcweft-lang-hir,48744,1502,1127,production,true,0
crates/arcweft-lang-hir/src/lib.rs,arcweft-lang-hir,682,29,23,facade,true,0
crates/arcweft-lang-hir/src/line_identity/builder.rs,arcweft-lang-hir,18209,483,451,production,true,0
crates/arcweft-lang-hir/src/line_identity/diagnostic.rs,arcweft-lang-hir,13250,403,369,production,true,0
crates/arcweft-lang-hir/src/line_identity/module_candidates.rs,arcweft-lang-hir,14417,388,370,production,true,0
crates/arcweft-lang-hir/src/line_identity.rs,arcweft-lang-hir,9989,319,261,production,true,0
crates/arcweft-lang-hir/src/lowering.rs,arcweft-lang-hir,14438,422,357,production,true,0
crates/arcweft-lang-hir/src/module/capture_validation.rs,arcweft-lang-hir,4816,116,107,production,true,0
crates/arcweft-lang-hir/src/module/local_resolution.rs,arcweft-lang-hir,7646,217,187,production,true,0
crates/arcweft-lang-hir/src/module/resolution.rs,arcweft-lang-hir,12232,321,237,production,true,0
crates/arcweft-lang-hir/src/module/resolution_tests.rs,arcweft-lang-hir,30954,872,814,test,true,0
crates/arcweft-lang-hir/src/module/scope_graph_tests.rs,arcweft-lang-hir,17405,483,458,test,true,0
crates/arcweft-lang-hir/src/module/tests.rs,arcweft-lang-hir,27025,824,770,test,true,0
crates/arcweft-lang-hir/src/module.rs,arcweft-lang-hir,77929,1954,1839,production,true,0
crates/arcweft-lang-hir/src/pattern/tests.rs,arcweft-lang-hir,43465,1325,1246,test,true,0
crates/arcweft-lang-hir/src/pattern.rs,arcweft-lang-hir,37107,1029,883,production,true,0
crates/arcweft-lang-hir/src/proof_return/tests.rs,arcweft-lang-hir,12895,359,333,test,true,0
crates/arcweft-lang-hir/src/proof_return.rs,arcweft-lang-hir,24530,666,575,production,true,0
crates/arcweft-lang-hir/src/scope/tests.rs,arcweft-lang-hir,7732,268,247,test,true,0
crates/arcweft-lang-hir/src/scope.rs,arcweft-lang-hir,12283,441,358,production,true,0
crates/arcweft-lang-hir/src/slot/tests.rs,arcweft-lang-hir,39238,1134,1053,test,true,0
crates/arcweft-lang-hir/src/slot.rs,arcweft-lang-hir,45460,1291,1102,production,true,0
crates/arcweft-lang-hir/src/source_index/block_projection/assignment.rs,arcweft-lang-hir,4599,150,141,production,true,0
crates/arcweft-lang-hir/src/source_index/block_projection/keyword.rs,arcweft-lang-hir,9469,253,242,production,true,0
crates/arcweft-lang-hir/src/source_index/block_projection/required_operand.rs,arcweft-lang-hir,5577,168,158,production,true,0
crates/arcweft-lang-hir/src/source_index/block_projection/thread_control.rs,arcweft-lang-hir,43349,1312,1267,production,true,0
crates/arcweft-lang-hir/src/source_index/block_projection.rs,arcweft-lang-hir,83002,2429,2338,production,true,0
crates/arcweft-lang-hir/src/source_index/call_cursor.rs,arcweft-lang-hir,8290,228,190,production,true,0
crates/arcweft-lang-hir/src/source_index/control_projection.rs,arcweft-lang-hir,23562,720,686,production,true,0
crates/arcweft-lang-hir/src/source_index/expr_projection.rs,arcweft-lang-hir,32788,844,800,production,true,0
crates/arcweft-lang-hir/src/source_index/expression_manifest/call.rs,arcweft-lang-hir,19258,537,520,production,true,0
crates/arcweft-lang-hir/src/source_index/expression_manifest/candidate_projection/block/keyword.rs,arcweft-lang-hir,6772,163,157,production,true,0
crates/arcweft-lang-hir/src/source_index/expression_manifest/candidate_projection/block/required_operand.rs,arcweft-lang-hir,3247,88,80,production,true,0
crates/arcweft-lang-hir/src/source_index/expression_manifest/candidate_projection/block.rs,arcweft-lang-hir,41362,968,947,production,true,0
crates/arcweft-lang-hir/src/source_index/expression_manifest/candidate_projection/control.rs,arcweft-lang-hir,15687,394,380,production,true,0
crates/arcweft-lang-hir/src/source_index/expression_manifest/candidate_projection/pattern.rs,arcweft-lang-hir,31099,772,744,production,true,0
crates/arcweft-lang-hir/src/source_index/expression_manifest/candidate_projection/payload.rs,arcweft-lang-hir,19233,496,478,production,true,0
crates/arcweft-lang-hir/src/source_index/expression_manifest/candidate_projection/tests.rs,arcweft-lang-hir,19448,552,528,test,true,0
crates/arcweft-lang-hir/src/source_index/expression_manifest/candidate_projection/type_expectation.rs,arcweft-lang-hir,23982,583,562,production,true,0
crates/arcweft-lang-hir/src/source_index/expression_manifest/candidate_projection.rs,arcweft-lang-hir,54837,1336,1295,production,true,0
crates/arcweft-lang-hir/src/source_index/expression_manifest/dialogue_projection.rs,arcweft-lang-hir,14706,404,377,production,true,102
crates/arcweft-lang-hir/src/source_index/expression_manifest/leaf.rs,arcweft-lang-hir,18125,483,454,production,true,0
crates/arcweft-lang-hir/src/source_index/expression_manifest/projection.rs,arcweft-lang-hir,46197,1190,1170,production,true,0
crates/arcweft-lang-hir/src/source_index/expression_manifest/requirements.rs,arcweft-lang-hir,36791,902,877,production,true,0
crates/arcweft-lang-hir/src/source_index/expression_manifest.rs,arcweft-lang-hir,54056,1245,1178,production,true,0
crates/arcweft-lang-hir/src/source_index/flow_role.rs,arcweft-lang-hir,2697,104,86,production,true,32
crates/arcweft-lang-hir/src/source_index/item_projection/activity.rs,arcweft-lang-hir,19886,514,495,production,true,0
crates/arcweft-lang-hir/src/source_index/item_projection/callable.rs,arcweft-lang-hir,25494,705,668,production,true,0
crates/arcweft-lang-hir/src/source_index/item_projection/callable_source.rs,arcweft-lang-hir,33024,909,885,production,true,0
crates/arcweft-lang-hir/src/source_index/item_projection/declaration.rs,arcweft-lang-hir,12665,335,316,production,true,0
crates/arcweft-lang-hir/src/source_index/item_projection/entry.rs,arcweft-lang-hir,20818,540,515,production,true,0
crates/arcweft-lang-hir/src/source_index/item_projection/entry_source.rs,arcweft-lang-hir,11120,306,291,production,true,0
crates/arcweft-lang-hir/src/source_index/item_projection/extern_capability.rs,arcweft-lang-hir,13246,376,358,production,true,0
crates/arcweft-lang-hir/src/source_index/item_projection/flow.rs,arcweft-lang-hir,58922,1657,1592,production,true,0
crates/arcweft-lang-hir/src/source_index/item_projection/function.rs,arcweft-lang-hir,10207,314,300,production,true,0
crates/arcweft-lang-hir/src/source_index/item_projection/host.rs,arcweft-lang-hir,7280,215,200,production,true,0
crates/arcweft-lang-hir/src/source_index/item_projection/layer.rs,arcweft-lang-hir,16644,398,378,production,true,0
crates/arcweft-lang-hir/src/source_index/item_projection/metric.rs,arcweft-lang-hir,16943,438,417,production,true,0
crates/arcweft-lang-hir/src/source_index/item_projection/predicate.rs,arcweft-lang-hir,11719,366,356,production,true,0
crates/arcweft-lang-hir/src/source_index/item_projection/proof.rs,arcweft-lang-hir,13983,433,419,production,true,0
crates/arcweft-lang-hir/src/source_index/item_projection/resource.rs,arcweft-lang-hir,5275,141,134,production,true,0
crates/arcweft-lang-hir/src/source_index/item_projection/style/expression_owners.rs,arcweft-lang-hir,1099,34,25,production,true,0
crates/arcweft-lang-hir/src/source_index/item_projection/style/role_validation.rs,arcweft-lang-hir,4410,117,107,production,true,0
crates/arcweft-lang-hir/src/source_index/item_projection/style.rs,arcweft-lang-hir,41171,1134,1075,production,true,0
crates/arcweft-lang-hir/src/source_index/item_projection/trait_impl.rs,arcweft-lang-hir,36796,983,946,production,true,0
crates/arcweft-lang-hir/src/source_index/item_projection/use_declaration.rs,arcweft-lang-hir,14133,424,405,production,true,0
crates/arcweft-lang-hir/src/source_index/item_projection/view.rs,arcweft-lang-hir,9721,257,246,production,true,0
crates/arcweft-lang-hir/src/source_index/item_projection/view_source.rs,arcweft-lang-hir,11822,372,349,production,true,0
crates/arcweft-lang-hir/src/source_index/item_projection.rs,arcweft-lang-hir,57407,1488,1423,production,true,0
crates/arcweft-lang-hir/src/source_index/item_role.rs,arcweft-lang-hir,6092,179,114,production,true,0
crates/arcweft-lang-hir/src/source_index/match_projection.rs,arcweft-lang-hir,11351,308,292,production,true,0
crates/arcweft-lang-hir/src/source_index/pattern_projection/payload_validation.rs,arcweft-lang-hir,20888,565,533,production,true,0
crates/arcweft-lang-hir/src/source_index/pattern_projection.rs,arcweft-lang-hir,53866,1344,1274,production,true,0
crates/arcweft-lang-hir/src/source_index/stmt_projection.rs,arcweft-lang-hir,9095,244,226,production,true,0
crates/arcweft-lang-hir/src/source_index/style_role.rs,arcweft-lang-hir,6525,215,176,production,true,93
crates/arcweft-lang-hir/src/source_index/tests.rs,arcweft-lang-hir,105899,3019,2841,test,true,0
crates/arcweft-lang-hir/src/source_index/thread_body_projection.rs,arcweft-lang-hir,40688,1083,1045,production,true,0
crates/arcweft-lang-hir/src/source_index/type_projection.rs,arcweft-lang-hir,41628,989,949,production,true,0
crates/arcweft-lang-hir/src/source_index/view_role.rs,arcweft-lang-hir,2684,77,52,production,true,30
crates/arcweft-lang-hir/src/source_index.rs,arcweft-lang-hir,56442,1721,1546,production,true,0
crates/arcweft-lang-hir/src/stmt/tests.rs,arcweft-lang-hir,21736,688,651,test,true,0
crates/arcweft-lang-hir/src/stmt/thread/tests.rs,arcweft-lang-hir,10724,308,276,test,true,0
crates/arcweft-lang-hir/src/stmt/thread.rs,arcweft-lang-hir,27943,966,811,production,true,0
crates/arcweft-lang-hir/src/stmt.rs,arcweft-lang-hir,30199,914,818,production,true,0
crates/arcweft-lang-hir/src/symbol/error.rs,arcweft-lang-hir,13073,375,348,production,true,0
crates/arcweft-lang-hir/src/symbol/identity.rs,arcweft-lang-hir,39448,1259,1033,production,true,73
crates/arcweft-lang-hir/src/symbol/nominal.rs,arcweft-lang-hir,7470,285,253,production,true,0
crates/arcweft-lang-hir/src/symbol/table/import_graph.rs,arcweft-lang-hir,8508,255,240,production,true,0
crates/arcweft-lang-hir/src/symbol/table/imports.rs,arcweft-lang-hir,16344,431,411,production,true,0
crates/arcweft-lang-hir/src/symbol/table/nominal.rs,arcweft-lang-hir,16796,459,430,production,true,0
crates/arcweft-lang-hir/src/symbol/table/publication.rs,arcweft-lang-hir,34982,921,887,production,true,0
crates/arcweft-lang-hir/src/symbol/table/retained.rs,arcweft-lang-hir,17120,440,406,production,true,0
crates/arcweft-lang-hir/src/symbol/table.rs,arcweft-lang-hir,72840,1975,1760,production,true,0
crates/arcweft-lang-hir/src/symbol/tests/direct_bindings.rs,arcweft-lang-hir,11651,361,344,test,true,0
crates/arcweft-lang-hir/src/symbol/tests/import_linking.rs,arcweft-lang-hir,26213,751,719,test,true,0
crates/arcweft-lang-hir/src/symbol/tests/limits.rs,arcweft-lang-hir,8715,214,202,test,true,0
crates/arcweft-lang-hir/src/symbol/tests/nominal_lookup.rs,arcweft-lang-hir,5849,161,153,test,true,0
crates/arcweft-lang-hir/src/symbol/tests/nominal_publication.rs,arcweft-lang-hir,11076,306,289,test,true,0
crates/arcweft-lang-hir/src/symbol/tests/symbol_projection.rs,arcweft-lang-hir,35370,977,925,test,true,0
crates/arcweft-lang-hir/src/symbol/tests.rs,arcweft-lang-hir,29293,882,848,test,true,0
crates/arcweft-lang-hir/src/symbol.rs,arcweft-lang-hir,2022,47,42,production,true,0
crates/arcweft-lang-hir/src/type_ref/tests.rs,arcweft-lang-hir,17523,524,488,test,true,0
crates/arcweft-lang-hir/src/type_ref.rs,arcweft-lang-hir,18060,562,446,production,true,0
crates/arcweft-lang-hir/tests/final_hir_public_api.rs,arcweft-lang-hir,3299,89,85,test,true,0
crates/arcweft-lang-hir/tests/project_symbols.rs,arcweft-lang-hir,2370,77,70,test,true,0
crates/arcweft-lang-hir/tests/public_api.rs,arcweft-lang-hir,2569,41,41,test,true,0
crates/arcweft-lang-hir/tests/ui/capability_policy_absent.rs,arcweft-lang-hir,248,9,7,test,true,0
crates/arcweft-lang-hir/tests/ui/external_id_constructor.rs,arcweft-lang-hir,106,5,4,test,true,0
crates/arcweft-lang-hir/tests/ui/external_id_parse.rs,arcweft-lang-hir,125,5,4,test,true,0
crates/arcweft-lang-hir/tests/ui/external_id_raw_accessor.rs,arcweft-lang-hir,128,7,5,test,true,0
crates/arcweft-lang-hir/tests/ui/external_input_fields_private.rs,arcweft-lang-hir,325,13,11,test,true,0
crates/arcweft-lang-hir/tests/ui/final_call_fields_private.rs,arcweft-lang-hir,477,20,18,test,true,0
crates/arcweft-lang-hir/tests/ui/final_call_not_serde.rs,arcweft-lang-hir,250,9,7,test,true,0
crates/arcweft-lang-hir/tests/ui/final_flow_not_serde.rs,arcweft-lang-hir,542,16,14,test,true,0
crates/arcweft-lang-hir/tests/ui/final_select_fields_private.rs,arcweft-lang-hir,471,17,13,test,true,0
crates/arcweft-lang-hir/tests/ui/final_select_not_serde.rs,arcweft-lang-hir,256,9,7,test,true,0
crates/arcweft-lang-hir/tests/ui/final_select_removed_api.rs,arcweft-lang-hir,532,16,11,test,true,0
crates/arcweft-lang-hir/tests/ui/final_thread_body_fields_private.rs,arcweft-lang-hir,242,8,6,test,true,0
crates/arcweft-lang-hir/tests/ui/hir_ids_have_no_raw_constructors.rs,arcweft-lang-hir,879,30,26,test,true,0
crates/arcweft-lang-hir/tests/ui/hir_module_fields_private.rs,arcweft-lang-hir,237,11,9,test,true,0
crates/arcweft-lang-hir/tests/ui/hir_session_ids_are_not_serde.rs,arcweft-lang-hir,1051,41,38,test,true,0
crates/arcweft-lang-hir/tests/ui/lower_to_hir_removed.rs,arcweft-lang-hir,84,5,4,test,true,0
crates/arcweft-lang-hir/tests/ui/no_append_module_body.rs,arcweft-lang-hir,150,7,5,test,true,0
crates/arcweft-lang-hir/tests/ui/no_linked_module.rs,arcweft-lang-hir,132,7,5,test,true,0
crates/arcweft-lang-hir/tests/ui/no_provisional_proof_types.rs,arcweft-lang-hir,284,6,5,test,true,0
crates/arcweft-lang-hir/tests/ui/raw_hir_id_view_slot_private.rs,arcweft-lang-hir,152,8,6,test,true,0
crates/arcweft-lang-hir/tests/ui/removed_detached_flow_constructor.rs,arcweft-lang-hir,80,5,3,test,true,0
crates/arcweft-lang-hir/tests/ui/removed_detached_flow_item.rs,arcweft-lang-hir,163,10,8,test,true,0
crates/arcweft-lang-hir/tests/ui/removed_flow_compatibility_v2.rs,arcweft-lang-hir,105,5,3,test,true,0
crates/arcweft-lang-hir/tests/ui/removed_flow_source_convenience.rs,arcweft-lang-hir,110,7,5,test,true,0
crates/arcweft-lang-hir/tests/ui/removed_flow_tail_accessor.rs,arcweft-lang-hir,123,7,5,test,true,0
crates/arcweft-lang-hir/tests/ui/removed_hir_borrow.rs,arcweft-lang-hir,207,9,7,test,true,0
crates/arcweft-lang-hir/tests/ui/removed_legacy_hir_dialogue.rs,arcweft-lang-hir,87,5,3,test,true,0
crates/arcweft-lang-hir/tests/ui/removed_legacy_speaker_content.rs,arcweft-lang-hir,129,5,3,test,true,0
crates/arcweft-lang-hir/tests/ui/removed_old_hir_flow.rs,arcweft-lang-hir,79,5,3,test,true,0
crates/arcweft-lang-hir/tests/ui/removed_old_hir_flow_item.rs,arcweft-lang-hir,165,10,8,test,true,0
crates/arcweft-lang-hir/tests/ui/removed_old_hir_thread.rs,arcweft-lang-hir,83,5,3,test,true,0
crates/arcweft-lang-hir/tests/ui/removed_reference_hir.rs,arcweft-lang-hir,201,7,6,test,true,0
crates/arcweft-lang-hir/tests/ui/removed_role_hir.rs,arcweft-lang-hir,336,12,10,test,true,0
crates/arcweft-lang-hir/tests/ui/removed_syntax_contract_clause.rs,arcweft-lang-hir,100,5,3,test,true,0
crates/arcweft-lang-hir/tests/ui/removed_syntax_forwarding_facade.rs,arcweft-lang-hir,44,3,2,test,true,0
crates/arcweft-lang-hir/tests/ui/removed_unused_hir_accessors.rs,arcweft-lang-hir,265,9,7,test,true,0
crates/arcweft-lang-hir/tests/ui/standalone_hir_assertion_removed.rs,arcweft-lang-hir,102,5,4,test,true,0
crates/arcweft-lang-hir/tests/ui/synthetic_identity_raw_projection_absent.rs,arcweft-lang-hir,350,13,10,test,true,0
crates/arcweft-lang-hir/tests/ui/synthetic_identity_serde_absent.rs,arcweft-lang-hir,520,15,13,test,true,0
crates/arcweft-lang-hir/tests/ui/synthetic_key_construction_private.rs,arcweft-lang-hir,407,15,12,test,true,0
crates/arcweft-lang-hir/tests/ui/synthetic_owner_syntax_variant_absent.rs,arcweft-lang-hir,118,5,4,test,true,0
crates/arcweft-lang-jit-cranelift/Cargo.toml,arcweft-lang-jit-cranelift,605,25,21,text,false,0
crates/arcweft-lang-jit-cranelift/src/batch.rs,arcweft-lang-jit-cranelift,56930,1569,1423,production,true,0
crates/arcweft-lang-jit-cranelift/src/compiled.rs,arcweft-lang-jit-cranelift,26773,762,653,production,true,0
crates/arcweft-lang-jit-cranelift/src/lib.rs,arcweft-lang-jit-cranelift,79133,2225,1876,facade,true,0
crates/arcweft-lang-jit-cranelift/src/lower.rs,arcweft-lang-jit-cranelift,59792,1469,1400,production,true,0
crates/arcweft-lang-jit-cranelift/src/native_call.rs,arcweft-lang-jit-cranelift,45174,1155,910,production,true,0
crates/arcweft-lang-jit-cranelift/src/tests.rs,arcweft-lang-jit-cranelift,28741,809,790,test,true,0
crates/arcweft-lang-sema/Cargo.toml,arcweft-lang-sema,847,34,30,text,false,0
crates/arcweft-lang-sema/src/assertion.rs,arcweft-lang-sema,2784,78,56,production,true,19
crates/arcweft-lang-sema/src/callable/arguments.rs,arcweft-lang-sema,15597,426,382,production,true,0
crates/arcweft-lang-sema/src/callable/builder.rs,arcweft-lang-sema,57850,1517,1459,production,true,0
crates/arcweft-lang-sema/src/callable/catalog.rs,arcweft-lang-sema,37174,999,944,production,true,0
crates/arcweft-lang-sema/src/callable/checked_catalog.rs,arcweft-lang-sema,61651,1723,1566,production,true,0
crates/arcweft-lang-sema/src/callable/dialogue.rs,arcweft-lang-sema,3146,94,78,production,true,0
crates/arcweft-lang-sema/src/callable/digest.rs,arcweft-lang-sema,19430,504,451,production,true,22
crates/arcweft-lang-sema/src/callable/error.rs,arcweft-lang-sema,21296,590,556,production,true,0
crates/arcweft-lang-sema/src/callable/facts.rs,arcweft-lang-sema,43300,1271,1151,production,true,0
crates/arcweft-lang-sema/src/callable/identity.rs,arcweft-lang-sema,56818,1887,1711,production,true,0
crates/arcweft-lang-sema/src/callable/join/tests.rs,arcweft-lang-sema,7370,196,186,test,true,0
crates/arcweft-lang-sema/src/callable/join.rs,arcweft-lang-sema,40707,1095,1007,production,true,0
crates/arcweft-lang-sema/src/callable/limits.rs,arcweft-lang-sema,31221,964,857,production,true,48
crates/arcweft-lang-sema/src/callable/nominal_signature.rs,arcweft-lang-sema,24875,654,639,production,true,0
crates/arcweft-lang-sema/src/callable/presentation.rs,arcweft-lang-sema,11313,370,337,production,true,0
crates/arcweft-lang-sema/src/callable/projection.rs,arcweft-lang-sema,44158,1188,1115,production,true,0
crates/arcweft-lang-sema/src/callable/publication.rs,arcweft-lang-sema,6176,176,160,production,true,0
crates/arcweft-lang-sema/src/callable/resolver/outcome.rs,arcweft-lang-sema,27927,825,769,production,true,0
crates/arcweft-lang-sema/src/callable/resolver/preparation.rs,arcweft-lang-sema,24131,587,550,production,true,0
crates/arcweft-lang-sema/src/callable/resolver/resolution.rs,arcweft-lang-sema,35148,968,925,production,true,0
crates/arcweft-lang-sema/src/callable/resolver.rs,arcweft-lang-sema,21757,613,546,production,true,0
crates/arcweft-lang-sema/src/callable/schema/families.rs,arcweft-lang-sema,54923,1529,1470,production,true,54
crates/arcweft-lang-sema/src/callable/schema.rs,arcweft-lang-sema,39330,1204,1134,production,true,0
crates/arcweft-lang-sema/src/callable.rs,arcweft-lang-sema,7023,130,122,production,true,0
crates/arcweft-lang-sema/src/character_definition/query.rs,arcweft-lang-sema,15701,384,369,production,true,0
crates/arcweft-lang-sema/src/character_definition/request_budget.rs,arcweft-lang-sema,5829,184,156,production,true,0
crates/arcweft-lang-sema/src/character_definition.rs,arcweft-lang-sema,30822,909,833,production,true,0
crates/arcweft-lang-sema/src/character_dialogue.rs,arcweft-lang-sema,11435,349,308,production,true,0
crates/arcweft-lang-sema/src/checked_rich_text/checker.rs,arcweft-lang-sema,64471,1704,1635,production,true,0
crates/arcweft-lang-sema/src/checked_rich_text/diagnostic.rs,arcweft-lang-sema,6537,192,168,production,true,0
crates/arcweft-lang-sema/src/checked_rich_text/model.rs,arcweft-lang-sema,13733,527,454,production,true,0
crates/arcweft-lang-sema/src/checked_rich_text/tests.rs,arcweft-lang-sema,11152,322,303,test,true,0
crates/arcweft-lang-sema/src/checked_rich_text/value.rs,arcweft-lang-sema,19614,546,503,production,true,23
crates/arcweft-lang-sema/src/checked_rich_text.rs,arcweft-lang-sema,1296,31,22,production,true,0
crates/arcweft-lang-sema/src/diagnostics/effect_trace.rs,arcweft-lang-sema,2289,78,75,production,true,0
crates/arcweft-lang-sema/src/diagnostics/trait_diagnostic.rs,arcweft-lang-sema,14837,445,413,production,true,0
crates/arcweft-lang-sema/src/dialogue_view.rs,arcweft-lang-sema,7347,218,158,production,true,27
crates/arcweft-lang-sema/src/effect_analysis.rs,arcweft-lang-sema,20433,601,541,production,true,0
crates/arcweft-lang-sema/src/effect_catalog.rs,arcweft-lang-sema,4939,165,144,production,true,31
crates/arcweft-lang-sema/src/effect_diagnostics.rs,arcweft-lang-sema,3678,160,137,production,true,0
crates/arcweft-lang-sema/src/effect_model.rs,arcweft-lang-sema,10882,431,348,production,true,50
crates/arcweft-lang-sema/src/effect_row.rs,arcweft-lang-sema,25506,773,675,production,true,253
crates/arcweft-lang-sema/src/effects.rs,arcweft-lang-sema,15599,473,412,production,true,61
crates/arcweft-lang-sema/src/entry/checker/contract.rs,arcweft-lang-sema,31968,756,731,production,true,0
crates/arcweft-lang-sema/src/entry/checker.rs,arcweft-lang-sema,54381,1417,1351,production,true,0
crates/arcweft-lang-sema/src/entry/digest.rs,arcweft-lang-sema,38219,1135,1048,production,true,316
crates/arcweft-lang-sema/src/entry.rs,arcweft-lang-sema,21772,774,638,production,true,0
crates/arcweft-lang-sema/src/env/base.rs,arcweft-lang-sema,51118,1453,1284,production,true,0
crates/arcweft-lang-sema/src/env/effects.rs,arcweft-lang-sema,2031,78,60,production,true,0
crates/arcweft-lang-sema/src/env/enums.rs,arcweft-lang-sema,1569,50,39,production,true,0
crates/arcweft-lang-sema/src/env/identity.rs,arcweft-lang-sema,1450,46,34,production,true,0
crates/arcweft-lang-sema/src/env/nominal.rs,arcweft-lang-sema,39755,1248,1094,production,true,0
crates/arcweft-lang-sema/src/env/nominal_tests.rs,arcweft-lang-sema,25555,808,763,test,true,0
crates/arcweft-lang-sema/src/env/registered.rs,arcweft-lang-sema,162,3,1,production,true,0
crates/arcweft-lang-sema/src/env/rust_metadata.rs,arcweft-lang-sema,25811,784,688,production,true,155
crates/arcweft-lang-sema/src/env/tests.rs,arcweft-lang-sema,6426,198,180,test,true,0
crates/arcweft-lang-sema/src/env.rs,arcweft-lang-sema,1137,32,27,production,true,0
crates/arcweft-lang-sema/src/final_analysis/accounting.rs,arcweft-lang-sema,8355,289,228,production,true,0
crates/arcweft-lang-sema/src/final_analysis/analyzer/callable_effect_graph.rs,arcweft-lang-sema,9629,275,255,production,true,0
crates/arcweft-lang-sema/src/final_analysis/analyzer/calls/semantics.rs,arcweft-lang-sema,9756,277,262,production,true,0
crates/arcweft-lang-sema/src/final_analysis/analyzer/calls.rs,arcweft-lang-sema,83178,2103,2043,production,true,0
crates/arcweft-lang-sema/src/final_analysis/analyzer/entities.rs,arcweft-lang-sema,3347,87,78,production,true,0
crates/arcweft-lang-sema/src/final_analysis/analyzer/expression_types.rs,arcweft-lang-sema,5989,154,146,production,true,0
crates/arcweft-lang-sema/src/final_analysis/analyzer/expressions/records.rs,arcweft-lang-sema,6427,158,149,production,true,0
crates/arcweft-lang-sema/src/final_analysis/analyzer/expressions.rs,arcweft-lang-sema,112992,2637,2583,production,true,0
crates/arcweft-lang-sema/src/final_analysis/analyzer/items.rs,arcweft-lang-sema,44644,1097,1061,production,true,0
crates/arcweft-lang-sema/src/final_analysis/analyzer/patterns.rs,arcweft-lang-sema,35073,917,885,production,true,0
crates/arcweft-lang-sema/src/final_analysis/analyzer/preparation.rs,arcweft-lang-sema,35133,873,826,production,true,0
crates/arcweft-lang-sema/src/final_analysis/analyzer/state.rs,arcweft-lang-sema,12580,355,323,production,true,0
crates/arcweft-lang-sema/src/final_analysis/analyzer/statements.rs,arcweft-lang-sema,40751,1070,1028,production,true,0
crates/arcweft-lang-sema/src/final_analysis/analyzer.rs,arcweft-lang-sema,22253,575,530,production,true,0
crates/arcweft-lang-sema/src/final_analysis/error.rs,arcweft-lang-sema,21458,594,561,production,true,0
crates/arcweft-lang-sema/src/final_analysis/input.rs,arcweft-lang-sema,2570,72,54,production,true,0
crates/arcweft-lang-sema/src/final_analysis/match_edges/model.rs,arcweft-lang-sema,27851,759,686,production,true,0
crates/arcweft-lang-sema/src/final_analysis/match_edges.rs,arcweft-lang-sema,35982,878,835,production,true,0
crates/arcweft-lang-sema/src/final_analysis/model.rs,arcweft-lang-sema,51779,1767,1436,production,true,0
crates/arcweft-lang-sema/src/final_analysis/nominal_schema.rs,arcweft-lang-sema,17713,449,420,production,true,0
crates/arcweft-lang-sema/src/final_analysis/recovery_diagnostics.rs,arcweft-lang-sema,10567,280,246,production,true,0
crates/arcweft-lang-sema/src/final_analysis/report.rs,arcweft-lang-sema,22475,609,540,production,true,0
crates/arcweft-lang-sema/src/final_analysis/tests.rs,arcweft-lang-sema,211183,6090,5825,test,true,0
crates/arcweft-lang-sema/src/final_analysis/type_rules.rs,arcweft-lang-sema,1767,52,43,production,true,0
crates/arcweft-lang-sema/src/final_analysis/validation.rs,arcweft-lang-sema,93254,2332,2248,production,true,0
crates/arcweft-lang-sema/src/final_analysis.rs,arcweft-lang-sema,4986,109,99,production,true,0
crates/arcweft-lang-sema/src/lib.rs,arcweft-lang-sema,687,27,21,facade,true,0
crates/arcweft-lang-sema/src/nominal/cache.rs,arcweft-lang-sema,8515,284,237,production,true,9
crates/arcweft-lang-sema/src/nominal/diagnostic.rs,arcweft-lang-sema,19806,579,525,production,true,76
crates/arcweft-lang-sema/src/nominal/index.rs,arcweft-lang-sema,6794,206,167,production,true,0
crates/arcweft-lang-sema/src/nominal/input.rs,arcweft-lang-sema,25563,805,708,production,true,0
crates/arcweft-lang-sema/src/nominal/limits.rs,arcweft-lang-sema,15990,466,415,production,true,81
crates/arcweft-lang-sema/src/nominal/model.rs,arcweft-lang-sema,30410,1071,921,production,true,77
crates/arcweft-lang-sema/src/nominal/resolver/engine/resolution.rs,arcweft-lang-sema,44468,1128,1089,production,true,0
crates/arcweft-lang-sema/src/nominal/resolver/engine/state.rs,arcweft-lang-sema,11970,342,322,production,true,44
crates/arcweft-lang-sema/src/nominal/resolver/engine/support.rs,arcweft-lang-sema,8673,256,238,production,true,0
crates/arcweft-lang-sema/src/nominal/resolver/engine/traversal.rs,arcweft-lang-sema,17364,463,447,production,true,0
crates/arcweft-lang-sema/src/nominal/resolver/engine.rs,arcweft-lang-sema,10709,302,273,production,true,0
crates/arcweft-lang-sema/src/nominal/resolver.rs,arcweft-lang-sema,411,12,7,production,true,0
crates/arcweft-lang-sema/src/nominal.rs,arcweft-lang-sema,1787,41,38,production,true,0
crates/arcweft-lang-sema/src/project_index/entry_roles.rs,arcweft-lang-sema,7409,246,218,production,true,0
crates/arcweft-lang-sema/src/project_index/final_projection.rs,arcweft-lang-sema,27012,753,703,production,true,0
crates/arcweft-lang-sema/src/project_index/nominal.rs,arcweft-lang-sema,9581,285,239,production,true,0
crates/arcweft-lang-sema/src/project_index.rs,arcweft-lang-sema,35920,1168,960,production,true,0
crates/arcweft-lang-sema/src/proof_return/tests.rs,arcweft-lang-sema,28752,868,834,test,true,0
crates/arcweft-lang-sema/src/proof_return.rs,arcweft-lang-sema,10283,255,226,production,true,0
crates/arcweft-lang-sema/src/registration/descriptor.rs,arcweft-lang-sema,12247,324,299,production,true,0
crates/arcweft-lang-sema/src/registration/diagnostic.rs,arcweft-lang-sema,16472,455,433,production,true,0
crates/arcweft-lang-sema/src/registration/environment_digest.rs,arcweft-lang-sema,9862,278,250,production,true,0
crates/arcweft-lang-sema/src/registration/environment_input.rs,arcweft-lang-sema,31306,1029,887,production,true,0
crates/arcweft-lang-sema/src/registration/limits.rs,arcweft-lang-sema,2081,82,67,production,true,0
crates/arcweft-lang-sema/src/registration/model.rs,arcweft-lang-sema,41158,1161,1005,production,true,0
crates/arcweft-lang-sema/src/registration/registrar.rs,arcweft-lang-sema,74540,1811,1760,production,true,0
crates/arcweft-lang-sema/src/registration/source_index.rs,arcweft-lang-sema,37170,1093,1009,production,true,0
crates/arcweft-lang-sema/src/registration.rs,arcweft-lang-sema,2324,43,41,production,true,0
crates/arcweft-lang-sema/src/signature/project/tests.rs,arcweft-lang-sema,2899,84,78,test,true,0
crates/arcweft-lang-sema/src/signature/project.rs,arcweft-lang-sema,16435,465,445,production,true,0
crates/arcweft-lang-sema/src/signature/surface.rs,arcweft-lang-sema,20397,561,518,production,true,0
crates/arcweft-lang-sema/src/signature.rs,arcweft-lang-sema,16206,476,434,production,true,0
crates/arcweft-lang-sema/src/types/agent_fields.rs,arcweft-lang-sema,11952,268,245,production,true,17
crates/arcweft-lang-sema/src/types/character_nominal.rs,arcweft-lang-sema,1864,66,55,production,true,0
crates/arcweft-lang-sema/src/types/compatibility.rs,arcweft-lang-sema,12291,311,280,production,true,81
crates/arcweft-lang-sema/src/types/digest.rs,arcweft-lang-sema,26532,790,733,production,true,100
crates/arcweft-lang-sema/src/types/mismatch.rs,arcweft-lang-sema,41767,1147,1130,production,true,0
crates/arcweft-lang-sema/src/types/nominal.rs,arcweft-lang-sema,10238,325,256,production,true,41
crates/arcweft-lang-sema/src/types/openness.rs,arcweft-lang-sema,7205,184,168,production,true,0
crates/arcweft-lang-sema/src/types/order.rs,arcweft-lang-sema,16492,422,402,production,true,0
crates/arcweft-lang-sema/src/types/substitution.rs,arcweft-lang-sema,26590,707,653,production,true,92
crates/arcweft-lang-sema/src/types.rs,arcweft-lang-sema,37969,1172,1028,production,true,98
crates/arcweft-lang-sema/tests/api_compile.rs,arcweft-lang-sema,2290,64,55,test,true,0
crates/arcweft-lang-sema/tests/character_nominal_mismatch.rs,arcweft-lang-sema,11859,339,327,test,true,0
crates/arcweft-lang-sema/tests/ui/associated_type_receiver_requires_nominal_proof.rs,arcweft-lang-sema,263,9,8,test,true,0
crates/arcweft-lang-sema/tests/ui/bare_manifest_not_registerable.rs,arcweft-lang-sema,326,11,9,test,true,0
crates/arcweft-lang-sema/tests/ui/capability_policy_absent.rs,arcweft-lang-sema,100,5,4,test,true,0
crates/arcweft-lang-sema/tests/ui/character_descriptor_not_serializable.rs,arcweft-lang-sema,231,9,6,test,true,0
crates/arcweft-lang-sema/tests/ui/character_manifest_from_json_removed.rs,arcweft-lang-sema,115,5,4,test,true,0
crates/arcweft-lang-sema/tests/ui/character_nominal_kind_method_removed.rs,arcweft-lang-sema,143,7,5,test,true,0
crates/arcweft-lang-sema/tests/ui/character_nominal_kind_removed.rs,arcweft-lang-sema,107,5,4,test,true,0
crates/arcweft-lang-sema/tests/ui/internal_checker_modules_private.rs,arcweft-lang-sema,69,3,2,test,true,0
crates/arcweft-lang-sema/tests/ui/removed_source_string_effect.rs,arcweft-lang-sema,109,5,4,test,true,0
crates/arcweft-lang-sema/tests/ui/removed_zero_consumer_nominal_index_helper.rs,arcweft-lang-sema,315,13,11,test,true,0
crates/arcweft-lang-sema/tests/ui/removed_zero_consumer_type_kind_helpers.rs,arcweft-lang-sema,322,12,9,test,true,0
crates/arcweft-lang-sema/tests/ui/resolved_callable_constructor_is_internal.rs,arcweft-lang-sema,116,5,4,test,true,0
crates/arcweft-lang-sema/tests/ui/signature_query_source_snapshot_id.rs,arcweft-lang-sema,585,19,17,test,true,0
crates/arcweft-lang-sema/tests/ui/source_snapshot_document_identity_conversion.rs,arcweft-lang-sema,232,6,5,test,true,0
crates/arcweft-lang-sema/tests/ui/typecheck_env_callable_mutation_removed.rs,arcweft-lang-sema,1062,29,27,test,true,0
crates/arcweft-lang-sema/tests/ui/typecheck_env_character_builder_removed.rs,arcweft-lang-sema,238,8,6,test,true,0
crates/arcweft-lang-syntax/Cargo.toml,arcweft-lang-syntax,493,25,21,text,false,0
crates/arcweft-lang-syntax/src/assertion.rs,arcweft-lang-syntax,2823,83,64,production,true,27
crates/arcweft-lang-syntax/src/ast/common.rs,arcweft-lang-syntax,818,38,26,production,true,0
crates/arcweft-lang-syntax/src/ast/line_plan.rs,arcweft-lang-syntax,200,9,8,production,true,0
crates/arcweft-lang-syntax/src/ast/module_path.rs,arcweft-lang-syntax,9855,309,257,production,true,51
crates/arcweft-lang-syntax/src/ast/symbol_path.rs,arcweft-lang-syntax,15338,464,390,production,true,108
crates/arcweft-lang-syntax/src/ast.rs,arcweft-lang-syntax,77,4,4,production,true,0
crates/arcweft-lang-syntax/src/attachment/access.rs,arcweft-lang-syntax,42324,1161,967,production,true,21
crates/arcweft-lang-syntax/src/attachment/action.rs,arcweft-lang-syntax,15275,446,387,production,true,162
crates/arcweft-lang-syntax/src/attachment/activity/tests.rs,arcweft-lang-syntax,9319,279,262,test,true,0
crates/arcweft-lang-syntax/src/attachment/activity.rs,arcweft-lang-syntax,36232,1035,916,production,true,0
crates/arcweft-lang-syntax/src/attachment/callable/function.rs,arcweft-lang-syntax,6487,189,153,production,true,0
crates/arcweft-lang-syntax/src/attachment/callable/tests.rs,arcweft-lang-syntax,33158,904,851,test,true,0
crates/arcweft-lang-syntax/src/attachment/callable.rs,arcweft-lang-syntax,64844,1851,1612,production,true,0
crates/arcweft-lang-syntax/src/attachment/choice/candidate.rs,arcweft-lang-syntax,11428,380,315,production,true,0
crates/arcweft-lang-syntax/src/attachment/choice/plan.rs,arcweft-lang-syntax,14622,445,378,production,true,0
crates/arcweft-lang-syntax/src/attachment/choice/tests.rs,arcweft-lang-syntax,8194,236,222,test,true,0
crates/arcweft-lang-syntax/src/attachment/choice.rs,arcweft-lang-syntax,47581,1314,1172,production,true,0
crates/arcweft-lang-syntax/src/attachment/declaration.rs,arcweft-lang-syntax,33902,911,826,production,true,277
crates/arcweft-lang-syntax/src/attachment/dialogue_plan.rs,arcweft-lang-syntax,4545,138,121,production,true,0
crates/arcweft-lang-syntax/src/attachment/entry/tests.rs,arcweft-lang-syntax,7083,198,186,test,true,0
crates/arcweft-lang-syntax/src/attachment/entry.rs,arcweft-lang-syntax,37432,1065,973,production,true,0
crates/arcweft-lang-syntax/src/attachment/error.rs,arcweft-lang-syntax,11930,246,239,production,true,0
crates/arcweft-lang-syntax/src/attachment/expression/candidate_block/keyword_statement.rs,arcweft-lang-syntax,7508,187,168,production,true,0
crates/arcweft-lang-syntax/src/attachment/expression/candidate_block.rs,arcweft-lang-syntax,37264,1085,870,production,true,0
crates/arcweft-lang-syntax/src/attachment/expression/candidate_control.rs,arcweft-lang-syntax,26644,776,651,production,true,0
crates/arcweft-lang-syntax/src/attachment/expression/candidate_path.rs,arcweft-lang-syntax,3042,80,61,production,true,0
crates/arcweft-lang-syntax/src/attachment/expression/match_expression.rs,arcweft-lang-syntax,9466,272,240,production,true,0
crates/arcweft-lang-syntax/src/attachment/expression/structure.rs,arcweft-lang-syntax,54667,1225,1179,production,true,0
crates/arcweft-lang-syntax/src/attachment/expression/tests/candidate_control.rs,arcweft-lang-syntax,25984,651,611,test,true,0
crates/arcweft-lang-syntax/src/attachment/expression/tests/control.rs,arcweft-lang-syntax,16387,469,448,test,true,0
crates/arcweft-lang-syntax/src/attachment/expression/tests/match_expression.rs,arcweft-lang-syntax,5558,145,137,test,true,0
crates/arcweft-lang-syntax/src/attachment/expression/tests.rs,arcweft-lang-syntax,59810,1711,1626,test,true,0
crates/arcweft-lang-syntax/src/attachment/expression.rs,arcweft-lang-syntax,77482,2128,1810,production,true,0
crates/arcweft-lang-syntax/src/attachment/extern_capability/tests.rs,arcweft-lang-syntax,8411,246,230,test,true,0
crates/arcweft-lang-syntax/src/attachment/extern_capability.rs,arcweft-lang-syntax,14387,419,357,production,true,0
crates/arcweft-lang-syntax/src/attachment/family.rs,arcweft-lang-syntax,12230,375,327,production,true,49
crates/arcweft-lang-syntax/src/attachment/flow/tests.rs,arcweft-lang-syntax,89391,2430,2314,test,true,0
crates/arcweft-lang-syntax/src/attachment/flow.rs,arcweft-lang-syntax,37671,1093,983,production,true,0
crates/arcweft-lang-syntax/src/attachment/item.rs,arcweft-lang-syntax,6495,165,139,production,true,46
crates/arcweft-lang-syntax/src/attachment/item_prefix.rs,arcweft-lang-syntax,20238,629,555,production,true,0
crates/arcweft-lang-syntax/src/attachment/layer/tests.rs,arcweft-lang-syntax,14160,411,398,test,true,0
crates/arcweft-lang-syntax/src/attachment/layer.rs,arcweft-lang-syntax,33008,847,778,production,true,0
crates/arcweft-lang-syntax/src/attachment/metric.rs,arcweft-lang-syntax,32539,958,853,production,true,238
crates/arcweft-lang-syntax/src/attachment/node.rs,arcweft-lang-syntax,22405,620,555,production,true,78
crates/arcweft-lang-syntax/src/attachment/nominal.rs,arcweft-lang-syntax,26042,803,712,production,true,0
crates/arcweft-lang-syntax/src/attachment/pattern.rs,arcweft-lang-syntax,10777,312,253,production,true,0
crates/arcweft-lang-syntax/src/attachment/resource.rs,arcweft-lang-syntax,17692,508,453,production,true,166
crates/arcweft-lang-syntax/src/attachment/signal.rs,arcweft-lang-syntax,2898,79,65,production,true,0
crates/arcweft-lang-syntax/src/attachment/snapshot.rs,arcweft-lang-syntax,29069,852,721,production,true,0
crates/arcweft-lang-syntax/src/attachment/source_file.rs,arcweft-lang-syntax,40411,1052,898,production,true,369
crates/arcweft-lang-syntax/src/attachment/statement/tests.rs,arcweft-lang-syntax,6075,200,182,test,true,0
crates/arcweft-lang-syntax/src/attachment/statement.rs,arcweft-lang-syntax,10663,337,282,production,true,0
crates/arcweft-lang-syntax/src/attachment/style/attach.rs,arcweft-lang-syntax,28061,747,717,production,true,0
crates/arcweft-lang-syntax/src/attachment/style/environment.rs,arcweft-lang-syntax,6214,214,171,production,true,0
crates/arcweft-lang-syntax/src/attachment/style/tests.rs,arcweft-lang-syntax,15968,506,482,test,true,0
crates/arcweft-lang-syntax/src/attachment/style.rs,arcweft-lang-syntax,19100,679,546,production,true,0
crates/arcweft-lang-syntax/src/attachment/test_bench.rs,arcweft-lang-syntax,18240,518,474,production,true,198
crates/arcweft-lang-syntax/src/attachment/thread_body.rs,arcweft-lang-syntax,16468,458,380,production,true,0
crates/arcweft-lang-syntax/src/attachment/thread_statement/tests.rs,arcweft-lang-syntax,13341,365,343,test,true,0
crates/arcweft-lang-syntax/src/attachment/thread_statement.rs,arcweft-lang-syntax,24822,752,658,production,true,0
crates/arcweft-lang-syntax/src/attachment/trait_impl/tests.rs,arcweft-lang-syntax,8516,248,238,test,true,0
crates/arcweft-lang-syntax/src/attachment/trait_impl.rs,arcweft-lang-syntax,26700,817,703,production,true,0
crates/arcweft-lang-syntax/src/attachment/trigger.rs,arcweft-lang-syntax,11043,335,293,production,true,0
crates/arcweft-lang-syntax/src/attachment/type_ref.rs,arcweft-lang-syntax,8761,264,209,production,true,0
crates/arcweft-lang-syntax/src/attachment/view/tests.rs,arcweft-lang-syntax,8567,239,227,test,true,0
crates/arcweft-lang-syntax/src/attachment/view.rs,arcweft-lang-syntax,22634,662,582,production,true,0
crates/arcweft-lang-syntax/src/attachment.rs,arcweft-lang-syntax,93259,2381,2262,production,true,1538
crates/arcweft-lang-syntax/src/cst.rs,arcweft-lang-syntax,931,25,20,production,true,0
crates/arcweft-lang-syntax/src/expressions/control.rs,arcweft-lang-syntax,7670,244,208,production,true,0
crates/arcweft-lang-syntax/src/expressions/dialogue.rs,arcweft-lang-syntax,34279,1141,986,production,true,0
crates/arcweft-lang-syntax/src/expressions/pending/call.rs,arcweft-lang-syntax,16619,451,432,production,true,0
crates/arcweft-lang-syntax/src/expressions/pending/dialogue.rs,arcweft-lang-syntax,10975,275,264,production,true,0
crates/arcweft-lang-syntax/src/expressions/pending/record.rs,arcweft-lang-syntax,2942,71,67,production,true,0
crates/arcweft-lang-syntax/src/expressions/pending.rs,arcweft-lang-syntax,30771,793,756,production,true,0
crates/arcweft-lang-syntax/src/expressions/projection_tests.rs,arcweft-lang-syntax,2274,71,66,test,true,0
crates/arcweft-lang-syntax/src/expressions.rs,arcweft-lang-syntax,39690,1229,998,production,true,0
crates/arcweft-lang-syntax/src/grammar/assertion_projection.rs,arcweft-lang-syntax,631,23,16,production,true,0
crates/arcweft-lang-syntax/src/grammar/attribute_projection.rs,arcweft-lang-syntax,9651,286,261,production,true,0
crates/arcweft-lang-syntax/src/grammar/budget.rs,arcweft-lang-syntax,42143,1151,1042,production,true,417
crates/arcweft-lang-syntax/src/grammar/build.rs,arcweft-lang-syntax,49581,1265,1163,production,true,294
crates/arcweft-lang-syntax/src/grammar/callable_projection.rs,arcweft-lang-syntax,4247,124,106,production,true,0
crates/arcweft-lang-syntax/src/grammar/contract_projection.rs,arcweft-lang-syntax,5143,152,128,production,true,19
crates/arcweft-lang-syntax/src/grammar/declaration_projection.rs,arcweft-lang-syntax,19826,673,580,production,true,0
crates/arcweft-lang-syntax/src/grammar/entry_projection.rs,arcweft-lang-syntax,16592,569,510,production,true,0
crates/arcweft-lang-syntax/src/grammar/event.rs,arcweft-lang-syntax,26373,775,690,production,true,146
crates/arcweft-lang-syntax/src/grammar/flow_projection.rs,arcweft-lang-syntax,8811,275,243,production,true,0
crates/arcweft-lang-syntax/src/grammar/keyword_statement_projection.rs,arcweft-lang-syntax,4926,152,129,production,true,0
crates/arcweft-lang-syntax/src/grammar/kinds.rs,arcweft-lang-syntax,46098,1396,1343,production,true,61
crates/arcweft-lang-syntax/src/grammar/projection_tests.rs,arcweft-lang-syntax,3682,115,107,test,true,0
crates/arcweft-lang-syntax/src/grammar/roles.rs,arcweft-lang-syntax,15635,499,477,production,true,60
crates/arcweft-lang-syntax/src/grammar/source_projection.rs,arcweft-lang-syntax,7938,274,232,production,true,0
crates/arcweft-lang-syntax/src/grammar/style_projection.rs,arcweft-lang-syntax,25362,820,723,production,true,0
crates/arcweft-lang-syntax/src/grammar/test_projection.rs,arcweft-lang-syntax,1758,62,49,production,true,0
crates/arcweft-lang-syntax/src/grammar/view_projection.rs,arcweft-lang-syntax,7300,249,208,production,true,0
crates/arcweft-lang-syntax/src/grammar.rs,arcweft-lang-syntax,962,29,25,production,true,0
crates/arcweft-lang-syntax/src/id_ref.rs,arcweft-lang-syntax,5396,200,160,production,true,0
crates/arcweft-lang-syntax/src/incremental/bound.rs,arcweft-lang-syntax,8487,246,209,production,true,55
crates/arcweft-lang-syntax/src/incremental/database.rs,arcweft-lang-syntax,24360,712,602,production,true,0
crates/arcweft-lang-syntax/src/incremental/database_tests/atomicity.rs,arcweft-lang-syntax,22593,631,587,production,true,0
crates/arcweft-lang-syntax/src/incremental/database_tests/choice.rs,arcweft-lang-syntax,3939,113,106,production,true,0
crates/arcweft-lang-syntax/src/incremental/database_tests.rs,arcweft-lang-syntax,131084,3800,3613,test,true,0
crates/arcweft-lang-syntax/src/incremental/limits.rs,arcweft-lang-syntax,3170,86,79,production,true,30
crates/arcweft-lang-syntax/src/incremental/reconcile.rs,arcweft-lang-syntax,12131,342,313,production,true,0
crates/arcweft-lang-syntax/src/incremental/shape.rs,arcweft-lang-syntax,12045,372,336,production,true,56
crates/arcweft-lang-syntax/src/incremental/transaction.rs,arcweft-lang-syntax,13404,414,375,production,true,0
crates/arcweft-lang-syntax/src/incremental.rs,arcweft-lang-syntax,413,16,13,production,true,0
crates/arcweft-lang-syntax/src/lib.rs,arcweft-lang-syntax,516,22,16,facade,true,0
crates/arcweft-lang-syntax/src/lint.rs,arcweft-lang-syntax,41041,1328,1193,production,true,589
crates/arcweft-lang-syntax/src/literal.rs,arcweft-lang-syntax,14033,537,446,production,true,0
crates/arcweft-lang-syntax/src/name.rs,arcweft-lang-syntax,1407,45,36,production,true,0
crates/arcweft-lang-syntax/src/parser/action_grammar.rs,arcweft-lang-syntax,8720,243,230,production,true,0
crates/arcweft-lang-syntax/src/parser/action_grammar_tests.rs,arcweft-lang-syntax,6829,187,175,test,true,0
crates/arcweft-lang-syntax/src/parser/activity_grammar.rs,arcweft-lang-syntax,23546,695,659,production,true,0
crates/arcweft-lang-syntax/src/parser/activity_grammar_tests.rs,arcweft-lang-syntax,10889,318,297,test,true,0
crates/arcweft-lang-syntax/src/parser/character_grammar.rs,arcweft-lang-syntax,10584,298,287,production,true,0
crates/arcweft-lang-syntax/src/parser/character_grammar_tests.rs,arcweft-lang-syntax,5872,187,176,test,true,0
crates/arcweft-lang-syntax/src/parser/cursor.rs,arcweft-lang-syntax,41948,1213,1080,production,true,153
crates/arcweft-lang-syntax/src/parser/declaration.rs,arcweft-lang-syntax,69422,1924,1798,production,true,0
crates/arcweft-lang-syntax/src/parser/dialogue_expression_tests.rs,arcweft-lang-syntax,14773,441,417,test,true,0
crates/arcweft-lang-syntax/src/parser/document.rs,arcweft-lang-syntax,31751,910,853,production,true,0
crates/arcweft-lang-syntax/src/parser/document_tests.rs,arcweft-lang-syntax,5901,180,171,test,true,0
crates/arcweft-lang-syntax/src/parser/entry_grammar.rs,arcweft-lang-syntax,34092,1002,951,production,true,0
crates/arcweft-lang-syntax/src/parser/entry_grammar_tests.rs,arcweft-lang-syntax,10610,307,281,test,true,0
crates/arcweft-lang-syntax/src/parser/expression/call_arguments.rs,arcweft-lang-syntax,8809,257,247,production,true,0
crates/arcweft-lang-syntax/src/parser/expression/colon_dialogue.rs,arcweft-lang-syntax,3523,96,89,production,true,0
crates/arcweft-lang-syntax/src/parser/expression/composite.rs,arcweft-lang-syntax,37803,1070,1030,production,true,0
crates/arcweft-lang-syntax/src/parser/expression/control.rs,arcweft-lang-syntax,19092,557,531,production,true,0
crates/arcweft-lang-syntax/src/parser/expression/operators.rs,arcweft-lang-syntax,1942,49,44,production,true,0
crates/arcweft-lang-syntax/src/parser/expression/postfix_bracket.rs,arcweft-lang-syntax,18193,496,481,production,true,0
crates/arcweft-lang-syntax/src/parser/expression/tests.rs,arcweft-lang-syntax,34494,1009,953,test,true,0
crates/arcweft-lang-syntax/src/parser/expression.rs,arcweft-lang-syntax,86345,2492,2374,production,true,0
crates/arcweft-lang-syntax/src/parser/extern_capability_grammar.rs,arcweft-lang-syntax,17128,508,477,production,true,0
crates/arcweft-lang-syntax/src/parser/extern_capability_grammar_tests.rs,arcweft-lang-syntax,14523,410,374,test,true,0
crates/arcweft-lang-syntax/src/parser/fragment.rs,arcweft-lang-syntax,694,27,20,production,true,0
crates/arcweft-lang-syntax/src/parser/function_grammar.rs,arcweft-lang-syntax,3526,115,102,production,true,0
crates/arcweft-lang-syntax/src/parser/function_grammar_tests.rs,arcweft-lang-syntax,14068,440,410,test,true,0
crates/arcweft-lang-syntax/src/parser/item.rs,arcweft-lang-syntax,5670,159,149,production,true,0
crates/arcweft-lang-syntax/src/parser/item_tests.rs,arcweft-lang-syntax,15409,462,443,test,true,0
crates/arcweft-lang-syntax/src/parser/layer_grammar.rs,arcweft-lang-syntax,21448,569,548,production,true,0
crates/arcweft-lang-syntax/src/parser/layer_grammar_tests.rs,arcweft-lang-syntax,6045,192,179,test,true,0
crates/arcweft-lang-syntax/src/parser/lexer/id_ref.rs,arcweft-lang-syntax,11547,364,331,production,true,0
crates/arcweft-lang-syntax/src/parser/lexer/lifetime.rs,arcweft-lang-syntax,3237,86,74,production,true,0
crates/arcweft-lang-syntax/src/parser/lexer/literal.rs,arcweft-lang-syntax,21639,610,561,production,true,0
crates/arcweft-lang-syntax/src/parser/lexer.rs,arcweft-lang-syntax,20674,668,607,production,true,121
crates/arcweft-lang-syntax/src/parser/metric_grammar.rs,arcweft-lang-syntax,19154,559,532,production,true,0
crates/arcweft-lang-syntax/src/parser/metric_grammar_tests.rs,arcweft-lang-syntax,8268,245,229,test,true,0
crates/arcweft-lang-syntax/src/parser/module_use_grammar.rs,arcweft-lang-syntax,15443,476,455,production,true,0
crates/arcweft-lang-syntax/src/parser/module_use_grammar_tests.rs,arcweft-lang-syntax,12695,412,390,test,true,0
crates/arcweft-lang-syntax/src/parser/path.rs,arcweft-lang-syntax,9491,249,232,production,true,0
crates/arcweft-lang-syntax/src/parser/pattern/tests.rs,arcweft-lang-syntax,20430,589,562,test,true,0
crates/arcweft-lang-syntax/src/parser/pattern.rs,arcweft-lang-syntax,41482,1276,1219,production,true,0
crates/arcweft-lang-syntax/src/parser/pattern_projection.rs,arcweft-lang-syntax,26596,763,727,production,true,0
crates/arcweft-lang-syntax/src/parser/predicate_proof.rs,arcweft-lang-syntax,4823,147,137,production,true,0
crates/arcweft-lang-syntax/src/parser/predicate_proof_tests.rs,arcweft-lang-syntax,56898,1659,1567,test,true,0
crates/arcweft-lang-syntax/src/parser/recovery.rs,arcweft-lang-syntax,34534,875,742,production,true,353
crates/arcweft-lang-syntax/src/parser/resource_grammar.rs,arcweft-lang-syntax,16335,460,432,production,true,0
crates/arcweft-lang-syntax/src/parser/resource_grammar_tests.rs,arcweft-lang-syntax,7442,209,194,test,true,0
crates/arcweft-lang-syntax/src/parser/retained_grammar_tests.rs,arcweft-lang-syntax,11762,340,317,test,true,0
crates/arcweft-lang-syntax/src/parser/retained_header_tests.rs,arcweft-lang-syntax,10008,278,264,test,true,0
crates/arcweft-lang-syntax/src/parser/rich_text_grammar.rs,arcweft-lang-syntax,72942,2106,2013,production,true,0
crates/arcweft-lang-syntax/src/parser/shadow_flow.rs,arcweft-lang-syntax,9672,266,251,production,true,0
crates/arcweft-lang-syntax/src/parser/shadow_flow_tests.rs,arcweft-lang-syntax,22099,630,582,test,true,0
crates/arcweft-lang-syntax/src/parser/shadow_recovery.rs,arcweft-lang-syntax,8167,285,259,production,true,0
crates/arcweft-lang-syntax/src/parser/signal_grammar.rs,arcweft-lang-syntax,3431,102,93,production,true,0
crates/arcweft-lang-syntax/src/parser/signal_grammar_tests.rs,arcweft-lang-syntax,6626,190,180,test,true,0
crates/arcweft-lang-syntax/src/parser/statement/choice/option.rs,arcweft-lang-syntax,9851,321,312,production,true,0
crates/arcweft-lang-syntax/src/parser/statement/choice/plan.rs,arcweft-lang-syntax,16667,506,479,production,true,0
crates/arcweft-lang-syntax/src/parser/statement/choice.rs,arcweft-lang-syntax,37847,1097,1039,production,true,0
crates/arcweft-lang-syntax/src/parser/statement/dialogue_plan.rs,arcweft-lang-syntax,9788,272,260,production,true,0
crates/arcweft-lang-syntax/src/parser/statement/indentation.rs,arcweft-lang-syntax,17494,535,460,production,true,0
crates/arcweft-lang-syntax/src/parser/statement/keyword.rs,arcweft-lang-syntax,4513,117,106,production,true,0
crates/arcweft-lang-syntax/src/parser/statement/trigger.rs,arcweft-lang-syntax,8298,247,231,production,true,0
crates/arcweft-lang-syntax/src/parser/statement.rs,arcweft-lang-syntax,73714,2193,2068,production,true,0
crates/arcweft-lang-syntax/src/parser/style_grammar/environment.rs,arcweft-lang-syntax,13628,389,373,production,true,0
crates/arcweft-lang-syntax/src/parser/style_grammar/selector.rs,arcweft-lang-syntax,10151,297,285,production,true,0
crates/arcweft-lang-syntax/src/parser/style_grammar.rs,arcweft-lang-syntax,23183,687,649,production,true,0
crates/arcweft-lang-syntax/src/parser/style_grammar_tests.rs,arcweft-lang-syntax,10470,303,281,test,true,0
crates/arcweft-lang-syntax/src/parser/test_bench_grammar.rs,arcweft-lang-syntax,10257,300,280,production,true,0
crates/arcweft-lang-syntax/src/parser/test_bench_grammar_tests.rs,arcweft-lang-syntax,6636,191,177,test,true,0
crates/arcweft-lang-syntax/src/parser/trait_impl_grammar.rs,arcweft-lang-syntax,17364,539,507,production,true,0
crates/arcweft-lang-syntax/src/parser/trait_impl_grammar_tests.rs,arcweft-lang-syntax,6611,193,172,test,true,0
crates/arcweft-lang-syntax/src/parser/type_declaration_grammar.rs,arcweft-lang-syntax,9989,296,274,production,true,0
crates/arcweft-lang-syntax/src/parser/type_declaration_grammar_tests.rs,arcweft-lang-syntax,8260,236,216,test,true,0
crates/arcweft-lang-syntax/src/parser/type_ref.rs,arcweft-lang-syntax,21276,674,619,production,true,0
crates/arcweft-lang-syntax/src/parser/unbound_fragment.rs,arcweft-lang-syntax,14158,451,391,production,true,88
crates/arcweft-lang-syntax/src/parser/view_grammar.rs,arcweft-lang-syntax,21001,613,588,production,true,0
crates/arcweft-lang-syntax/src/parser/view_grammar_tests.rs,arcweft-lang-syntax,8960,272,256,test,true,0
crates/arcweft-lang-syntax/src/parser.rs,arcweft-lang-syntax,2015,88,87,production,true,0
crates/arcweft-lang-syntax/src/patterns/bindings.rs,arcweft-lang-syntax,12829,380,357,production,true,0
crates/arcweft-lang-syntax/src/patterns/source.rs,arcweft-lang-syntax,33730,1011,936,production,true,0
crates/arcweft-lang-syntax/src/patterns.rs,arcweft-lang-syntax,20082,683,557,production,true,0
crates/arcweft-lang-syntax/src/reference.rs,arcweft-lang-syntax,6111,199,157,production,true,46
crates/arcweft-lang-syntax/src/text/dialogue_surface.rs,arcweft-lang-syntax,22781,665,606,production,true,105
crates/arcweft-lang-syntax/src/text/rich_text_tag.rs,arcweft-lang-syntax,27064,839,759,production,true,104
crates/arcweft-lang-syntax/src/text.rs,arcweft-lang-syntax,4250,120,100,production,true,17
crates/arcweft-lang-syntax/src/types/source.rs,arcweft-lang-syntax,37528,1163,1016,production,true,0
crates/arcweft-lang-syntax/src/types/source_tests.rs,arcweft-lang-syntax,16124,502,467,test,true,0
crates/arcweft-lang-syntax/src/types/token/grammar.rs,arcweft-lang-syntax,54787,1621,1568,production,true,0
crates/arcweft-lang-syntax/src/types/token/grammar_tests.rs,arcweft-lang-syntax,8322,246,230,test,true,0
crates/arcweft-lang-syntax/src/types/token/scan.rs,arcweft-lang-syntax,5752,195,181,production,true,0
crates/arcweft-lang-syntax/src/types/token.rs,arcweft-lang-syntax,1613,59,44,production,true,0
crates/arcweft-lang-syntax/src/types.rs,arcweft-lang-syntax,17523,557,485,production,true,0
crates/arcweft-lang-syntax/tests/public_api.rs,arcweft-lang-syntax,1626,27,27,test,true,0
crates/arcweft-lang-syntax/tests/public_parser_authority.rs,arcweft-lang-syntax,5910,162,149,test,true,0
crates/arcweft-lang-syntax/tests/ui/attached_flow_fields_private.rs,arcweft-lang-syntax,855,30,28,test,true,0
crates/arcweft-lang-syntax/tests/ui/attached_fragment_is_not_source_file.rs,arcweft-lang-syntax,288,10,7,test,true,0
crates/arcweft-lang-syntax/tests/ui/capability_policy_absent.rs,arcweft-lang-syntax,263,10,8,test,true,0
crates/arcweft-lang-syntax/tests/ui/parse_error_construction.rs,arcweft-lang-syntax,694,30,29,test,true,0
crates/arcweft-lang-syntax/tests/ui/removed_asset_declaration_kind.rs,arcweft-lang-syntax,103,5,4,test,true,0
crates/arcweft-lang-syntax/tests/ui/removed_borrow_block.rs,arcweft-lang-syntax,214,9,7,test,true,0
crates/arcweft-lang-syntax/tests/ui/removed_detached_call_surface.rs,arcweft-lang-syntax,146,5,3,test,true,0
crates/arcweft-lang-syntax/tests/ui/removed_extern_mod_item.rs,arcweft-lang-syntax,87,5,4,test,true,0
crates/arcweft-lang-syntax/tests/ui/removed_into_typed_tree.rs,arcweft-lang-syntax,152,7,5,test,true,0
crates/arcweft-lang-syntax/tests/ui/removed_line_plan_assert.rs,arcweft-lang-syntax,169,7,5,test,true,0
crates/arcweft-lang-syntax/tests/ui/removed_parse_expr.rs,arcweft-lang-syntax,91,5,4,test,true,0
crates/arcweft-lang-syntax/tests/ui/removed_parse_source.rs,arcweft-lang-syntax,106,5,4,test,true,0
crates/arcweft-lang-syntax/tests/ui/removed_parse_type_ref.rs,arcweft-lang-syntax,100,5,4,test,true,0
crates/arcweft-lang-syntax/tests/ui/removed_parsed_source_tree.rs,arcweft-lang-syntax,144,7,5,test,true,0
crates/arcweft-lang-syntax/tests/ui/removed_role_items.rs,arcweft-lang-syntax,285,9,8,test,true,0
crates/arcweft-lang-syntax/tests/ui/removed_typed_syntax_tree.rs,arcweft-lang-syntax,115,5,3,test,true,0
crates/arcweft-lang-syntax/tests/ui/removed_unused_syntax_facades.rs,arcweft-lang-syntax,676,21,20,test,true,0
crates/arcweft-lang-syntax/tests/ui/removed_zero_consumer_syntax_accessors.rs,arcweft-lang-syntax,594,25,21,test,true,0
crates/arcweft-lang-syntax/tests/ui/syntax_node_id_has_no_raw_constructor.rs,arcweft-lang-syntax,220,8,6,test,true,0
crates/arcweft-lang-syntax/tests/ui/syntax_session_ids_are_not_serde.rs,arcweft-lang-syntax,556,24,21,test,true,0
crates/arcweft-lang-syntax/tests/ui/try_expr_construction.rs,arcweft-lang-syntax,90,5,4,test,true,0
crates/arcweft-lang-syntax/tests/ui/typed_node_constructor_is_private.rs,arcweft-lang-syntax,215,7,5,test,true,0
crates/arcweft-lang-syntax/tests/ui/unbound_fragment_is_not_parsed_source.rs,arcweft-lang-syntax,285,10,7,test,true,0
crates/arcweft-launch/Cargo.toml,arcweft-launch,574,23,20,text,false,0
crates/arcweft-launch/src/accepted.rs,arcweft-launch,25062,750,687,production,true,393
crates/arcweft-launch/src/decode/index.rs,arcweft-launch,27981,876,827,production,true,0
crates/arcweft-launch/src/decode/shape.rs,arcweft-launch,16471,474,454,production,true,0
crates/arcweft-launch/src/decode/tests.rs,arcweft-launch,62416,1720,1640,test,true,0
crates/arcweft-launch/src/decode/value.rs,arcweft-launch,8215,316,298,production,true,0
crates/arcweft-launch/src/decode/values/profile/content.rs,arcweft-launch,5719,184,175,production,true,0
crates/arcweft-launch/src/decode/values/profile/external.rs,arcweft-launch,9973,297,283,production,true,0
crates/arcweft-launch/src/decode/values/profile/localization.rs,arcweft-launch,10680,314,296,production,true,0
crates/arcweft-launch/src/decode/values/profile/player.rs,arcweft-launch,6118,194,184,production,true,0
crates/arcweft-launch/src/decode/values/profile/policy.rs,arcweft-launch,24240,774,751,production,true,0
crates/arcweft-launch/src/decode/values/profile/pure.rs,arcweft-launch,6435,207,196,production,true,0
crates/arcweft-launch/src/decode/values/profile.rs,arcweft-launch,11524,379,360,production,true,0
crates/arcweft-launch/src/decode/values.rs,arcweft-launch,26076,800,762,production,true,0
crates/arcweft-launch/src/decode.rs,arcweft-launch,16430,485,455,production,true,0
crates/arcweft-launch/src/diagnostic.rs,arcweft-launch,7603,226,201,production,true,0
crates/arcweft-launch/src/lib.rs,arcweft-launch,673,22,15,facade,true,0
crates/arcweft-launch/src/manifest.rs,arcweft-launch,8874,266,226,production,true,0
crates/arcweft-launch/src/model.rs,arcweft-launch,1388,46,32,production,true,0
crates/arcweft-launch/src/resolve.rs,arcweft-launch,26088,773,719,production,true,263
crates/arcweft-launch/src/source_map.rs,arcweft-launch,16520,516,464,production,true,0
crates/arcweft-launch/src/tree_de.rs,arcweft-launch,11291,389,344,production,true,86
crates/arcweft-launch/tests/maintained_manifests.rs,arcweft-launch,3548,94,85,test,true,0
crates/arcweft-layout/Cargo.toml,arcweft-layout,336,18,15,text,false,0
crates/arcweft-layout/src/lib.rs,arcweft-layout,29105,943,815,facade,true,0
crates/arcweft-layout/src/stage_placement.rs,arcweft-layout,26868,868,765,production,true,95
crates/arcweft-layout/tests/presentation_contract.rs,arcweft-layout,8197,241,225,test,true,0
crates/arcweft-layout/tests/stage_placement.rs,arcweft-layout,3139,102,93,test,true,0
crates/arcweft-lsp/Cargo.toml,arcweft-lsp,1769,65,58,text,false,0
crates/arcweft-lsp/src/config.rs,arcweft-lsp,1810,59,44,production,true,0
crates/arcweft-lsp/src/custom.rs,arcweft-lsp,1181,34,31,production,true,0
crates/arcweft-lsp/src/diagnostics.rs,arcweft-lsp,49048,1321,1217,production,true,903
crates/arcweft-lsp/src/documents.rs,arcweft-lsp,26275,733,642,production,true,346
crates/arcweft-lsp/src/features/actions.rs,arcweft-lsp,5305,145,137,production,true,92
crates/arcweft-lsp/src/features/character_definition.rs,arcweft-lsp,23133,585,558,production,true,0
crates/arcweft-lsp/src/features/character_metadata.rs,arcweft-lsp,7080,213,195,production,true,0
crates/arcweft-lsp/src/features/completion.rs,arcweft-lsp,11276,304,288,production,true,12
crates/arcweft-lsp/src/features/definition.rs,arcweft-lsp,1320,33,31,production,true,0
crates/arcweft-lsp/src/features/dialogue_lines.rs,arcweft-lsp,13429,418,396,production,true,0
crates/arcweft-lsp/src/features/dialogue_view_metadata.rs,arcweft-lsp,5035,144,131,production,true,15
crates/arcweft-lsp/src/features/entry_roles/presentation.rs,arcweft-lsp,15437,452,436,production,true,0
crates/arcweft-lsp/src/features/entry_roles/rename.rs,arcweft-lsp,7282,205,195,production,true,0
crates/arcweft-lsp/src/features/entry_roles/tests.rs,arcweft-lsp,35720,1145,1069,test,true,0
crates/arcweft-lsp/src/features/entry_roles.rs,arcweft-lsp,22339,619,582,production,true,0
crates/arcweft-lsp/src/features/hover.rs,arcweft-lsp,27547,803,751,production,true,344
crates/arcweft-lsp/src/features/inlay.rs,arcweft-lsp,8872,273,258,production,true,0
crates/arcweft-lsp/src/features/nominal_types.rs,arcweft-lsp,59692,1705,1613,production,true,803
crates/arcweft-lsp/src/features/references.rs,arcweft-lsp,901,29,27,production,true,0
crates/arcweft-lsp/src/features/rename.rs,arcweft-lsp,1407,42,37,production,true,0
crates/arcweft-lsp/src/features/semantic_tokens.rs,arcweft-lsp,157,4,0,production,true,0
crates/arcweft-lsp/src/features/signature.rs,arcweft-lsp,14898,435,400,production,true,190
crates/arcweft-lsp/src/features.rs,arcweft-lsp,397,17,15,production,true,0
crates/arcweft-lsp/src/lib.rs,arcweft-lsp,587,24,17,facade,true,0
crates/arcweft-lsp/src/main.rs,arcweft-lsp,252,9,8,facade,true,0
crates/arcweft-lsp/src/positions.rs,arcweft-lsp,13187,376,322,production,true,117
crates/arcweft-lsp/src/profiles/accepted_project/stamp_test_support.rs,arcweft-lsp,2188,60,52,production,true,0
crates/arcweft-lsp/src/profiles/accepted_project/tests/production_limits.rs,arcweft-lsp,5015,138,130,test,true,0
crates/arcweft-lsp/src/profiles/accepted_project/tests.rs,arcweft-lsp,14500,416,395,test,true,0
crates/arcweft-lsp/src/profiles/accepted_project.rs,arcweft-lsp,42982,1261,1162,production,true,0
crates/arcweft-lsp/src/profiles/caches/tests.rs,arcweft-lsp,3925,131,109,test,true,0
crates/arcweft-lsp/src/profiles/caches.rs,arcweft-lsp,19198,628,569,production,true,0
crates/arcweft-lsp/src/profiles/diagnostic.rs,arcweft-lsp,16272,405,346,production,true,0
crates/arcweft-lsp/src/profiles/environment.rs,arcweft-lsp,16731,473,442,production,true,0
crates/arcweft-lsp/src/profiles/load.rs,arcweft-lsp,11658,327,294,production,true,0
crates/arcweft-lsp/src/profiles/model.rs,arcweft-lsp,6131,181,135,production,true,0
crates/arcweft-lsp/src/profiles/state/stamp_test_support.rs,arcweft-lsp,2241,59,49,production,true,0
crates/arcweft-lsp/src/profiles/state/tests.rs,arcweft-lsp,50503,1417,1365,test,true,0
crates/arcweft-lsp/src/profiles/state.rs,arcweft-lsp,20365,615,538,production,true,0
crates/arcweft-lsp/src/profiles/tests.rs,arcweft-lsp,12695,392,350,test,true,0
crates/arcweft-lsp/src/profiles/uri.rs,arcweft-lsp,4837,159,145,production,true,29
crates/arcweft-lsp/src/profiles.rs,arcweft-lsp,1103,41,33,production,true,0
crates/arcweft-lsp/src/repl_command.rs,arcweft-lsp,9237,271,218,production,true,54
crates/arcweft-lsp/src/requests/control.rs,arcweft-lsp,6803,238,201,production,true,62
crates/arcweft-lsp/src/requests/executor/tests.rs,arcweft-lsp,21036,625,571,test,true,0
crates/arcweft-lsp/src/requests/executor.rs,arcweft-lsp,12954,392,345,production,true,0
crates/arcweft-lsp/src/requests/registry.rs,arcweft-lsp,20450,629,572,production,true,189
crates/arcweft-lsp/src/requests/signature/stamp_test_support.rs,arcweft-lsp,1233,32,18,production,true,0
crates/arcweft-lsp/src/requests/signature.rs,arcweft-lsp,39783,1116,1018,production,true,170
crates/arcweft-lsp/src/requests.rs,arcweft-lsp,892,27,21,production,true,0
crates/arcweft-lsp/src/server.rs,arcweft-lsp,7497,179,164,production,true,0
crates/arcweft-lsp/src/session/character_definition_tests.rs,arcweft-lsp,19187,530,489,test,true,0
crates/arcweft-lsp/src/session/lifecycle.rs,arcweft-lsp,8298,212,199,production,true,0
crates/arcweft-lsp/src/session/overlay_authority.rs,arcweft-lsp,8995,262,223,production,true,0
crates/arcweft-lsp/src/session/parser_diagnostic_tests.rs,arcweft-lsp,4368,117,109,test,true,0
crates/arcweft-lsp/src/session/profile_publication.rs,arcweft-lsp,16516,454,436,production,true,0
crates/arcweft-lsp/src/session/publication_gate_tests.rs,arcweft-lsp,13882,392,356,test,true,0
crates/arcweft-lsp/src/session/signature.rs,arcweft-lsp,26483,651,630,production,true,0
crates/arcweft-lsp/src/session/signature_cache_tests/integration_rows.rs,arcweft-lsp,23305,634,601,production,true,0
crates/arcweft-lsp/src/session/signature_cache_tests/lifecycle.rs,arcweft-lsp,17473,470,440,production,true,0
crates/arcweft-lsp/src/session/signature_cache_tests.rs,arcweft-lsp,52736,1487,1374,test,true,0
crates/arcweft-lsp/src/session/signature_stamp_tests.rs,arcweft-lsp,39293,1032,984,test,true,0
crates/arcweft-lsp/src/session/tests.rs,arcweft-lsp,66262,1965,1827,test,true,0
crates/arcweft-lsp/src/session.rs,arcweft-lsp,35642,853,805,production,true,0
crates/arcweft-lsp/src/uri_key.rs,arcweft-lsp,732,27,21,production,true,0
crates/arcweft-lsp/tests/character_completions.rs,arcweft-lsp,6257,197,176,test,true,0
crates/arcweft-lsp/tests/character_manifest_profile.rs,arcweft-lsp,4086,148,135,test,true,0
crates/arcweft-lsp/tests/character_nominal_identity.rs,arcweft-lsp,4952,168,152,test,true,0
crates/arcweft-lsp/tests/dependency_direction.rs,arcweft-lsp,4952,165,152,test,true,0
crates/arcweft-lsp/tests/fixtures/zundamon.awchar/character.awchar.json,arcweft-lsp,3411,167,167,text,false,0
crates/arcweft-lsp/tests/public_api.rs,arcweft-lsp,247,6,6,test,true,0
crates/arcweft-lsp/tests/ui/document_analysis_raw_text.rs,arcweft-lsp,260,9,7,test,true,0
crates/arcweft-lsp/tests/ui/removed_zero_consumer_lsp_facades.rs,arcweft-lsp,582,22,20,test,true,0
crates/arcweft-manifest-model/Cargo.toml,arcweft-manifest-model,370,18,16,text,false,0
crates/arcweft-manifest-model/src/canonical.rs,arcweft-manifest-model,3660,110,100,production,true,30
crates/arcweft-manifest-model/src/digest.rs,arcweft-manifest-model,4358,146,119,production,true,24
crates/arcweft-manifest-model/src/identity.rs,arcweft-manifest-model,9673,325,278,production,true,40
crates/arcweft-manifest-model/src/lib.rs,arcweft-manifest-model,1452,31,27,facade,true,0
crates/arcweft-manifest-model/src/localization.rs,arcweft-manifest-model,6428,191,164,production,true,78
crates/arcweft-manifest-model/src/opaque_producer.rs,arcweft-manifest-model,3757,116,96,production,true,31
crates/arcweft-manifest-model/src/path.rs,arcweft-manifest-model,2428,85,71,production,true,12
crates/arcweft-manifest-model/src/schema.rs,arcweft-manifest-model,9080,334,287,production,true,19
crates/arcweft-memory/Cargo.toml,arcweft-memory,213,13,11,text,false,0
crates/arcweft-memory/src/lib.rs,arcweft-memory,4980,200,135,facade,true,29
crates/arcweft-need/Cargo.toml,arcweft-need,325,20,16,text,false,0
crates/arcweft-need/src/lib.rs,arcweft-need,3993,141,120,facade,true,42
crates/arcweft-player-native/Cargo.toml,arcweft-player-native,2446,77,66,text,false,0
crates/arcweft-player-native/examples/macos_nstextinputclient_real_ime.rs,arcweft-player-native,20098,502,484,example,true,0
crates/arcweft-player-native/src/bin/windows_tsf_ime_sample.rs,arcweft-player-native,14316,414,383,production,true,0
crates/arcweft-player-native/src/clipboard.rs,arcweft-player-native,3704,106,94,production,true,0
crates/arcweft-player-native/src/dev_capture.rs,arcweft-player-native,20990,552,516,production,true,196
crates/arcweft-player-native/src/lib.rs,arcweft-player-native,18868,480,446,facade,true,215
crates/arcweft-player-native/src/main.rs,arcweft-player-native,13854,396,356,facade,true,189
crates/arcweft-player-native/src/native_audio.rs,arcweft-player-native,8821,219,211,production,true,0
crates/arcweft-player-native/src/patch_endpoint.rs,arcweft-player-native,41130,1050,933,production,true,553
crates/arcweft-player-native/src/scene_windowed/frame_cycle.rs,arcweft-player-native,18720,466,448,production,true,0
crates/arcweft-player-native/src/scene_windowed/input_cycle.rs,arcweft-player-native,18894,470,449,production,true,0
crates/arcweft-player-native/src/scene_windowed.rs,arcweft-player-native,41283,1132,1054,production,true,82
crates/arcweft-player-native/src/text_input_bridge/backend.rs,arcweft-player-native,1954,51,37,production,true,0
crates/arcweft-player-native/src/text_input_bridge/trace.rs,arcweft-player-native,15988,493,455,production,true,0
crates/arcweft-player-native/src/text_input_bridge.rs,arcweft-player-native,10886,325,278,production,true,83
crates/arcweft-player-native/src/window_driver.rs,arcweft-player-native,29489,833,747,production,true,290
crates/arcweft-player-native/src/windowed_environment_ingress.rs,arcweft-player-native,25217,760,662,production,true,174
crates/arcweft-player-native/src/windowed_ingress.rs,arcweft-player-native,37127,1078,942,production,true,313
crates/arcweft-player-native/src/windowed_patch.rs,arcweft-player-native,10907,362,294,production,true,74
crates/arcweft-player-native/src/windowed_player_ingress.rs,arcweft-player-native,1341,48,37,production,true,14
crates/arcweft-player-native/src/windowed_runtime.rs,arcweft-player-native,39433,1025,906,production,true,342
crates/arcweft-player-native/tests/character_support/mod.rs,arcweft-player-native,1842,48,46,test,true,0
crates/arcweft-player-native/tests/fixtures/windowed_live_patch/README.md,arcweft-player-native,644,15,11,text,false,0
crates/arcweft-player-native/tests/fixtures/windowed_live_patch/generated/reports/code-generational-task.expected.json,arcweft-player-native,4434,154,154,text,false,0
crates/arcweft-player-native/tests/fixtures/windowed_live_patch/generated/reports/code-generational.expected.json,arcweft-player-native,4287,167,167,text,false,0
crates/arcweft-player-native/tests/fixtures/windowed_live_patch/generated/reports/content-only.expected.json,arcweft-player-native,4426,167,167,text,false,0
crates/arcweft-player-native/tests/fixtures/windowed_live_patch/generated/reports/fixture-manifest.json,arcweft-player-native,5219,104,104,text,false,0
crates/arcweft-player-native/tests/fixtures/windowed_live_patch/generated/reports/malformed.expected.json,arcweft-player-native,3026,110,110,text,false,0
crates/arcweft-player-native/tests/fixtures/windowed_live_patch/generated/reports/restart-required.expected.json,arcweft-player-native,4367,149,149,text,false,0
crates/arcweft-player-native/tests/fixtures/windowed_live_patch/generated/reports/wrong-base.expected.json,arcweft-player-native,3269,110,110,text,false,0
crates/arcweft-player-native/tests/fixtures/windowed_live_patch/src/await_base.arcw,arcweft-player-native,246,6,4,text,false,0
crates/arcweft-player-native/tests/fixtures/windowed_live_patch/src/await_code_generational_target.arcw,arcweft-player-native,230,6,3,text,false,0
crates/arcweft-player-native/tests/fixtures/windowed_live_patch/src/base.arcw,arcweft-player-native,674,19,11,text,false,0
crates/arcweft-player-native/tests/fixtures/windowed_live_patch/src/code_generational_target.arcw,arcweft-player-native,476,14,8,text,false,0
crates/arcweft-player-native/tests/fixtures/windowed_live_patch/src/content_target.arcw,arcweft-player-native,524,16,11,text,false,0
crates/arcweft-player-native/tests/fixtures/windowed_live_patch/src/restart_required_target.arcw,arcweft-player-native,461,14,9,text,false,0
crates/arcweft-player-native/tests/fixtures/windowed_live_patch/src/wrong_base.arcw,arcweft-player-native,578,17,11,text,false,0
crates/arcweft-player-native/tests/support/mod.rs,arcweft-player-native,38,1,1,test,true,0
crates/arcweft-player-native/tests/support/windowed_live_patch_fixtures.rs,arcweft-player-native,53389,1497,1399,test,true,0
crates/arcweft-player-native/tests/windowed_ingress_runtime.rs,arcweft-player-native,11135,287,270,test,true,0
crates/arcweft-player-native/tests/windowed_live_patch_smoke.rs,arcweft-player-native,8943,236,216,test,true,0
crates/arcweft-player-scene/Cargo.toml,arcweft-player-scene,1134,39,35,text,false,0
crates/arcweft-player-scene/src/action_buttons.rs,arcweft-player-scene,6712,180,168,production,true,0
crates/arcweft-player-scene/src/characters.rs,arcweft-player-scene,6123,180,149,production,true,0
crates/arcweft-player-scene/src/control_style.rs,arcweft-player-scene,6500,163,150,production,true,0
crates/arcweft-player-scene/src/controller.rs,arcweft-player-scene,8131,246,219,production,true,0
crates/arcweft-player-scene/src/dialogue.rs,arcweft-player-scene,5603,179,154,production,true,49
crates/arcweft-player-scene/src/fonts.rs,arcweft-player-scene,7681,241,208,production,true,86
crates/arcweft-player-scene/src/frame/focus_navigation.rs,arcweft-player-scene,4783,125,115,production,true,0
crates/arcweft-player-scene/src/frame/surfaces.rs,arcweft-player-scene,29976,857,821,production,true,164
crates/arcweft-player-scene/src/frame/view_geometry/cache.rs,arcweft-player-scene,8512,268,232,production,true,14
crates/arcweft-player-scene/src/frame/view_geometry/conversion.rs,arcweft-player-scene,11842,368,353,production,true,0
crates/arcweft-player-scene/src/frame/view_geometry/error.rs,arcweft-player-scene,32894,886,844,production,true,75
crates/arcweft-player-scene/src/frame/view_geometry/finalize.rs,arcweft-player-scene,13028,336,327,production,true,0
crates/arcweft-player-scene/src/frame/view_geometry/intrinsic.rs,arcweft-player-scene,8259,212,194,production,true,0
crates/arcweft-player-scene/src/frame/view_geometry/measure.rs,arcweft-player-scene,7450,194,186,production,true,0
crates/arcweft-player-scene/src/frame/view_geometry/place.rs,arcweft-player-scene,15432,431,419,production,true,0
crates/arcweft-player-scene/src/frame/view_geometry/tests.rs,arcweft-player-scene,20106,562,530,test,true,0
crates/arcweft-player-scene/src/frame/view_geometry/tree.rs,arcweft-player-scene,26541,786,753,production,true,0
crates/arcweft-player-scene/src/frame/view_geometry.rs,arcweft-player-scene,7401,199,178,production,true,0
crates/arcweft-player-scene/src/frame/view_style/axis_seed.rs,arcweft-player-scene,1081,32,28,production,true,0
crates/arcweft-player-scene/src/frame/view_style/consumer.rs,arcweft-player-scene,14134,387,362,production,true,0
crates/arcweft-player-scene/src/frame/view_style/environment.rs,arcweft-player-scene,1791,44,36,production,true,0
crates/arcweft-player-scene/src/frame/view_style/tests.rs,arcweft-player-scene,47421,1347,1287,test,true,0
crates/arcweft-player-scene/src/frame/view_style.rs,arcweft-player-scene,23665,706,666,production,true,0
crates/arcweft-player-scene/src/frame/view_text.rs,arcweft-player-scene,28775,804,769,production,true,0
crates/arcweft-player-scene/src/frame.rs,arcweft-player-scene,32770,944,864,production,true,0
crates/arcweft-player-scene/src/images.rs,arcweft-player-scene,7792,212,199,production,true,0
crates/arcweft-player-scene/src/input/keyboard.rs,arcweft-player-scene,7914,210,199,production,true,0
crates/arcweft-player-scene/src/input/pointer.rs,arcweft-player-scene,16001,413,404,production,true,0
crates/arcweft-player-scene/src/input/scroll.rs,arcweft-player-scene,14778,423,396,production,true,13
crates/arcweft-player-scene/src/input/state.rs,arcweft-player-scene,7326,204,181,production,true,0
crates/arcweft-player-scene/src/input/tests.rs,arcweft-player-scene,36791,1090,995,test,true,0
crates/arcweft-player-scene/src/input/text_edit.rs,arcweft-player-scene,8672,205,200,production,true,0
crates/arcweft-player-scene/src/input/wheel.rs,arcweft-player-scene,8906,263,231,production,true,74
crates/arcweft-player-scene/src/input.rs,arcweft-player-scene,34634,1048,969,production,true,0
crates/arcweft-player-scene/src/lib.rs,arcweft-player-scene,259,12,10,facade,true,0
crates/arcweft-player-scene/src/text_controls.rs,arcweft-player-scene,11101,278,253,production,true,0
crates/arcweft-player-scene/tests/action_button_submit.rs,arcweft-player-scene,14833,387,356,test,true,0
crates/arcweft-player-scene/tests/character_stage.rs,arcweft-player-scene,4062,117,110,test,true,0
crates/arcweft-player-scene/tests/controller_navigation.rs,arcweft-player-scene,3570,117,111,test,true,0
crates/arcweft-player-scene/tests/dialogue_view.rs,arcweft-player-scene,10419,277,264,test,true,0
crates/arcweft-player-scene/tests/fixtures/zundamon.awchar/character.awchar.json,arcweft-player-scene,3411,167,167,text,false,0
crates/arcweft-player-scene/tests/responsive_stage_placement.rs,arcweft-player-scene,1760,56,44,test,true,0
crates/arcweft-player-scene/tests/runtime_control_style_lowering.rs,arcweft-player-scene,9511,257,234,test,true,0
crates/arcweft-player-scene/tests/runtime_text_controls.rs,arcweft-player-scene,21231,561,514,test,true,0
crates/arcweft-player-scene/tests/scroll_regions.rs,arcweft-player-scene,29117,785,751,test,true,0
crates/arcweft-player-scene/tests/support/mod.rs,arcweft-player-scene,1986,50,47,test,true,0
crates/arcweft-player-scene/tests/view_geometry_transaction.rs,arcweft-player-scene,5696,166,149,test,true,0
crates/arcweft-player-text-input/Cargo.toml,arcweft-player-text-input,401,21,17,text,false,0
crates/arcweft-player-text-input/src/lib.rs,arcweft-player-text-input,583,14,11,facade,true,0
crates/arcweft-player-text-input/src/player_text_input_bridge.rs,arcweft-player-text-input,20667,598,517,production,true,240
crates/arcweft-player-text-input/src/text_input_dispatch.rs,arcweft-player-text-input,25393,707,627,production,true,283
crates/arcweft-player-web/Cargo.toml,arcweft-player-web,1772,63,58,text,false,0
crates/arcweft-player-web/src/app/environment.rs,arcweft-player-web,12410,346,319,production,true,0
crates/arcweft-player-web/src/app/event_loop.rs,arcweft-player-web,2400,69,59,production,true,0
crates/arcweft-player-web/src/app/handle.rs,arcweft-player-web,12275,343,317,production,true,0
crates/arcweft-player-web/src/app/registry.rs,arcweft-player-web,6163,203,183,production,true,0
crates/arcweft-player-web/src/app.rs,arcweft-player-web,36046,966,924,production,true,0
crates/arcweft-player-web/src/clipboard.rs,arcweft-player-web,5782,173,155,production,true,0
crates/arcweft-player-web/src/clock.rs,arcweft-player-web,3060,95,85,production,true,14
crates/arcweft-player-web/src/edit_context.rs,arcweft-player-web,20410,589,530,production,true,147
crates/arcweft-player-web/src/host.rs,arcweft-player-web,9836,266,242,production,true,20
crates/arcweft-player-web/src/inset_shadow_exact_capture.rs,arcweft-player-web,28372,794,752,production,true,0
crates/arcweft-player-web/src/lib.rs,arcweft-player-web,909,29,21,facade,true,0
crates/arcweft-player-web/src/parity.rs,arcweft-player-web,10963,303,283,production,true,0
crates/arcweft-player-web/src/report.rs,arcweft-player-web,21995,620,575,production,true,0
crates/arcweft-player-web/src/runtime_text_input.rs,arcweft-player-web,39968,1180,1054,production,true,229
crates/arcweft-player-web/src/web_text_input.rs,arcweft-player-web,18824,575,501,production,true,55
crates/arcweft-player-web/tests/input.rs,arcweft-player-web,17252,464,428,test,true,0
crates/arcweft-player-web/tests/interaction_visual_state.rs,arcweft-player-web,2468,79,72,test,true,0
crates/arcweft-player-web/tests/parity.rs,arcweft-player-web,5033,150,142,test,true,0
crates/arcweft-player-web/tests/report.rs,arcweft-player-web,340,9,8,test,true,0
crates/arcweft-player-web/tests/support/mod.rs,arcweft-player-web,457,12,11,test,true,0
crates/arcweft-player-web/tests/web_text_input_glue.rs,arcweft-player-web,1311,32,28,test,true,0
crates/arcweft-presentation/Cargo.toml,arcweft-presentation,482,21,18,text,false,0
crates/arcweft-presentation/src/appearance/environment.rs,arcweft-presentation,23926,755,645,production,true,0
crates/arcweft-presentation/src/appearance.rs,arcweft-presentation,10326,288,255,production,true,14
crates/arcweft-presentation/src/character.rs,arcweft-presentation,9285,314,264,production,true,47
crates/arcweft-presentation/src/clipboard.rs,arcweft-presentation,14715,548,476,production,true,0
crates/arcweft-presentation/src/focus.rs,arcweft-presentation,10463,420,353,production,true,43
crates/arcweft-presentation/src/fx/application.rs,arcweft-presentation,5769,180,152,production,true,0
crates/arcweft-presentation/src/fx/capability.rs,arcweft-presentation,6146,196,171,production,true,0
crates/arcweft-presentation/src/fx/diagnostic.rs,arcweft-presentation,5490,160,141,production,true,0
crates/arcweft-presentation/src/fx/evaluator.rs,arcweft-presentation,33000,965,923,production,true,0
crates/arcweft-presentation/src/fx/graph.rs,arcweft-presentation,34415,1075,984,production,true,0
crates/arcweft-presentation/src/fx/graph_evaluator.rs,arcweft-presentation,18424,497,469,production,true,0
crates/arcweft-presentation/src/fx/identity.rs,arcweft-presentation,7956,254,197,production,true,0
crates/arcweft-presentation/src/fx/plan.rs,arcweft-presentation,9754,301,257,production,true,0
crates/arcweft-presentation/src/fx/program.rs,arcweft-presentation,30247,923,834,production,true,0
crates/arcweft-presentation/src/fx/provider.rs,arcweft-presentation,6507,198,169,production,true,0
crates/arcweft-presentation/src/fx/render_resource.rs,arcweft-presentation,30894,882,799,production,true,99
crates/arcweft-presentation/src/fx/state.rs,arcweft-presentation,15486,483,417,production,true,0
crates/arcweft-presentation/src/fx/tests.rs,arcweft-presentation,26570,830,787,test,true,0
crates/arcweft-presentation/src/fx/value.rs,arcweft-presentation,21367,710,593,production,true,0
crates/arcweft-presentation/src/fx.rs,arcweft-presentation,2987,72,63,production,true,0
crates/arcweft-presentation/src/gesture.rs,arcweft-presentation,7011,270,235,production,true,0
crates/arcweft-presentation/src/hit.rs,arcweft-presentation,5238,208,175,production,true,0
crates/arcweft-presentation/src/hover.rs,arcweft-presentation,2234,81,66,production,true,0
crates/arcweft-presentation/src/image.rs,arcweft-presentation,11586,482,399,production,true,0
crates/arcweft-presentation/src/input.rs,arcweft-presentation,8285,345,268,production,true,0
crates/arcweft-presentation/src/interaction.rs,arcweft-presentation,6697,232,190,production,true,0
crates/arcweft-presentation/src/layer.rs,arcweft-presentation,8663,349,291,production,true,0
crates/arcweft-presentation/src/lib.rs,arcweft-presentation,14912,569,461,facade,true,0
crates/arcweft-presentation/src/replay.rs,arcweft-presentation,18280,573,519,production,true,0
crates/arcweft-presentation/src/rich_text/authoring_schema/direct_style.rs,arcweft-presentation,8896,271,238,production,true,0
crates/arcweft-presentation/src/rich_text/authoring_schema/layout.rs,arcweft-presentation,12054,386,345,production,true,0
crates/arcweft-presentation/src/rich_text/authoring_schema/object.rs,arcweft-presentation,5278,173,145,production,true,0
crates/arcweft-presentation/src/rich_text/authoring_schema/style.rs,arcweft-presentation,8262,263,232,production,true,0
crates/arcweft-presentation/src/rich_text/authoring_schema/transform.rs,arcweft-presentation,9989,333,298,production,true,0
crates/arcweft-presentation/src/rich_text/authoring_schema.rs,arcweft-presentation,474,13,10,production,true,0
crates/arcweft-presentation/src/rich_text/builtin_schema.rs,arcweft-presentation,24453,663,633,production,true,0
crates/arcweft-presentation/src/rich_text.rs,arcweft-presentation,17702,537,450,production,true,128
crates/arcweft-presentation/src/router.rs,arcweft-presentation,9766,313,288,production,true,0
crates/arcweft-presentation/src/semantic.rs,arcweft-presentation,7642,276,239,production,true,0
crates/arcweft-presentation/src/tests.rs,arcweft-presentation,44514,1396,1302,test,true,0
crates/arcweft-presentation/src/text_editor.rs,arcweft-presentation,72534,1965,1766,production,true,73
crates/arcweft-presentation/src/text_index.rs,arcweft-presentation,20988,603,501,production,true,0
crates/arcweft-presentation/src/text_input.rs,arcweft-presentation,48449,1695,1430,production,true,32
crates/arcweft-presentation/tests/character_render_spec.rs,arcweft-presentation,3609,112,105,test,true,0
crates/arcweft-presentation/tests/environment.rs,arcweft-presentation,8125,254,240,test,true,0
crates/arcweft-presentation/tests/fixtures/zundamon.awchar/character.awchar.json,arcweft-presentation,3411,167,167,text,false,0
crates/arcweft-presentation/tests/interaction_visual_state.rs,arcweft-presentation,3914,116,102,test,true,0
crates/arcweft-presentation/tests/rich_text_authoring_schema.rs,arcweft-presentation,9225,263,249,test,true,0
crates/arcweft-presentation/tests/text_editor_behavior.rs,arcweft-presentation,28201,852,781,test,true,0
crates/arcweft-presentation/tests/text_index_snapshot.rs,arcweft-presentation,1394,46,37,test,true,0
crates/arcweft-project/Cargo.toml,arcweft-project,518,23,20,text,false,0
crates/arcweft-project/src/artifact.rs,arcweft-project,10496,279,239,production,true,107
crates/arcweft-project/src/content.rs,arcweft-project,18948,569,501,production,true,133
crates/arcweft-project/src/fingerprint.rs,arcweft-project,9456,298,245,production,true,56
crates/arcweft-project/src/graph.rs,arcweft-project,12197,392,345,production,true,78
crates/arcweft-project/src/incremental.rs,arcweft-project,24991,792,690,production,true,220
crates/arcweft-project/src/layout.rs,arcweft-project,4651,149,122,production,true,45
crates/arcweft-project/src/lib.rs,arcweft-project,389,13,8,facade,true,0
crates/arcweft-project/src/persistent_object/codec.rs,arcweft-project,62385,1553,1435,production,true,441
crates/arcweft-project/src/persistent_object/payload.rs,arcweft-project,39177,1064,969,production,true,0
crates/arcweft-project/src/persistent_object/producer_identity.rs,arcweft-project,11502,273,244,production,true,0
crates/arcweft-project/src/persistent_object/schema.rs,arcweft-project,15078,408,361,production,true,0
crates/arcweft-project/src/persistent_object.rs,arcweft-project,1560,33,25,production,true,0
crates/arcweft-project/src/sources.rs,arcweft-project,6521,218,185,production,true,48
crates/arcweft-project/tests/bytecode_link_producer_inventory.rs,arcweft-project,1405,42,39,test,true,0
crates/arcweft-project-loader/Cargo.toml,arcweft-project-loader,1274,44,40,text,false,0
crates/arcweft-project-loader/src/cache/external_payload.rs,arcweft-project-loader,28934,804,753,production,true,330
crates/arcweft-project-loader/src/cache/inspect.rs,arcweft-project-loader,44271,1345,1234,production,true,453
crates/arcweft-project-loader/src/cache/lock.rs,arcweft-project-loader,2957,105,95,production,true,23
crates/arcweft-project-loader/src/cache/network.rs,arcweft-project-loader,8981,243,233,production,true,0
crates/arcweft-project-loader/src/cache/persistent_query/tests.rs,arcweft-project-loader,48277,1294,1203,test,true,0
crates/arcweft-project-loader/src/cache/persistent_query.rs,arcweft-project-loader,68849,1828,1724,production,true,0
crates/arcweft-project-loader/src/cache/record.rs,arcweft-project-loader,5022,164,140,production,true,46
crates/arcweft-project-loader/src/cache/release.rs,arcweft-project-loader,59655,1576,1477,production,true,789
crates/arcweft-project-loader/src/cache/store.rs,arcweft-project-loader,13463,430,393,production,true,105
crates/arcweft-project-loader/src/cache.rs,arcweft-project-loader,336,13,8,production,true,0
crates/arcweft-project-loader/src/character_manifest.rs,arcweft-project-loader,1036,34,25,production,true,18
crates/arcweft-project-loader/src/environment.rs,arcweft-project-loader,28538,830,759,production,true,304
crates/arcweft-project-loader/src/layout.rs,arcweft-project-loader,12315,382,333,production,true,128
crates/arcweft-project-loader/src/lib.rs,arcweft-project-loader,391,14,9,facade,true,0
crates/arcweft-project-loader/src/project.rs,arcweft-project-loader,47659,1378,1278,production,true,412
crates/arcweft-project-loader/src/project_limits.rs,arcweft-project-loader,516,23,19,production,true,0
crates/arcweft-project-loader/src/release_adapter/consume.rs,arcweft-project-loader,10623,311,294,production,true,0
crates/arcweft-project-loader/src/release_adapter/materialize.rs,arcweft-project-loader,4310,116,109,production,true,0
crates/arcweft-project-loader/src/release_adapter/publish/remote/object_directory.rs,arcweft-project-loader,4352,128,113,production,true,0
crates/arcweft-project-loader/src/release_adapter/publish/remote/tests.rs,arcweft-project-loader,10965,345,311,test,true,0
crates/arcweft-project-loader/src/release_adapter/publish/remote.rs,arcweft-project-loader,37198,1150,1050,production,true,0
crates/arcweft-project-loader/src/release_adapter/publish.rs,arcweft-project-loader,12455,389,351,production,true,108
crates/arcweft-project-loader/src/release_adapter/trust.rs,arcweft-project-loader,22266,644,605,production,true,0
crates/arcweft-project-loader/src/release_adapter.rs,arcweft-project-loader,381,10,4,production,true,0
crates/arcweft-project-loader/src/source_document.rs,arcweft-project-loader,4060,116,105,production,true,39
crates/arcweft-project-loader/src/topology/budget.rs,arcweft-project-loader,9613,312,290,production,true,138
crates/arcweft-project-loader/src/topology/external.rs,arcweft-project-loader,27709,782,729,production,true,176
crates/arcweft-project-loader/src/topology/id.rs,arcweft-project-loader,6059,189,163,production,true,30
crates/arcweft-project-loader/src/topology/loader.rs,arcweft-project-loader,59548,1521,1469,production,true,0
crates/arcweft-project-loader/src/topology/loader_limits_tests.rs,arcweft-project-loader,655,25,18,test,true,0
crates/arcweft-project-loader/src/topology/model.rs,arcweft-project-loader,38020,1176,1048,production,true,0
crates/arcweft-project-loader/src/topology/tests.rs,arcweft-project-loader,60912,1736,1569,test,true,0
crates/arcweft-project-loader/src/topology.rs,arcweft-project-loader,1140,29,25,production,true,0
crates/arcweft-project-loader/tests/dependency_direction.rs,arcweft-project-loader,7630,215,197,test,true,0
crates/arcweft-project-loader/tests/public_api.rs,arcweft-project-loader,246,6,6,test,true,0
crates/arcweft-project-loader/tests/release_trust_e2e.rs,arcweft-project-loader,9526,285,266,test,true,0
crates/arcweft-project-loader/tests/support/release_trust_fixture.rs,arcweft-project-loader,19907,529,493,test,true,0
crates/arcweft-project-loader/tests/ui/capability_policy_absent.rs,arcweft-project-loader,171,7,5,test,true,0
crates/arcweft-project-loader/tests/ui/removed_zero_consumer_project_facades.rs,arcweft-project-loader,877,31,27,test,true,0
crates/arcweft-rag/Cargo.toml,arcweft-rag,257,14,12,text,false,0
crates/arcweft-rag/src/fusion.rs,arcweft-rag,2923,98,87,production,true,29
crates/arcweft-rag/src/lib.rs,arcweft-rag,104,4,2,facade,true,0
crates/arcweft-rag/src/vector.rs,arcweft-rag,3412,119,105,production,true,28
crates/arcweft-ref/Cargo.toml,arcweft-ref,260,16,13,text,false,0
crates/arcweft-ref/src/lib.rs,arcweft-ref,3537,150,102,facade,true,23
crates/arcweft-render-text/Cargo.toml,arcweft-render-text,735,27,24,text,false,0
crates/arcweft-render-text/src/lib.rs,arcweft-render-text,703,17,9,facade,true,0
crates/arcweft-render-text/src/resolve_frame.rs,arcweft-render-text,18989,558,518,production,true,0
crates/arcweft-render-text/src/resolved_document.rs,arcweft-render-text,36539,1201,1057,production,true,0
crates/arcweft-render-text/tests/frame_resolution.rs,arcweft-render-text,12930,396,369,test,true,0
crates/arcweft-render-text/tests/resolved_document.rs,arcweft-render-text,15947,487,450,test,true,0
crates/arcweft-render-text/tests/support/mod.rs,arcweft-render-text,2065,50,47,test,true,0
crates/arcweft-render-web/Cargo.toml,arcweft-render-web,499,21,18,text,false,0
crates/arcweft-render-web/src/lib.rs,arcweft-render-web,299,8,2,facade,true,0
crates/arcweft-render-web/src/web.rs,arcweft-render-web,8992,250,220,production,true,0
crates/arcweft-render-wgpu/Cargo.toml,arcweft-render-wgpu,1013,38,34,text,false,0
crates/arcweft-render-wgpu/src/convert.rs,arcweft-render-wgpu,978,27,16,production,true,0
crates/arcweft-render-wgpu/src/geometry/action_buttons.rs,arcweft-render-wgpu,9114,267,252,production,true,0
crates/arcweft-render-wgpu/src/geometry/control_style.rs,arcweft-render-wgpu,12070,385,356,production,true,0
crates/arcweft-render-wgpu/src/geometry/dialogue_prepared/tests.rs,arcweft-render-wgpu,24239,666,631,test,true,0
crates/arcweft-render-wgpu/src/geometry/dialogue_prepared.rs,arcweft-render-wgpu,28031,753,724,production,true,0
crates/arcweft-render-wgpu/src/geometry/dialogue_timeline.rs,arcweft-render-wgpu,12578,410,381,production,true,232
crates/arcweft-render-wgpu/src/geometry/dialogue_transform.rs,arcweft-render-wgpu,2959,77,71,production,true,0
crates/arcweft-render-wgpu/src/geometry/focus_navigation.rs,arcweft-render-wgpu,10469,328,294,production,true,0
crates/arcweft-render-wgpu/src/geometry/images.rs,arcweft-render-wgpu,6994,212,193,production,true,0
crates/arcweft-render-wgpu/src/geometry/prepared_text.rs,arcweft-render-wgpu,4451,126,117,production,true,0
crates/arcweft-render-wgpu/src/geometry/scroll.rs,arcweft-render-wgpu,11532,345,306,production,true,0
crates/arcweft-render-wgpu/src/geometry/text_controls.rs,arcweft-render-wgpu,26036,762,719,production,true,0
crates/arcweft-render-wgpu/src/geometry/view_final.rs,arcweft-render-wgpu,15380,463,413,production,true,143
crates/arcweft-render-wgpu/src/geometry.rs,arcweft-render-wgpu,72076,2163,1937,production,true,0
crates/arcweft-render-wgpu/src/lib.rs,arcweft-render-wgpu,684,22,15,facade,true,0
crates/arcweft-render-wgpu/src/offscreen/budget.rs,arcweft-render-wgpu,4205,118,111,production,true,0
crates/arcweft-render-wgpu/src/offscreen/readback.rs,arcweft-render-wgpu,6568,181,173,production,true,0
crates/arcweft-render-wgpu/src/offscreen/tests.rs,arcweft-render-wgpu,26710,846,802,test,true,0
crates/arcweft-render-wgpu/src/offscreen.rs,arcweft-render-wgpu,42211,1170,1056,production,true,0
crates/arcweft-render-wgpu/src/renderer/prepared_text.rs,arcweft-render-wgpu,13660,420,408,production,true,0
crates/arcweft-render-wgpu/src/renderer/view_text.rs,arcweft-render-wgpu,8354,253,239,production,true,0
crates/arcweft-render-wgpu/src/renderer.rs,arcweft-render-wgpu,58429,1657,1570,production,true,0
crates/arcweft-render-wgpu/src/sample.rs,arcweft-render-wgpu,6661,187,176,production,true,0
crates/arcweft-render-wgpu/src/text_editor_geometry.rs,arcweft-render-wgpu,14168,417,365,production,true,201
crates/arcweft-render-wgpu/src/view_blend.rs,arcweft-render-wgpu,3857,127,113,production,true,24
crates/arcweft-render-wgpu/src/view_box_shadow.rs,arcweft-render-wgpu,20793,634,560,production,true,322
crates/arcweft-render-wgpu/src/view_clip_path.rs,arcweft-render-wgpu,28261,877,817,production,true,115
crates/arcweft-render-wgpu/src/view_compositor.rs,arcweft-render-wgpu,56131,1563,1449,production,true,0
crates/arcweft-render-wgpu/src/view_compositor_uniform.rs,arcweft-render-wgpu,20205,608,564,production,true,94
crates/arcweft-render-wgpu/src/view_direct_renderer.rs,arcweft-render-wgpu,37089,1095,1024,production,true,0
crates/arcweft-render-wgpu/src/view_effects.rs,arcweft-render-wgpu,19113,618,543,production,true,61
crates/arcweft-render-wgpu/src/view_mask.rs,arcweft-render-wgpu,22106,662,610,production,true,120
crates/arcweft-render-wgpu/src/view_scene/compositing.rs,arcweft-render-wgpu,28546,1065,946,production,true,63
crates/arcweft-render-wgpu/src/view_scene/core.rs,arcweft-render-wgpu,22388,754,671,production,true,178
crates/arcweft-render-wgpu/src/view_scene.rs,arcweft-render-wgpu,1799,34,17,production,true,0
crates/arcweft-render-wgpu/src/view_shaders/compositor.wgsl,arcweft-render-wgpu,26431,663,612,text,false,0
crates/arcweft-render-wgpu/tests/geometry.rs,arcweft-render-wgpu,41291,1214,1134,test,true,0
crates/arcweft-render-wgpu/tests/geometry_runtime_control_styles.rs,arcweft-render-wgpu,21317,645,595,test,true,0
crates/arcweft-render-wgpu/tests/prepared_text.rs,arcweft-render-wgpu,24160,666,629,test,true,0
crates/arcweft-render-wgpu/tests/runtime_control_backdrop_gpu_smoke.rs,arcweft-render-wgpu,11096,321,299,test,true,0
crates/arcweft-render-wgpu/tests/view_blend_hsl_modes.rs,arcweft-render-wgpu,1103,35,32,test,true,0
crates/arcweft-render-wgpu/tests/view_box_shadow_exact_png_golden.rs,arcweft-render-wgpu,5930,188,171,test,true,0
crates/arcweft-render-wgpu/tests/view_box_shadow_gpu_smoke.rs,arcweft-render-wgpu,6476,188,171,test,true,0
crates/arcweft-render-wgpu/tests/view_box_shadow_plan.rs,arcweft-render-wgpu,8798,281,255,test,true,0
crates/arcweft-render-wgpu/tests/view_clip_mask_render_closure.rs,arcweft-render-wgpu,11639,345,326,test,true,0
crates/arcweft-render-wgpu/tests/view_compositor_gpu_smoke.rs,arcweft-render-wgpu,811,15,4,test,true,0
crates/arcweft-render-wgpu/tests/view_compositor_gpu_smoke_seq06_13c.rs,arcweft-render-wgpu,2683,64,57,test,true,0
crates/arcweft-render-wgpu/tests/view_compositor_gpu_smoke_timestamps.rs,arcweft-render-wgpu,1277,23,4,test,true,0
crates/arcweft-render-wgpu/tests/view_compositor_plan.rs,arcweft-render-wgpu,3523,99,89,test,true,0
crates/arcweft-render-wgpu/tests/view_scene_player_path.rs,arcweft-render-wgpu,4485,136,122,test,true,0
crates/arcweft-resource-manifest/Cargo.toml,arcweft-resource-manifest,599,26,23,text,false,0
crates/arcweft-resource-manifest/src/budget.rs,arcweft-resource-manifest,4681,142,130,production,true,0
crates/arcweft-resource-manifest/src/decode.rs,arcweft-resource-manifest,37579,1062,1034,production,true,0
crates/arcweft-resource-manifest/src/diagnostic.rs,arcweft-resource-manifest,7721,213,202,production,true,0
crates/arcweft-resource-manifest/src/encode.rs,arcweft-resource-manifest,18264,466,458,production,true,0
crates/arcweft-resource-manifest/src/lib.rs,arcweft-resource-manifest,1370,34,27,facade,true,0
crates/arcweft-resource-manifest/src/limits.rs,arcweft-resource-manifest,2680,106,95,production,true,0
crates/arcweft-resource-manifest/src/publication.rs,arcweft-resource-manifest,31312,921,878,production,true,0
crates/arcweft-resource-manifest/src/shape.rs,arcweft-resource-manifest,33976,1001,979,production,true,0
crates/arcweft-resource-manifest/src/source_map.rs,arcweft-resource-manifest,26279,749,717,production,true,0
crates/arcweft-resource-manifest/src/strict_json.rs,arcweft-resource-manifest,13184,401,384,production,true,20
crates/arcweft-resource-manifest/src/wire.rs,arcweft-resource-manifest,4844,163,152,production,true,0
crates/arcweft-resource-manifest/tests/fixtures/full.canonical.json,arcweft-resource-manifest,10819,1,1,text,false,0
crates/arcweft-resource-manifest/tests/fixtures/full.input.json,arcweft-resource-manifest,23718,885,885,text,false,0
crates/arcweft-resource-manifest/tests/fixtures/minimal.canonical.json,arcweft-resource-manifest,1156,1,1,text,false,0
crates/arcweft-resource-manifest/tests/fixtures/minimal.input.json,arcweft-resource-manifest,1399,31,31,text,false,0
crates/arcweft-resource-manifest/tests/manifest_contract.rs,arcweft-resource-manifest,20685,612,591,test,true,0
crates/arcweft-resource-manifest/tests/publication_contract.rs,arcweft-resource-manifest,10018,294,277,test,true,0
crates/arcweft-resource-model/Cargo.toml,arcweft-resource-model,587,26,22,text,false,0
crates/arcweft-resource-model/src/canonical.rs,arcweft-resource-model,5288,147,125,production,true,0
crates/arcweft-resource-model/src/descriptor.rs,arcweft-resource-model,16191,590,483,production,true,0
crates/arcweft-resource-model/src/identity.rs,arcweft-resource-model,12011,421,353,production,true,0
crates/arcweft-resource-model/src/lib.rs,arcweft-resource-model,364,12,6,facade,true,0
crates/arcweft-resource-model/src/registry/digest.rs,arcweft-resource-model,18420,514,464,production,true,53
crates/arcweft-resource-model/src/registry/validation.rs,arcweft-resource-model,24972,633,612,production,true,0
crates/arcweft-resource-model/src/registry.rs,arcweft-resource-model,18968,547,479,production,true,85
crates/arcweft-resource-model/src/retained.rs,arcweft-resource-model,6604,222,186,production,true,0
crates/arcweft-resource-model/src/value/reference.rs,arcweft-resource-model,13984,388,351,production,true,0
crates/arcweft-resource-model/src/value.rs,arcweft-resource-model,23061,714,618,production,true,0
crates/arcweft-resource-model/tests/identity_contract.rs,arcweft-resource-model,1917,46,40,test,true,0
crates/arcweft-resource-model/tests/registry_contract.rs,arcweft-resource-model,33110,1017,962,test,true,0
crates/arcweft-resource-model/tests/retained_identity_contract.rs,arcweft-resource-model,11642,297,279,test,true,0
crates/arcweft-resource-model/tests/value_contract.rs,arcweft-resource-model,8551,239,225,test,true,0
crates/arcweft-rich-text-schema/Cargo.toml,arcweft-rich-text-schema,223,13,11,text,false,0
crates/arcweft-rich-text-schema/src/lib.rs,arcweft-rich-text-schema,14354,439,283,facade,true,114
crates/arcweft-runtime-accelerator/Cargo.toml,arcweft-runtime-accelerator,1999,70,63,text,false,0
crates/arcweft-runtime-accelerator/examples/math_bench.rs,arcweft-runtime-accelerator,75727,2129,1998,example,true,294
crates/arcweft-runtime-accelerator/src/accelerator_api.rs,arcweft-runtime-accelerator,31732,794,758,production,true,0
crates/arcweft-runtime-accelerator/src/call_backend.rs,arcweft-runtime-accelerator,76720,1943,1886,production,true,0
crates/arcweft-runtime-accelerator/src/compile.rs,arcweft-runtime-accelerator,54976,1617,1538,production,true,0
crates/arcweft-runtime-accelerator/src/external.rs,arcweft-runtime-accelerator,65560,1622,1568,production,true,0
crates/arcweft-runtime-accelerator/src/inference.rs,arcweft-runtime-accelerator,66806,2010,1829,production,true,525
crates/arcweft-runtime-accelerator/src/lib.rs,arcweft-runtime-accelerator,42055,1291,1147,facade,true,0
crates/arcweft-runtime-accelerator/src/math/browser_webgpu/auto_adapter.rs,arcweft-runtime-accelerator,18607,525,499,production,true,0
crates/arcweft-runtime-accelerator/src/math/browser_webgpu/context.rs,arcweft-runtime-accelerator,70375,1862,1781,production,true,0
crates/arcweft-runtime-accelerator/src/math/browser_webgpu.rs,arcweft-runtime-accelerator,17150,626,506,production,true,0
crates/arcweft-runtime-accelerator/src/math/browser_webgpu_policy.rs,arcweft-runtime-accelerator,9490,273,225,production,true,0
crates/arcweft-runtime-accelerator/src/math/tests.rs,arcweft-runtime-accelerator,42195,1102,986,test,true,0
crates/arcweft-runtime-accelerator/src/math/wgpu_backend.rs,arcweft-runtime-accelerator,48359,1398,1338,production,true,0
crates/arcweft-runtime-accelerator/src/math.rs,arcweft-runtime-accelerator,86092,2340,2190,production,true,0
crates/arcweft-runtime-accelerator/src/tests.rs,arcweft-runtime-accelerator,102564,2660,2477,test,true,0
crates/arcweft-runtime-codegen/Cargo.toml,arcweft-runtime-codegen,298,17,14,text,false,0
crates/arcweft-runtime-codegen/src/artifact.rs,arcweft-runtime-codegen,3121,106,91,production,true,0
crates/arcweft-runtime-codegen/src/awbc_region.rs,arcweft-runtime-codegen,11192,322,299,production,true,0
crates/arcweft-runtime-codegen/src/cache.rs,arcweft-runtime-codegen,4606,119,106,production,true,0
crates/arcweft-runtime-codegen/src/lib.rs,arcweft-runtime-codegen,329,13,7,facade,true,0
crates/arcweft-runtime-codegen/src/policy.rs,arcweft-runtime-codegen,2029,85,74,production,true,0
crates/arcweft-runtime-codegen/src/region.rs,arcweft-runtime-codegen,14899,429,399,production,true,0
crates/arcweft-runtime-codegen/src/tests.rs,arcweft-runtime-codegen,15194,430,393,test,true,0
crates/arcweft-runtime-driver/Cargo.toml,arcweft-runtime-driver,1108,38,34,text,false,0
crates/arcweft-runtime-driver/src/clock.rs,arcweft-runtime-driver,2318,79,64,production,true,23
crates/arcweft-runtime-driver/src/dialogue/store.rs,arcweft-runtime-driver,21436,579,535,production,true,0
crates/arcweft-runtime-driver/src/dialogue.rs,arcweft-runtime-driver,11491,393,321,production,true,0
crates/arcweft-runtime-driver/src/display/tests.rs,arcweft-runtime-driver,38467,1126,1044,test,true,0
crates/arcweft-runtime-driver/src/display.rs,arcweft-runtime-driver,43246,1169,1085,production,true,0
crates/arcweft-runtime-driver/src/fx_runtime.rs,arcweft-runtime-driver,18785,525,492,production,true,106
crates/arcweft-runtime-driver/src/generation_runtime.rs,arcweft-runtime-driver,7255,219,157,production,true,59
crates/arcweft-runtime-driver/src/lib.rs,arcweft-runtime-driver,550,20,13,facade,true,0
crates/arcweft-runtime-driver/src/presentation_handles.rs,arcweft-runtime-driver,39458,1171,1081,production,true,327
crates/arcweft-runtime-driver/src/session/axis_seed.rs,arcweft-runtime-driver,2124,62,53,production,true,0
crates/arcweft-runtime-driver/src/session/construction.rs,arcweft-runtime-driver,20542,538,513,production,true,0
crates/arcweft-runtime-driver/src/session/environment.rs,arcweft-runtime-driver,13606,369,332,production,true,123
crates/arcweft-runtime-driver/src/session/fx.rs,arcweft-runtime-driver,2226,65,55,production,true,0
crates/arcweft-runtime-driver/src/session/hot_swap.rs,arcweft-runtime-driver,21104,475,453,production,true,55
crates/arcweft-runtime-driver/src/session/lifecycle.rs,arcweft-runtime-driver,5030,148,115,production,true,0
crates/arcweft-runtime-driver/src/session/persistence.rs,arcweft-runtime-driver,23292,524,507,production,true,0
crates/arcweft-runtime-driver/src/session/replay/execute.rs,arcweft-runtime-driver,31007,829,791,production,true,0
crates/arcweft-runtime-driver/src/session/replay/model.rs,arcweft-runtime-driver,8130,213,194,production,true,0
crates/arcweft-runtime-driver/src/session/replay/record.rs,arcweft-runtime-driver,13097,324,306,production,true,0
crates/arcweft-runtime-driver/src/session/replay.rs,arcweft-runtime-driver,130,7,4,production,true,0
crates/arcweft-runtime-driver/src/session/root_command.rs,arcweft-runtime-driver,10651,299,267,production,true,0
crates/arcweft-runtime-driver/src/session/text_control.rs,arcweft-runtime-driver,4159,95,87,production,true,66
crates/arcweft-runtime-driver/src/session/virtualization.rs,arcweft-runtime-driver,3005,81,68,production,true,0
crates/arcweft-runtime-driver/src/session.rs,arcweft-runtime-driver,49627,1283,1192,production,true,0
crates/arcweft-runtime-driver/src/session_save.rs,arcweft-runtime-driver,17844,438,394,production,true,0
crates/arcweft-runtime-driver/src/swap.rs,arcweft-runtime-driver,24532,753,673,production,true,0
crates/arcweft-runtime-driver/src/task.rs,arcweft-runtime-driver,15021,451,387,production,true,185
crates/arcweft-runtime-driver/src/text_control_writeback.rs,arcweft-runtime-driver,3692,116,94,production,true,0
crates/arcweft-runtime-driver/src/view_projection.rs,arcweft-runtime-driver,11675,336,318,production,true,0
crates/arcweft-runtime-driver/src/view_runtime/axis_seed.rs,arcweft-runtime-driver,17463,468,432,production,true,0
crates/arcweft-runtime-driver/src/view_runtime/axis_seed_tests.rs,arcweft-runtime-driver,32447,887,845,test,true,0
crates/arcweft-runtime-driver/src/view_runtime/catalog/fingerprint.rs,arcweft-runtime-driver,9013,250,231,production,true,0
crates/arcweft-runtime-driver/src/view_runtime/catalog.rs,arcweft-runtime-driver,21787,573,533,production,true,0
crates/arcweft-runtime-driver/src/view_runtime/evaluator/support.rs,arcweft-runtime-driver,4865,151,142,production,true,0
crates/arcweft-runtime-driver/src/view_runtime/evaluator/text.rs,arcweft-runtime-driver,12269,322,314,production,true,0
crates/arcweft-runtime-driver/src/view_runtime/evaluator.rs,arcweft-runtime-driver,66395,1623,1575,production,true,0
crates/arcweft-runtime-driver/src/view_runtime/owner.rs,arcweft-runtime-driver,9837,280,256,production,true,0
crates/arcweft-runtime-driver/src/view_runtime/owner_tests.rs,arcweft-runtime-driver,3922,135,125,test,true,0
crates/arcweft-runtime-driver/src/view_runtime/part.rs,arcweft-runtime-driver,2688,81,70,production,true,39
crates/arcweft-runtime-driver/src/view_runtime/replacement/reconcile.rs,arcweft-runtime-driver,6628,188,179,production,true,0
crates/arcweft-runtime-driver/src/view_runtime/replacement.rs,arcweft-runtime-driver,16383,448,407,production,true,24
crates/arcweft-runtime-driver/src/view_runtime/style_scope.rs,arcweft-runtime-driver,13273,389,346,production,true,0
crates/arcweft-runtime-driver/src/view_runtime/value.rs,arcweft-runtime-driver,18099,452,432,production,true,0
crates/arcweft-runtime-driver/src/view_runtime.rs,arcweft-runtime-driver,49397,1292,1173,production,true,0
crates/arcweft-runtime-driver/tests/awbc_product_session.rs,arcweft-runtime-driver,40886,1134,1051,test,true,0
crates/arcweft-runtime-driver/tests/dialogue_view_store.rs,arcweft-runtime-driver,9735,257,238,test,true,0
crates/arcweft-runtime-driver/tests/support/mod.rs,arcweft-runtime-driver,3054,75,71,test,true,0
crates/arcweft-runtime-driver/tests/view_runtime.rs,arcweft-runtime-driver,94256,2614,2508,test,true,0
crates/arcweft-runtime-host/Cargo.toml,arcweft-runtime-host,1191,40,36,text,false,0
crates/arcweft-runtime-host/src/activity_host.rs,arcweft-runtime-host,9752,317,274,production,true,136
crates/arcweft-runtime-host/src/bundle_runner/session.rs,arcweft-runtime-host,7764,206,175,production,true,0
crates/arcweft-runtime-host/src/bundle_runner.rs,arcweft-runtime-host,41343,1152,1071,production,true,406
crates/arcweft-runtime-host/src/capabilities.rs,arcweft-runtime-host,11632,339,265,production,true,117
crates/arcweft-runtime-host/src/clipboard_host.rs,arcweft-runtime-host,5085,161,140,production,true,0
crates/arcweft-runtime-host/src/lib.rs,arcweft-runtime-host,2441,51,48,facade,true,0
crates/arcweft-runtime-host/src/native_system.rs,arcweft-runtime-host,839,25,22,production,true,0
crates/arcweft-runtime-host/src/native_task.rs,arcweft-runtime-host,32506,932,845,production,true,135
crates/arcweft-runtime-host/src/presentation_dispatch.rs,arcweft-runtime-host,36012,1066,958,production,true,516
crates/arcweft-runtime-host/src/stats.rs,arcweft-runtime-host,6646,173,164,production,true,0
crates/arcweft-runtime-host/src/view_frame.rs,arcweft-runtime-host,20099,658,594,production,true,348
crates/arcweft-runtime-host/tests/awbc_product_runner.rs,arcweft-runtime-host,226,8,7,test,true,0
crates/arcweft-runtime-host/tests/bundle_runner.rs,arcweft-runtime-host,10860,301,277,test,true,0
crates/arcweft-runtime-host/tests/dependency_direction.rs,arcweft-runtime-host,6402,220,203,test,true,0
crates/arcweft-runtime-host/tests/view_interaction_dispatch.rs,arcweft-runtime-host,6524,199,189,test,true,0
crates/arcweft-runtime-plan/Cargo.toml,arcweft-runtime-plan,718,30,26,text,false,0
crates/arcweft-runtime-plan/src/agent.rs,arcweft-runtime-plan,2447,85,73,production,true,0
crates/arcweft-runtime-plan/src/assertion_identity.rs,arcweft-runtime-plan,17381,514,441,production,true,163
crates/arcweft-runtime-plan/src/assertion_lower.rs,arcweft-runtime-plan,5341,152,130,production,true,0
crates/arcweft-runtime-plan/src/assertion_projection.rs,arcweft-runtime-plan,2014,63,57,production,true,0
crates/arcweft-runtime-plan/src/awbc_lower/audio.rs,arcweft-runtime-plan,11842,323,313,production,true,0
crates/arcweft-runtime-plan/src/awbc_lower/expr.rs,arcweft-runtime-plan,41968,1139,1098,production,true,0
crates/arcweft-runtime-plan/src/awbc_lower/flow.rs,arcweft-runtime-plan,93982,2477,2371,production,true,0
crates/arcweft-runtime-plan/src/awbc_lower/frame.rs,arcweft-runtime-plan,5695,186,160,production,true,0
crates/arcweft-runtime-plan/src/awbc_lower/inventory.rs,arcweft-runtime-plan,53544,1380,1295,production,true,0
crates/arcweft-runtime-plan/src/awbc_lower/line.rs,arcweft-runtime-plan,1237,38,34,production,true,0
crates/arcweft-runtime-plan/src/awbc_lower/pattern.rs,arcweft-runtime-plan,13634,341,332,production,true,0
crates/arcweft-runtime-plan/src/awbc_lower/tests.rs,arcweft-runtime-plan,18522,554,529,test,true,0
crates/arcweft-runtime-plan/src/awbc_lower/trait_method.rs,arcweft-runtime-plan,10661,300,284,production,true,0
crates/arcweft-runtime-plan/src/awbc_lower.rs,arcweft-runtime-plan,6474,198,162,production,true,0
crates/arcweft-runtime-plan/src/errors.rs,arcweft-runtime-plan,902,30,21,production,true,0
crates/arcweft-runtime-plan/src/final_expr.rs,arcweft-runtime-plan,75937,1922,1867,production,true,0
crates/arcweft-runtime-plan/src/final_flow.rs,arcweft-runtime-plan,154768,3944,3784,production,true,305
crates/arcweft-runtime-plan/src/final_pattern.rs,arcweft-runtime-plan,12638,291,277,production,true,0
crates/arcweft-runtime-plan/src/lib.rs,arcweft-runtime-plan,225,11,11,facade,true,0
crates/arcweft-runtime-plan/src/semantic_facts/tests.rs,arcweft-runtime-plan,77287,2082,1978,test,true,0
crates/arcweft-runtime-plan/src/semantic_facts.rs,arcweft-runtime-plan,187780,5092,4562,production,true,0
crates/arcweft-runtime-plan/tests/api_compile.rs,arcweft-runtime-plan,341,7,7,test,true,0
crates/arcweft-runtime-plan/tests/assertion_identity.rs,arcweft-runtime-plan,25793,733,701,test,true,0
crates/arcweft-runtime-plan/tests/awbc_product_parity.rs,arcweft-runtime-plan,10310,288,268,test,true,0
crates/arcweft-runtime-plan/tests/iterator_witness_awbc.rs,arcweft-runtime-plan,4675,121,115,test,true,0
crates/arcweft-runtime-plan/tests/ui/removed_zero_consumer_runtime_plan_facades.rs,arcweft-runtime-plan,635,22,18,test,true,0
crates/arcweft-runtime-plan/tests/ui/runtime_fault_has_no_public_constructor.rs,arcweft-runtime-plan,160,5,4,test,true,0
crates/arcweft-runtime-plan/tests/ui/runtime_session_identity_is_not_serde.rs,arcweft-runtime-plan,809,29,26,test,true,0
crates/arcweft-runtime-scheduler/Cargo.toml,arcweft-runtime-scheduler,276,16,13,text,false,0
crates/arcweft-runtime-scheduler/src/lib.rs,arcweft-runtime-scheduler,23190,647,576,facade,true,244
crates/arcweft-rust-abi/Cargo.toml,arcweft-rust-abi,369,19,16,text,false,0
crates/arcweft-rust-abi/src/display.rs,arcweft-rust-abi,5702,144,138,production,true,0
crates/arcweft-rust-abi/src/identity.rs,arcweft-rust-abi,9070,289,244,production,true,39
crates/arcweft-rust-abi/src/lib.rs,arcweft-rust-abi,13432,395,337,facade,true,0
crates/arcweft-rust-abi/src/model.rs,arcweft-rust-abi,8122,277,231,production,true,0
crates/arcweft-rust-abi/src/producer.rs,arcweft-rust-abi,2743,83,70,production,true,0
crates/arcweft-rust-abi/src/tests.rs,arcweft-rust-abi,8945,257,240,test,true,0
crates/arcweft-rust-abi/src/validation.rs,arcweft-rust-abi,19502,581,542,production,true,0
crates/arcweft-rust-abi-build/Cargo.toml,arcweft-rust-abi-build,301,15,13,text,false,0
crates/arcweft-rust-abi-build/src/lib.rs,arcweft-rust-abi-build,9256,270,223,facade,true,85
crates/arcweft-rust-abi-macros/Cargo.toml,arcweft-rust-abi-macros,416,22,18,text,false,0
crates/arcweft-rust-abi-macros/src/lib.rs,arcweft-rust-abi-macros,21487,593,561,facade,true,0
crates/arcweft-rust-abi-macros/tests/compile_fail.rs,arcweft-rust-abi-macros,3592,118,106,test,true,0
crates/arcweft-rust-abi-macros/tests/export.rs,arcweft-rust-abi-macros,4732,146,134,test,true,0
crates/arcweft-rust-abi-macros/tests/ui/reject_const_generic_type.rs,arcweft-rust-abi-macros,205,9,7,test,true,0
crates/arcweft-rust-abi-macros/tests/ui/reject_generic_export.rs,arcweft-rust-abi-macros,126,8,6,test,true,0
crates/arcweft-rust-abi-macros/tests/ui/reject_lifetime_generic_type.rs,arcweft-rust-abi-macros,198,9,7,test,true,0
crates/arcweft-rust-abi-macros/tests/ui/reject_missing_opaque_producer.rs,arcweft-rust-abi-macros,94,4,3,test,true,0
crates/arcweft-rust-abi-macros/tests/ui/reject_reference_export.rs,arcweft-rust-abi-macros,164,8,6,test,true,0
crates/arcweft-rust-abi-macros/tests/ui/reject_reference_field.rs,arcweft-rust-abi-macros,195,9,7,test,true,0
crates/arcweft-rust-abi-macros/tests/ui/reject_reference_return.rs,arcweft-rust-abi-macros,165,8,6,test,true,0
crates/arcweft-rust-abi-macros/tests/ui/reject_self_receiver_export.rs,arcweft-rust-abi-macros,192,12,9,test,true,0
crates/arcweft-save/Cargo.toml,arcweft-save,467,21,18,text,false,0
crates/arcweft-save/src/lib.rs,arcweft-save,24236,767,697,facade,true,208
crates/arcweft-save/tests/public_api.rs,arcweft-save,183,5,5,test,true,0
crates/arcweft-save/tests/runtime_assertion_identity.rs,arcweft-save,1529,38,35,test,true,0
crates/arcweft-save/tests/strict_decode.rs,arcweft-save,8475,339,303,test,true,0
crates/arcweft-save/tests/ui/permissive_typed_json_decoder_removed.rs,arcweft-save,114,5,4,test,true,0
crates/arcweft-serde-bridge/Cargo.toml,arcweft-serde-bridge,441,18,16,text,false,0
crates/arcweft-serde-bridge/src/lib.rs,arcweft-serde-bridge,1282,31,20,facade,true,0
crates/arcweft-source/Cargo.toml,arcweft-source,414,22,18,text,false,0
crates/arcweft-source/src/diagnostic.rs,arcweft-source,13996,484,420,production,true,150
crates/arcweft-source/src/document.rs,arcweft-source,23135,690,592,production,true,265
crates/arcweft-source/src/identity.rs,arcweft-source,2868,90,64,production,true,20
crates/arcweft-source/src/lib.rs,arcweft-source,2667,111,91,facade,true,0
crates/arcweft-source/src/product.rs,arcweft-source,6199,195,162,production,true,23
crates/arcweft-test/Cargo.toml,arcweft-test,550,22,19,text,false,0
crates/arcweft-test/src/agent.rs,arcweft-test,8564,254,227,production,true,29
crates/arcweft-test/src/lib.rs,arcweft-test,533,13,6,facade,true,0
crates/arcweft-test/src/script_manifest.rs,arcweft-test,30889,873,801,production,true,138
crates/arcweft-text-layout/Cargo.toml,arcweft-text-layout,517,23,19,text,false,0
crates/arcweft-text-layout/data/jlreq_pair_adjustments.txt,arcweft-text-layout,2338,26,25,text,false,0
crates/arcweft-text-layout/data/jlreq_punctuation_ranges.txt,arcweft-text-layout,9444,202,201,text,false,0
crates/arcweft-text-layout/src/config.rs,arcweft-text-layout,5404,143,110,production,true,0
crates/arcweft-text-layout/src/document_hash.rs,arcweft-text-layout,8130,234,213,production,true,0
crates/arcweft-text-layout/src/document_layout.rs,arcweft-text-layout,34199,966,905,production,true,0
crates/arcweft-text-layout/src/document_ruby.rs,arcweft-text-layout,21295,606,573,production,true,0
crates/arcweft-text-layout/src/geometry.rs,arcweft-text-layout,2173,88,58,production,true,0
crates/arcweft-text-layout/src/jlreq_punctuation.rs,arcweft-text-layout,14353,371,342,production,true,296
crates/arcweft-text-layout/src/jlreq_punctuation_data.rs,arcweft-text-layout,34583,1285,1268,generated,true,0
crates/arcweft-text-layout/src/lib.rs,arcweft-text-layout,1687,43,36,facade,true,0
crates/arcweft-text-layout/src/model.rs,arcweft-text-layout,1025,28,16,production,true,0
crates/arcweft-text-layout/src/shaping.rs,arcweft-text-layout,7184,227,182,production,true,39
crates/arcweft-text-layout/src/text_layout.rs,arcweft-text-layout,4979,161,129,production,true,0
crates/arcweft-text-layout/src/vertical_break/model.rs,arcweft-text-layout,9256,267,204,production,true,0
crates/arcweft-text-layout/src/vertical_break/planner.rs,arcweft-text-layout,25886,801,744,production,true,0
crates/arcweft-text-layout/src/vertical_break/tests.rs,arcweft-text-layout,11369,400,365,test,true,0
crates/arcweft-text-layout/src/vertical_break.rs,arcweft-text-layout,781,20,12,production,true,0
crates/arcweft-text-layout/src/vertical_clusters.rs,arcweft-text-layout,8081,225,208,production,true,0
crates/arcweft-text-layout/src/vertical_orientation.rs,arcweft-text-layout,357456,12399,12383,generated,true,0
crates/arcweft-text-layout/tests/document_layout.rs,arcweft-text-layout,19656,613,570,test,true,0
crates/arcweft-text-layout/tests/fixtures/vertical_break_quality/v1/manifest.json,arcweft-text-layout,13801,334,334,text,false,0
crates/arcweft-text-layout/tests/vertical_break_quality.rs,arcweft-text-layout,8531,263,242,test,true,0
crates/arcweft-text-model/Cargo.toml,arcweft-text-model,648,25,22,text,false,0
crates/arcweft-text-model/src/catalog.rs,arcweft-text-model,8706,293,249,production,true,0
crates/arcweft-text-model/src/frame.rs,arcweft-text-model,10458,286,246,production,true,72
crates/arcweft-text-model/src/lib.rs,arcweft-text-model,1781,39,32,facade,true,0
crates/arcweft-text-model/src/playback.rs,arcweft-text-model,37643,1069,965,production,true,301
crates/arcweft-text-model/src/rich_effects.rs,arcweft-text-model,11492,384,317,production,true,0
crates/arcweft-text-model/src/rich_text.rs,arcweft-text-model,3835,130,111,production,true,0
crates/arcweft-text-model/src/style.rs,arcweft-text-model,6809,201,182,production,true,0
crates/arcweft-tooling/Cargo.toml,arcweft-tooling,600,26,22,text,false,0
crates/arcweft-tooling/src/agent_repl.rs,arcweft-tooling,27235,865,783,production,true,170
crates/arcweft-tooling/src/code_actions.rs,arcweft-tooling,1273,48,44,production,true,0
crates/arcweft-tooling/src/edit.rs,arcweft-tooling,1796,55,51,production,true,0
crates/arcweft-tooling/src/format/view.rs,arcweft-tooling,3330,105,96,production,true,0
crates/arcweft-tooling/src/format.rs,arcweft-tooling,29941,778,747,production,true,0
crates/arcweft-tooling/src/lib.rs,arcweft-tooling,357,14,8,facade,true,0
crates/arcweft-tooling/src/model.rs,arcweft-tooling,3323,104,86,production,true,0
crates/arcweft-tooling/src/runtime_diagnostic.rs,arcweft-tooling,5739,178,141,production,true,0
crates/arcweft-tooling/src/tests.rs,arcweft-tooling,16489,501,460,test,true,0
crates/arcweft-tooling/tests/capability_policy.rs,arcweft-tooling,1306,43,34,test,true,0
crates/arcweft-tooling/tests/public_api.rs,arcweft-tooling,249,6,6,test,true,0
crates/arcweft-tooling/tests/runtime_assertion_diagnostic.rs,arcweft-tooling,10678,279,274,test,true,0
crates/arcweft-tooling/tests/support/mod.rs,arcweft-tooling,672,22,21,test,true,0
crates/arcweft-tooling/tests/ui/format_source_removed.rs,arcweft-tooling,110,5,4,test,true,0
crates/arcweft-tooling/tests/ui/source_code_actions_requires_document.rs,arcweft-tooling,108,5,4,test,true,0
crates/arcweft-tooling/tests/view_export_part.rs,arcweft-tooling,1839,32,25,test,true,0
crates/arcweft-verify/Cargo.toml,arcweft-verify,470,21,18,text,false,0
crates/arcweft-verify/src/call_witness.rs,arcweft-verify,7062,195,156,production,true,67
crates/arcweft-verify/src/insertion.rs,arcweft-verify,3975,126,100,production,true,0
crates/arcweft-verify/src/lib.rs,arcweft-verify,37894,1109,990,facade,true,0
crates/arcweft-verify/src/smt.rs,arcweft-verify,29507,954,826,production,true,70
crates/arcweft-verify-lsp/Cargo.toml,arcweft-verify-lsp,622,27,23,text,false,0
crates/arcweft-verify-lsp/src/lib.rs,arcweft-verify-lsp,71640,1903,1718,facade,true,820
crates/arcweft-verify-oxiz/Cargo.toml,arcweft-verify-oxiz,348,19,16,text,false,0
crates/arcweft-verify-oxiz/src/lib.rs,arcweft-verify-oxiz,12077,338,314,facade,true,123
crates/arcweft-verify-z3/Cargo.toml,arcweft-verify-z3,297,17,14,text,false,0
crates/arcweft-verify-z3/src/lib.rs,arcweft-verify-z3,11556,343,309,facade,true,24
crates/arcweft-view/Cargo.toml,arcweft-view,531,25,21,text,false,0
crates/arcweft-view/src/dialogue.rs,arcweft-view,3438,144,116,production,true,0
crates/arcweft-view/src/display.rs,arcweft-view,16608,483,436,production,true,0
crates/arcweft-view/src/entity.rs,arcweft-view,6861,242,201,production,true,0
crates/arcweft-view/src/fragment.rs,arcweft-view,8068,272,214,production,true,0
crates/arcweft-view/src/frame.rs,arcweft-view,2896,107,91,production,true,0
crates/arcweft-view/src/fx.rs,arcweft-view,10665,367,310,production,true,120
crates/arcweft-view/src/geometry/box_model.rs,arcweft-view,24681,769,728,production,true,0
crates/arcweft-view/src/geometry/consumer.rs,arcweft-view,4696,139,128,production,true,0
crates/arcweft-view/src/geometry/error.rs,arcweft-view,8710,279,252,production,true,0
crates/arcweft-view/src/geometry/primitives.rs,arcweft-view,23563,759,692,production,true,0
crates/arcweft-view/src/geometry/revision.rs,arcweft-view,21767,664,589,production,true,0
crates/arcweft-view/src/geometry.rs,arcweft-view,3031,69,58,production,true,0
crates/arcweft-view/src/handler.rs,arcweft-view,3697,131,109,production,true,0
crates/arcweft-view/src/image.rs,arcweft-view,11707,454,374,production,true,0
crates/arcweft-view/src/layout.rs,arcweft-view,4912,192,154,production,true,0
crates/arcweft-view/src/lib.rs,arcweft-view,8180,173,164,facade,true,0
crates/arcweft-view/src/motion.rs,arcweft-view,16817,540,474,production,true,0
crates/arcweft-view/src/part.rs,arcweft-view,15502,493,420,production,true,36
crates/arcweft-view/src/presentation_image.rs,arcweft-view,10682,284,257,production,true,103
crates/arcweft-view/src/program.rs,arcweft-view,34929,1037,920,production,true,244
crates/arcweft-view/src/reactive.rs,arcweft-view,3211,114,93,production,true,0
crates/arcweft-view/src/semantics.rs,arcweft-view,4605,181,149,production,true,0
crates/arcweft-view/src/style/axis.rs,arcweft-view,22922,764,660,production,true,77
crates/arcweft-view/src/style/cascade.rs,arcweft-view,10064,317,273,production,true,0
crates/arcweft-view/src/style/computed.rs,arcweft-view,18765,540,474,production,true,0
crates/arcweft-view/src/style/environment.rs,arcweft-view,17518,549,491,production,true,0
crates/arcweft-view/src/style/property/geometry.rs,arcweft-view,4174,118,116,production,true,0
crates/arcweft-view/src/style/property.rs,arcweft-view,38630,1133,1051,production,true,0
crates/arcweft-view/src/style/resolver/axis.rs,arcweft-view,5633,171,162,production,true,0
crates/arcweft-view/src/style/resolver/cache.rs,arcweft-view,11114,322,286,production,true,0
crates/arcweft-view/src/style/resolver/environment.rs,arcweft-view,1692,58,48,production,true,0
crates/arcweft-view/src/style/resolver/matching.rs,arcweft-view,6365,176,166,production,true,0
crates/arcweft-view/src/style/resolver/provider.rs,arcweft-view,20768,569,537,production,true,250
crates/arcweft-view/src/style/resolver.rs,arcweft-view,29285,799,727,production,true,0
crates/arcweft-view/src/style/selector/codec.rs,arcweft-view,1598,52,46,production,true,0
crates/arcweft-view/src/style/selector.rs,arcweft-view,7858,272,227,production,true,0
crates/arcweft-view/src/style/sheet/codec.rs,arcweft-view,3835,137,123,production,true,0
crates/arcweft-view/src/style/sheet.rs,arcweft-view,32260,1027,902,production,true,0
crates/arcweft-view/src/style/trace.rs,arcweft-view,4296,158,137,production,true,0
crates/arcweft-view/src/style/value/codec.rs,arcweft-view,3876,132,117,production,true,0
crates/arcweft-view/src/style/value.rs,arcweft-view,25794,923,801,production,true,0
crates/arcweft-view/src/style.rs,arcweft-view,6612,193,166,production,true,0
crates/arcweft-view/src/tests/display_frame.rs,arcweft-view,7150,238,228,test,true,0
crates/arcweft-view/src/tests/entity_reactive_registry.rs,arcweft-view,7675,246,220,test,true,0
crates/arcweft-view/src/tests/fragment_layout.rs,arcweft-view,5970,212,201,test,true,0
crates/arcweft-view/src/tests/image.rs,arcweft-view,3918,131,123,test,true,0
crates/arcweft-view/src/tests/semantics.rs,arcweft-view,4004,134,123,test,true,0
crates/arcweft-view/src/tests.rs,arcweft-view,96,5,5,test,true,0
crates/arcweft-view/src/text_field/policy_tests.rs,arcweft-view,6280,172,160,test,true,0
crates/arcweft-view/src/text_field/tests.rs,arcweft-view,2912,92,81,test,true,0
crates/arcweft-view/src/text_field.rs,arcweft-view,40103,1194,1083,production,true,0
crates/arcweft-view/src/text_source.rs,arcweft-view,3180,133,105,production,true,0
crates/arcweft-view/src/value_program.rs,arcweft-view,26986,849,761,production,true,280
crates/arcweft-view/src/view/identity.rs,arcweft-view,14704,454,376,production,true,149
crates/arcweft-view/src/view/registry.rs,arcweft-view,21246,637,552,production,true,299
crates/arcweft-view/src/view.rs,arcweft-view,3252,100,71,production,true,0
crates/arcweft-view/src/virtualization.rs,arcweft-view,21264,622,537,production,true,0
crates/arcweft-view/tests/computed_style.rs,arcweft-view,30460,990,947,test,true,0
crates/arcweft-view/tests/geometry_contract.rs,arcweft-view,25276,760,722,test,true,0
crates/arcweft-view/tests/interaction_routing.rs,arcweft-view,13861,426,407,test,true,0
crates/arcweft-view/tests/logical_axes.rs,arcweft-view,7602,249,241,test,true,0
crates/arcweft-view/tests/logical_axis_cascade.rs,arcweft-view,17041,496,473,test,true,0
crates/arcweft-view/tests/logical_axis_host_seed.rs,arcweft-view,3681,107,100,test,true,0
crates/arcweft-view/tests/logical_axis_provider.rs,arcweft-view,62091,2118,2066,test,true,0
crates/arcweft-view/tests/motion_transitions.rs,arcweft-view,5189,170,151,test,true,0
crates/arcweft-view/tests/style_environment.rs,arcweft-view,19179,611,579,test,true,0
crates/arcweft-view/tests/style_metadata.rs,arcweft-view,12393,338,314,test,true,0
crates/arcweft-view/tests/style_sheet.rs,arcweft-view,31606,942,897,test,true,0
crates/arcweft-view/tests/virtualization.rs,arcweft-view,10137,334,310,test,true,0
tools/build-web-ime-player-rendered-fixture.rs,repository-tools,12973,350,334,tool,true,0
tools/capture-bundle-scene-frame.rs,repository-tools,9633,262,247,tool,true,0
tools/capture-seq06-13e1-inset-shadow-native-frame.rs,repository-tools,23253,722,665,tool,true,0
tools/capture-text-parity-frame.rs,repository-tools,22186,624,597,tool,true,0
tools/capture-webgpu-native-frame.rs,repository-tools,7098,189,176,tool,true,0
tools/collect-pinned-windows-review-evidence.rs,repository-tools,10635,337,285,tool,true,0
tools/collect-seq06-13e1-inset-shadow-pinned-golden-evidence.rs,repository-tools,40314,1183,1094,tool,true,0
tools/generate-webgpu-demo-assets.rs,repository-tools,9287,281,253,tool,true,0
tools/generate_jlreq_punctuation_data.rs,repository-tools,16116,422,398,tool,true,0
tools/prepare-zundamon-sample.rs,repository-tools,13166,401,372,tool,true,0
tools/profile-native-style-parity-startup.rs,repository-tools,6701,233,217,tool,true,0
tools/regenerate-windowed-live-patch-fixtures.rs,repository-tools,7327,214,195,tool,true,0
tools/run-text-parity-gates.rs,repository-tools,8696,265,242,tool,true,0
tools/structure-audit.rs,repository-tools,54316,1628,1491,tool,true,278
tools/verify-seq06-16-3-native-smoke-trace.rs,repository-tools,6521,210,186,tool,true,0
tools/verify-text-raster-parity.rs,repository-tools,60081,1795,1697,tool,true,0
tools/verify-unified-text-visual-parity.rs,repository-tools,18853,554,517,tool,true,0
tools/verify-webgpu-parity.rs,repository-tools,13635,405,385,tool,true,0
tools/write-native-golden-fingerprint.rs,repository-tools,13931,392,346,tool,true,0
