path,bytes,physical_lines,code_lines,classification,is_rust,is_test,is_generated,has_embedded_tests
.github/workflows/zip-gap-platform-validation.yml,1824,61,48,text,false,false,false,false
AGENTS.md,27337,481,406,text,false,false,false,false
Cargo.toml,11994,294,289,text,false,false,false,false
THIRD_PARTY_NOTICES.md,2445,68,50,text,false,false,false,false
crates/arcweft/Cargo.toml,645,26,23,text,false,false,false,false
crates/arcweft/src/lib.rs,845,49,33,production,true,false,false,false
crates/arcweft-adapter-context/Cargo.toml,431,21,18,text,false,false,false,false
crates/arcweft-adapter-context/src/callable.rs,16900,543,488,production,true,false,false,true
crates/arcweft-adapter-context/src/codec.rs,24304,691,628,production,true,false,false,true
crates/arcweft-adapter-context/src/lib.rs,393,11,5,production,true,false,false,false
crates/arcweft-adapter-context/src/manifest/nominal.rs,12370,376,303,production,true,false,false,true
crates/arcweft-adapter-context/src/manifest/registry.rs,2087,74,52,production,true,false,false,false
crates/arcweft-adapter-context/src/manifest/tests.rs,5182,153,141,test,true,true,false,false
crates/arcweft-adapter-context/src/manifest.rs,30092,905,716,production,true,false,false,false
crates/arcweft-adapter-context/src/standard.rs,15884,450,404,production,true,false,false,true
crates/arcweft-adapter-context/src/symbol.rs,5300,163,132,production,true,false,false,true
crates/arcweft-adapter-context/tests/public_symbol_api.rs,713,20,17,test,true,true,false,false
crates/arcweft-adapter-desktop/Cargo.toml,564,22,19,text,false,false,false,false
crates/arcweft-adapter-desktop/src/adapter.rs,15264,432,404,production,true,false,false,false
crates/arcweft-adapter-desktop/src/codec.rs,10597,294,276,production,true,false,false,true
crates/arcweft-adapter-desktop/src/lib.rs,1850,32,25,production,true,false,false,false
crates/arcweft-adapter-desktop/src/manifest.rs,21653,592,543,production,true,false,false,true
crates/arcweft-adapter-desktop/tests/native_integration.rs,2114,54,50,test,true,true,false,false
crates/arcweft-adapter-metadata/Cargo.toml,366,17,15,text,false,false,false,false
crates/arcweft-adapter-metadata/src/codec.rs,9599,277,249,production,true,false,false,false
crates/arcweft-adapter-metadata/src/lib.rs,874,19,15,production,true,false,false,false
crates/arcweft-adapter-metadata/src/model.rs,7827,266,231,production,true,false,false,false
crates/arcweft-adapter-metadata/src/strict_json.rs,15204,503,440,production,true,false,false,true
crates/arcweft-adapter-metadata/tests/codec.rs,8681,231,213,test,true,true,false,false
crates/arcweft-adapter-metadata/tests/fixtures/truck-rust.adapter.json,1970,79,79,test,false,true,false,false
crates/arcweft-adapter-sema/Cargo.toml,535,23,20,text,false,false,false,false
crates/arcweft-adapter-sema/src/lib.rs,347,9,2,production,true,false,false,false
crates/arcweft-adapter-sema/src/registration/input/digest.rs,23138,648,599,production,true,false,false,true
crates/arcweft-adapter-sema/src/registration/input/source.rs,42039,1131,1079,production,true,false,false,false
crates/arcweft-adapter-sema/src/registration/input.rs,49037,1249,1201,production,true,false,false,false
crates/arcweft-adapter-sema/src/registration/tests.rs,22147,585,552,test,true,true,false,false
crates/arcweft-adapter-sema/src/registration.rs,10659,279,251,production,true,false,false,false
crates/arcweft-adt/Cargo.toml,210,13,11,text,false,false,false,false
crates/arcweft-adt/src/lib.rs,37428,1486,1052,production,true,false,false,true
crates/arcweft-agent-mcp/Cargo.toml,570,22,19,text,false,false,false,false
crates/arcweft-agent-mcp/src/lib.rs,396,13,6,production,true,false,false,false
crates/arcweft-agent-mcp/src/model.rs,4846,138,110,production,true,false,false,false
crates/arcweft-agent-mcp/src/repl_command.rs,7618,223,179,production,true,false,false,true
crates/arcweft-agent-mcp/src/resources.rs,11080,278,249,production,true,false,false,false
crates/arcweft-agent-mcp/src/tests.rs,45595,1275,1208,test,true,true,false,false
crates/arcweft-agent-mcp/src/tools.rs,46400,820,789,production,true,false,false,false
crates/arcweft-agent-mcp/tests/descriptor_invariants.rs,2149,71,65,test,true,true,false,false
crates/arcweft-agent-mcp/tests/repl_command.rs,8060,238,210,test,true,true,false,false
crates/arcweft-agent-mcp-client/Cargo.toml,462,18,16,text,false,false,false,false
crates/arcweft-agent-mcp-client/src/lib.rs,17099,523,471,production,true,false,false,true
crates/arcweft-agent-policy/Cargo.toml,513,21,19,text,false,false,false,false
crates/arcweft-agent-policy/src/decode.rs,3956,123,114,production,true,false,false,false
crates/arcweft-agent-policy/src/gate.rs,17824,466,443,production,true,false,false,false
crates/arcweft-agent-policy/src/lib.rs,626,19,11,production,true,false,false,false
crates/arcweft-agent-policy/src/publication.rs,605,22,17,production,true,false,false,false
crates/arcweft-agent-policy/src/published.rs,5918,174,155,production,true,false,false,false
crates/arcweft-agent-policy/src/scene.rs,4416,95,90,production,true,false,false,false
crates/arcweft-agent-policy/src/tests.rs,14503,408,366,test,true,true,false,false
crates/arcweft-agent-protocol/Cargo.toml,662,26,23,text,false,false,false,false
crates/arcweft-agent-protocol/src/action.rs,823,30,24,production,true,false,false,false
crates/arcweft-agent-protocol/src/artifact.rs,7245,209,166,production,true,false,false,true
crates/arcweft-agent-protocol/src/diagnostic.rs,758,24,20,production,true,false,false,false
crates/arcweft-agent-protocol/src/geometry.rs,1687,68,56,production,true,false,false,false
crates/arcweft-agent-protocol/src/hit_test.rs,1435,39,35,test,true,true,false,false
crates/arcweft-agent-protocol/src/ids.rs,9621,358,298,production,true,false,false,true
crates/arcweft-agent-protocol/src/image.rs,33116,934,831,production,true,false,false,false
crates/arcweft-agent-protocol/src/lib.rs,636,31,23,production,true,false,false,false
crates/arcweft-agent-protocol/src/object.rs,6514,169,151,production,true,false,false,false
crates/arcweft-agent-protocol/src/observation.rs,8662,219,193,production,true,false,false,false
crates/arcweft-agent-protocol/src/predicate.rs,4800,176,154,production,true,false,false,true
crates/arcweft-agent-protocol/src/presentation.rs,22686,637,588,production,true,false,false,true
crates/arcweft-agent-protocol/src/protocol.rs,10815,344,285,production,true,false,false,true
crates/arcweft-agent-protocol/src/proxy.rs,3154,81,72,production,true,false,false,false
crates/arcweft-agent-protocol/src/resource.rs,9115,293,251,production,true,false,false,false
crates/arcweft-agent-protocol/src/rich_text.rs,3926,111,99,production,true,false,false,false
crates/arcweft-agent-protocol/src/serde_helpers.rs,387,18,15,production,true,false,false,false
crates/arcweft-agent-protocol/src/session.rs,411,15,11,production,true,false,false,false
crates/arcweft-agent-protocol/src/tests.rs,44463,1254,1207,test,true,true,false,false
crates/arcweft-agent-protocol/src/trace.rs,920,33,29,production,true,false,false,false
crates/arcweft-agent-protocol/src/value.rs,488,18,16,production,true,false,false,false
crates/arcweft-agent-protocol/src/verified_effects.rs,1325,39,28,production,true,false,false,false
crates/arcweft-agent-protocol/src/view.rs,4117,131,95,production,true,false,false,false
crates/arcweft-agent-repl/Cargo.toml,1083,38,33,text,false,false,false,false
crates/arcweft-agent-repl/src/binding.rs,11813,364,331,production,true,false,false,false
crates/arcweft-agent-repl/src/cell.rs,6937,263,220,production,true,false,false,false
crates/arcweft-agent-repl/src/command/dispatch.rs,16762,482,439,production,true,false,false,false
crates/arcweft-agent-repl/src/command/endpoint.rs,7687,204,161,production,true,false,false,false
crates/arcweft-agent-repl/src/command/host.rs,3645,116,90,production,true,false,false,false
crates/arcweft-agent-repl/src/command/json.rs,27992,736,663,production,true,false,false,true
crates/arcweft-agent-repl/src/command/parse.rs,11444,329,301,production,true,false,false,false
crates/arcweft-agent-repl/src/command/runtime_task.rs,3847,123,109,production,true,false,false,false
crates/arcweft-agent-repl/src/command/types.rs,17731,636,519,production,true,false,false,false
crates/arcweft-agent-repl/src/command.rs,2045,45,37,production,true,false,false,false
crates/arcweft-agent-repl/src/compile.rs,9722,269,255,production,true,false,false,true
crates/arcweft-agent-repl/src/diagnostics.rs,20952,557,508,production,true,false,false,true
crates/arcweft-agent-repl/src/error.rs,3758,106,90,production,true,false,false,false
crates/arcweft-agent-repl/src/evidence.rs,3661,130,109,production,true,false,false,false
crates/arcweft-agent-repl/src/hash.rs,632,17,16,production,true,false,false,false
crates/arcweft-agent-repl/src/lib.rs,2077,51,42,production,true,false,false,false
crates/arcweft-agent-repl/src/runtime.rs,7383,267,231,production,true,false,false,false
crates/arcweft-agent-repl/src/session.rs,19143,560,524,production,true,false,false,false
crates/arcweft-agent-repl/src/source.rs,8767,240,227,production,true,false,false,true
crates/arcweft-agent-repl/src/tier.rs,2341,86,68,production,true,false,false,false
crates/arcweft-agent-repl/src/tiering.rs,26458,783,715,production,true,false,false,false
crates/arcweft-agent-repl/tests/repl_cell.rs,5248,151,136,test,true,true,false,false
crates/arcweft-agent-repl/tests/repl_command.rs,8571,244,212,test,true,true,false,false
crates/arcweft-agent-repl/tests/repl_task_adapter.rs,5672,161,145,test,true,true,false,false
crates/arcweft-agent-repl/tests/repl_tiering.rs,6939,192,172,test,true,true,false,false
crates/arcweft-agent-repl/tests/repl_trace.rs,7349,215,190,test,true,true,false,false
crates/arcweft-agent-repl/tests/repl_transaction.rs,1281,35,32,test,true,true,false,false
crates/arcweft-agent-runner/Cargo.toml,697,26,23,text,false,false,false,false
crates/arcweft-agent-runner/src/assertion.rs,918,26,23,production,true,false,false,false
crates/arcweft-agent-runner/src/budget.rs,4781,147,139,production,true,false,false,false
crates/arcweft-agent-runner/src/config.rs,2081,80,67,production,true,false,false,false
crates/arcweft-agent-runner/src/effect_policy.rs,6041,155,129,production,true,false,false,false
crates/arcweft-agent-runner/src/error.rs,2978,69,66,production,true,false,false,false
crates/arcweft-agent-runner/src/host_request.rs,7793,196,192,production,true,false,false,false
crates/arcweft-agent-runner/src/label_parse.rs,19745,562,532,production,true,false,false,false
crates/arcweft-agent-runner/src/lib.rs,594,24,16,production,true,false,false,false
crates/arcweft-agent-runner/src/policy.rs,1464,53,45,production,true,false,false,false
crates/arcweft-agent-runner/src/predicate.rs,6413,163,153,production,true,false,false,false
crates/arcweft-agent-runner/src/runner.rs,40689,1106,1019,production,true,false,false,false
crates/arcweft-agent-runner/src/runtime_args.rs,8332,224,205,production,true,false,false,false
crates/arcweft-agent-runner/src/runtime_payload.rs,25206,667,641,production,true,false,false,false
crates/arcweft-agent-runner/src/runtime_value.rs,15252,383,359,production,true,false,false,false
crates/arcweft-agent-runner/src/session.rs,7013,208,172,production,true,false,false,false
crates/arcweft-agent-runner/src/tests.rs,82205,2266,2116,test,true,true,false,false
crates/arcweft-audio-codec/Cargo.toml,616,27,23,text,false,false,false,false
crates/arcweft-audio-codec/README.md,208,5,4,text,false,false,false,false
crates/arcweft-audio-codec/src/lib.rs,9488,255,235,production,true,false,false,false
crates/arcweft-audio-codec/tests/resample.rs,449,11,10,test,true,true,false,false
crates/arcweft-audio-core/Cargo.toml,390,22,18,text,false,false,false,false
crates/arcweft-audio-core/src/graph.rs,23264,659,631,production,true,false,false,false
crates/arcweft-audio-core/src/lib.rs,152,7,4,production,true,false,false,false
crates/arcweft-audio-core/src/prepared.rs,16270,521,493,production,true,false,false,false
crates/arcweft-audio-core/tests/graph.rs,1446,40,38,test,true,true,false,false
crates/arcweft-audio-device-cpal/Cargo.toml,1466,54,49,text,false,false,false,false
crates/arcweft-audio-device-cpal/src/lib.rs,659,19,12,production,true,false,false,false
crates/arcweft-audio-device-cpal/src/native_microphone.rs,5585,155,146,production,true,false,false,false
crates/arcweft-audio-device-cpal/src/output.rs,8380,230,215,production,true,false,false,false
crates/arcweft-audio-device-cpal/src/web_microphone.rs,7918,208,194,production,true,false,false,false
crates/arcweft-audio-mixer/Cargo.toml,362,19,16,text,false,false,false,false
crates/arcweft-audio-mixer/src/effect.rs,16378,486,458,production,true,false,false,false
crates/arcweft-audio-mixer/src/lib.rs,19312,592,560,production,true,false,false,false
crates/arcweft-audio-mixer/tests/mixer.rs,2666,75,73,test,true,true,false,false
crates/arcweft-browser-bench/Cargo.toml,908,32,27,text,false,false,false,false
crates/arcweft-browser-bench/src/bin/browser_bench_host.rs,7103,226,214,production,true,false,false,false
crates/arcweft-browser-bench/src/correctness.rs,1002,36,32,production,true,false,false,false
crates/arcweft-browser-bench/src/lib.rs,254,16,11,production,true,false,false,false
crates/arcweft-browser-bench/src/model.rs,9254,293,272,production,true,false,false,false
crates/arcweft-browser-bench/src/policy.rs,3554,86,82,production,true,false,false,false
crates/arcweft-browser-bench/src/recommend.rs,9515,259,251,production,true,false,false,false
crates/arcweft-browser-bench/src/runner/add_case.rs,23196,525,522,production,true,false,false,false
crates/arcweft-browser-bench/src/runner/browser.rs,632,20,17,production,true,false,false,false
crates/arcweft-browser-bench/src/runner/capture.rs,854,26,22,production,true,false,false,false
crates/arcweft-browser-bench/src/runner/case.rs,5452,171,162,production,true,false,false,false
crates/arcweft-browser-bench/src/runner/config.rs,316,9,8,production,true,false,false,false
crates/arcweft-browser-bench/src/runner/cpu.rs,916,27,23,production,true,false,false,false
crates/arcweft-browser-bench/src/runner/estimate.rs,1174,33,30,production,true,false,false,false
crates/arcweft-browser-bench/src/runner/matmul_case.rs,33448,781,778,production,true,false,false,false
crates/arcweft-browser-bench/src/runner/mode.rs,2828,82,75,production,true,false,false,false
crates/arcweft-browser-bench/src/runner/pipelined.rs,15501,420,412,production,true,false,false,false
crates/arcweft-browser-bench/src/runner/wasm.rs,4090,107,104,production,true,false,false,false
crates/arcweft-browser-bench/src/runner.rs,142,12,11,production,true,false,false,false
crates/arcweft-browser-bench/src/stability.rs,2038,58,57,production,true,false,false,false
crates/arcweft-browser-bench/src/stats.rs,199,7,7,production,true,false,false,false
crates/arcweft-browser-bench/src/tests.rs,13824,481,461,test,true,true,false,false
crates/arcweft-browser-bench/web/index.html,2104,94,85,text,false,false,false,false
crates/arcweft-browser-bench/web/run.js,5723,221,209,text,false,false,false,false
crates/arcweft-bundle/Cargo.toml,1597,54,50,text,false,false,false,false
crates/arcweft-bundle/src/character_package.rs,4949,127,115,production,true,false,false,false
crates/arcweft-bundle/src/container/identity.rs,1526,47,42,production,true,false,false,false
crates/arcweft-bundle/src/container/opaque.rs,1404,56,46,production,true,false,false,false
crates/arcweft-bundle/src/container.rs,78366,2393,2169,production,true,false,false,true
crates/arcweft-bundle/src/fx_definitions.rs,9590,260,234,production,true,false,false,true
crates/arcweft-bundle/src/lib.rs,85820,2335,2139,production,true,false,false,true
crates/arcweft-bundle/src/logical_identity.rs,1221,31,21,production,true,false,false,false
crates/arcweft-bundle/src/patch.rs,59119,1620,1501,production,true,false,false,false
crates/arcweft-bundle/src/product/source_projection.rs,679,22,21,production,true,false,false,false
crates/arcweft-bundle/src/product/style_cross_section.rs,7064,192,186,production,true,false,false,false
crates/arcweft-bundle/src/product.rs,44242,1206,1117,production,true,false,false,true
crates/arcweft-bundle/src/product_awbc.rs,3084,98,83,production,true,false,false,false
crates/arcweft-bundle/src/release/archive.rs,38936,1036,943,production,true,false,false,true
crates/arcweft-bundle/src/release/signing_policy.rs,33326,903,824,production,true,false,false,true
crates/arcweft-bundle/src/release/verification_trust/tests.rs,36073,1021,941,test,true,true,false,false
crates/arcweft-bundle/src/release/verification_trust.rs,38877,1095,1008,production,true,false,false,false
crates/arcweft-bundle/src/release.rs,79533,2190,2032,production,true,false,false,true
crates/arcweft-bundle/src/resource_codec/budget.rs,1624,52,39,production,true,false,false,false
crates/arcweft-bundle/src/resource_codec/codec_io.rs,2504,80,66,production,true,false,false,false
crates/arcweft-bundle/src/resource_codec/error.rs,3282,76,74,production,true,false,false,false
crates/arcweft-bundle/src/resource_codec/field.rs,9295,308,276,production,true,false,false,false
crates/arcweft-bundle/src/resource_codec/header.rs,5705,163,148,production,true,false,false,false
crates/arcweft-bundle/src/resource_codec/inspection.rs,3198,92,82,production,true,false,false,false
crates/arcweft-bundle/src/resource_codec/kind.rs,7937,205,184,production,true,false,false,false
crates/arcweft-bundle/src/resource_codec/locale_catalog/decode.rs,23128,653,622,production,true,false,false,false
crates/arcweft-bundle/src/resource_codec/locale_catalog/encode.rs,12965,366,345,production,true,false,false,false
crates/arcweft-bundle/src/resource_codec/locale_catalog/error.rs,3964,100,96,production,true,false,false,false
crates/arcweft-bundle/src/resource_codec/locale_catalog/wire.rs,7469,206,190,production,true,false,false,false
crates/arcweft-bundle/src/resource_codec/locale_catalog.rs,970,31,20,production,true,false,false,false
crates/arcweft-bundle/src/resource_codec/product_catalog.rs,16659,494,437,production,true,false,false,false
crates/arcweft-bundle/src/resource_codec/runtime.rs,70944,2021,1866,production,true,false,false,false
crates/arcweft-bundle/src/resource_codec/source_map/codec.rs,12274,304,293,production,true,false,false,false
crates/arcweft-bundle/src/resource_codec/source_map/error.rs,3505,94,89,production,true,false,false,false
crates/arcweft-bundle/src/resource_codec/source_map/model.rs,13640,384,332,production,true,false,false,true
crates/arcweft-bundle/src/resource_codec/source_map.rs,417,12,9,production,true,false,false,false
crates/arcweft-bundle/src/resource_codec/table.rs,10443,345,294,production,true,false,false,false
crates/arcweft-bundle/src/resource_codec/types.rs,5787,208,173,production,true,false,false,false
crates/arcweft-bundle/src/resource_codec/view/codec/part.rs,5335,138,129,production,true,false,false,false
crates/arcweft-bundle/src/resource_codec/view/codec/style.rs,20739,551,523,production,true,false,false,false
crates/arcweft-bundle/src/resource_codec/view/codec/style_environment.rs,10367,308,288,production,true,false,false,true
crates/arcweft-bundle/src/resource_codec/view/codec/text.rs,8642,227,216,production,true,false,false,false
crates/arcweft-bundle/src/resource_codec/view/codec/theme.rs,3057,88,78,production,true,false,false,false
crates/arcweft-bundle/src/resource_codec/view/codec/transcript.rs,5894,196,184,production,true,false,false,false
crates/arcweft-bundle/src/resource_codec/view/codec.rs,54342,1501,1427,production,true,false,false,false
crates/arcweft-bundle/src/resource_codec/view/compat.rs,3263,85,78,production,true,false,false,false
crates/arcweft-bundle/src/resource_codec/view/dialogue_contract.rs,6288,154,146,production,true,false,false,false
crates/arcweft-bundle/src/resource_codec/view/merge.rs,38461,1078,1019,production,true,false,false,true
crates/arcweft-bundle/src/resource_codec/view/model/input.rs,18314,581,525,production,true,false,false,false
crates/arcweft-bundle/src/resource_codec/view/model/part.rs,2781,100,80,production,true,false,false,false
crates/arcweft-bundle/src/resource_codec/view/model/source.rs,7560,225,210,production,true,false,false,false
crates/arcweft-bundle/src/resource_codec/view/model/style.rs,1368,35,25,production,true,false,false,false
crates/arcweft-bundle/src/resource_codec/view/model.rs,59444,1811,1598,production,true,false,false,true
crates/arcweft-bundle/src/resource_codec/view/runtime_control_style/physical.rs,8873,251,232,production,true,false,false,false
crates/arcweft-bundle/src/resource_codec/view/runtime_control_style/projection.rs,20388,541,526,production,true,false,false,false
crates/arcweft-bundle/src/resource_codec/view/runtime_control_style.rs,9860,289,246,production,true,false,false,false
crates/arcweft-bundle/src/resource_codec/view/semantic.rs,4833,115,106,production,true,false,false,false
crates/arcweft-bundle/src/resource_codec/view/style_contract.rs,4084,107,99,production,true,false,false,false
crates/arcweft-bundle/src/resource_codec/view/validated.rs,22863,634,575,production,true,false,false,false
crates/arcweft-bundle/src/resource_codec/view.rs,1290,33,23,production,true,false,false,false
crates/arcweft-bundle/src/resource_codec/wire.rs,10265,269,256,production,true,false,false,false
crates/arcweft-bundle/src/resource_codec.rs,4560,89,81,production,true,false,false,false
crates/arcweft-bundle/src/standard_view.rs,16468,433,376,production,true,false,false,false
crates/arcweft-bundle/tests/character_package.rs,3569,94,87,test,true,true,false,false
crates/arcweft-bundle/tests/fixtures/zundamon.awchar/character.awchar.json,3411,167,167,test,false,true,false,false
crates/arcweft-bundle/tests/locale_catalog_resource_codec.rs,20811,550,504,test,true,true,false,false
crates/arcweft-bundle/tests/patch_schema.rs,11939,324,290,test,true,true,false,false
crates/arcweft-bundle/tests/product_awbc_only.rs,7425,199,189,test,true,true,false,false
crates/arcweft-bundle/tests/product_catalog_resource_codecs.rs,15500,423,400,test,true,true,false,false
crates/arcweft-bundle/tests/resource_codec_common.rs,19523,623,581,test,true,true,false,false
crates/arcweft-bundle/tests/runtime_control_style_resolution.rs,11674,318,301,test,true,true,false,false
crates/arcweft-bundle/tests/runtime_resource_codecs.rs,13859,382,353,test,true,true,false,false
crates/arcweft-bundle/tests/source_map.rs,14073,393,360,test,true,true,false,false
crates/arcweft-bundle/tests/standard_dialogue_view.rs,25525,715,662,test,true,true,false,false
crates/arcweft-bundle/tests/style_cross_section_refs.rs,13784,376,342,test,true,true,false,false
crates/arcweft-bundle/tests/view_action_button_resources.rs,4453,115,109,test,true,true,false,false
crates/arcweft-bundle/tests/view_focus_navigation_resources.rs,3286,83,80,test,true,true,false,false
crates/arcweft-bundle/tests/view_product_validation.rs,14180,408,374,test,true,true,false,false
crates/arcweft-bundle/tests/view_resource_codecs.rs,60493,1645,1537,test,true,true,false,false
crates/arcweft-bundle/tests/view_runtime_text_controls.rs,10145,291,277,test,true,true,false,false
crates/arcweft-bundle/tests/view_style_environment_codec.rs,47524,1298,1216,test,true,true,false,false
crates/arcweft-bundle/tests/view_style_program.rs,11234,280,259,test,true,true,false,false
crates/arcweft-character/Cargo.toml,443,23,20,text,false,false,false,false
crates/arcweft-character/src/catalog.rs,2672,79,65,production,true,false,false,false
crates/arcweft-character/src/diagnostic.rs,2943,65,63,production,true,false,false,false
crates/arcweft-character/src/id.rs,7695,219,175,production,true,false,false,true
crates/arcweft-character/src/lib.rs,650,20,10,production,true,false,false,false
crates/arcweft-character/src/manifest/codec.rs,743,19,12,production,true,false,false,false
crates/arcweft-character/src/manifest/diagnostic.rs,2938,102,95,production,true,false,false,false
crates/arcweft-character/src/manifest/fingerprint.rs,4524,148,126,production,true,false,false,false
crates/arcweft-character/src/manifest/limits.rs,1199,51,40,production,true,false,false,false
crates/arcweft-character/src/manifest/model.rs,26839,873,740,production,true,false,false,false
crates/arcweft-character/src/manifest/registration/declaration.rs,9135,252,240,production,true,false,false,false
crates/arcweft-character/src/manifest/registration/structural_json.rs,12283,366,340,production,true,false,false,false
crates/arcweft-character/src/manifest/registration/tests.rs,20730,604,575,test,true,true,false,false
crates/arcweft-character/src/manifest/registration.rs,36031,1054,997,production,true,false,false,false
crates/arcweft-character/src/manifest/tests.rs,8725,252,239,test,true,true,false,false
crates/arcweft-character/src/manifest.rs,667,20,16,production,true,false,false,false
crates/arcweft-character/src/package.rs,11278,321,273,production,true,false,false,true
crates/arcweft-character/src/presentation_name/catalog.rs,26089,775,678,production,true,false,false,false
crates/arcweft-character/src/presentation_name/digest.rs,3498,107,86,production,true,false,false,false
crates/arcweft-character/src/presentation_name/limits.rs,1376,34,28,production,true,false,false,false
crates/arcweft-character/src/presentation_name/locale.rs,4612,150,124,production,true,false,false,false
crates/arcweft-character/src/presentation_name/tests.rs,18971,634,598,test,true,true,false,false
crates/arcweft-character/src/presentation_name/transcript.rs,5003,156,142,production,true,false,false,false
crates/arcweft-character/src/presentation_name/value.rs,9286,295,248,production,true,false,false,false
crates/arcweft-character/src/presentation_name.rs,1788,42,35,production,true,false,false,false
crates/arcweft-character/src/registration_catalog.rs,2422,70,64,production,true,false,false,false
crates/arcweft-character/src/symbol.rs,1266,42,36,production,true,false,false,false
crates/arcweft-character/tests/awchar_package.rs,5331,163,147,test,true,true,false,false
crates/arcweft-character/tests/catalog.rs,1728,50,48,test,true,true,false,false
crates/arcweft-character/tests/fixtures/zundamon.awchar/character.awchar.json,3411,167,167,test,false,true,false,false
crates/arcweft-character/tests/registration_catalog.rs,2000,55,53,test,true,true,false,false
crates/arcweft-character-psd/Cargo.toml,386,21,18,text,false,false,false,false
crates/arcweft-character-psd/src/lib.rs,24111,746,676,production,true,false,false,true
crates/arcweft-character-psd/tests/zundamon_fixture.rs,2889,91,85,test,true,true,false,false
crates/arcweft-character-view/Cargo.toml,438,21,18,text,false,false,false,false
crates/arcweft-character-view/src/lib.rs,16994,518,443,production,true,false,false,true
crates/arcweft-cli/Cargo.toml,3613,101,96,text,false,false,false,false
crates/arcweft-cli/src/app/agent/mcp_stdio.rs,28207,867,813,production,true,false,false,true
crates/arcweft-cli/src/app/agent/native/capture.rs,33573,985,945,production,true,false,false,false
crates/arcweft-cli/src/app/agent/native/image_mapping.rs,30709,917,868,production,true,false,false,false
crates/arcweft-cli/src/app/agent/native/mcp_debug.rs,24420,613,587,production,true,false,false,false
crates/arcweft-cli/src/app/agent/native/mcp_protocol/latest_capture_tests.rs,6406,188,181,test,true,true,false,false
crates/arcweft-cli/src/app/agent/native/mcp_protocol.rs,63258,1625,1546,production,true,false,false,true
crates/arcweft-cli/src/app/agent/native/mcp_rag.rs,49235,1378,1329,production,true,false,false,false
crates/arcweft-cli/src/app/agent/native/mcp_resources.rs,39659,1078,1030,production,true,false,false,false
crates/arcweft-cli/src/app/agent/native/observe.rs,49172,1383,1308,production,true,false,false,false
crates/arcweft-cli/src/app/agent/native/observe_resources.rs,13822,401,385,production,true,false,false,false
crates/arcweft-cli/src/app/agent/native/player_observation/capture.rs,16887,461,444,production,true,false,false,false
crates/arcweft-cli/src/app/agent/native/player_observation/tests.rs,11961,339,315,test,true,true,false,false
crates/arcweft-cli/src/app/agent/native/player_observation.rs,36734,1056,1013,production,true,false,false,false
crates/arcweft-cli/src/app/agent/native/prepared_text_observation/view.rs,17461,479,458,production,true,false,false,true
crates/arcweft-cli/src/app/agent/native/prepared_text_observation.rs,41081,1203,1145,production,true,false,false,false
crates/arcweft-cli/src/app/agent/native/repl.rs,48883,1477,1408,production,true,false,false,false
crates/arcweft-cli/src/app/agent/native/repl_cli_command/dispatch.rs,14201,447,423,production,true,false,false,true
crates/arcweft-cli/src/app/agent/native/repl_cli_command/format.rs,8111,227,211,production,true,false,false,true
crates/arcweft-cli/src/app/agent/native/repl_cli_command/parse.rs,19803,573,529,production,true,false,false,true
crates/arcweft-cli/src/app/agent/native/repl_cli_command/protocol.rs,10326,302,279,production,true,false,false,true
crates/arcweft-cli/src/app/agent/native/repl_cli_command/types.rs,9806,387,346,production,true,false,false,false
crates/arcweft-cli/src/app/agent/native/repl_cli_command.rs,894,20,12,production,true,false,false,false
crates/arcweft-cli/src/app/agent/native/repl_command_bridge.rs,27294,734,695,production,true,false,false,false
crates/arcweft-cli/src/app/agent/native/repl_command_format.rs,19678,559,516,production,true,false,false,true
crates/arcweft-cli/src/app/agent/native/repl_project_binding.rs,2741,80,76,production,true,false,false,false
crates/arcweft-cli/src/app/agent/native/runtime_observation.rs,26131,650,621,production,true,false,false,false
crates/arcweft-cli/src/app/agent/native/tests.rs,116635,3332,3153,test,true,true,false,false
crates/arcweft-cli/src/app/agent/native.rs,15766,331,321,production,true,false,false,false
crates/arcweft-cli/src/app/agent/rag/source_index.rs,67796,1840,1770,production,true,false,false,false
crates/arcweft-cli/src/app/agent/rag.rs,48912,1353,1302,production,true,false,false,false
crates/arcweft-cli/src/app/agent/script.rs,71767,2057,1951,production,true,false,false,false
crates/arcweft-cli/src/app/agent.rs,22744,703,662,production,true,false,false,true
crates/arcweft-cli/src/app/bundle/tests/scroll_style.rs,7271,225,210,test,true,true,false,false
crates/arcweft-cli/src/app/bundle/tests/view_part_recovery.rs,2036,71,64,test,true,true,false,false
crates/arcweft-cli/src/app/bundle/tests.rs,89454,2765,2552,test,true,true,false,false
crates/arcweft-cli/src/app/bundle.rs,50134,1396,1332,production,true,false,false,false
crates/arcweft-cli/src/app/cache.rs,28008,758,692,production,true,false,false,true
crates/arcweft-cli/src/app/commands.rs,3896,122,109,production,true,false,false,false
crates/arcweft-cli/src/app/debug.rs,77792,2376,2260,production,true,false,false,true
crates/arcweft-cli/src/app/diagnostics/tests.rs,13036,364,341,test,true,true,false,false
crates/arcweft-cli/src/app/diagnostics.rs,13802,365,333,production,true,false,false,false
crates/arcweft-cli/src/app/import.rs,6317,201,180,production,true,false,false,true
crates/arcweft-cli/src/app/inspect.rs,6441,201,183,production,true,false,false,true
crates/arcweft-cli/src/app/jit.rs,53721,1511,1424,production,true,false,false,false
crates/arcweft-cli/src/app/local_embedding.rs,3520,104,92,production,true,false,false,false
crates/arcweft-cli/src/app/native_player.rs,1060,34,32,production,true,false,false,false
crates/arcweft-cli/src/app/progress.rs,3993,144,129,production,true,false,false,true
crates/arcweft-cli/src/app/project.rs,45203,1247,1171,production,true,false,false,true
crates/arcweft-cli/src/app/project_commands/tests.rs,12715,379,351,test,true,true,false,false
crates/arcweft-cli/src/app/project_commands.rs,82311,2276,2157,production,true,false,false,false
crates/arcweft-cli/src/app/release.rs,15944,442,390,production,true,false,false,true
crates/arcweft-cli/src/app/release_sign.rs,9370,280,259,production,true,false,false,true
crates/arcweft-cli/src/app/remote_embedding.rs,10393,311,290,production,true,false,false,true
crates/arcweft-cli/src/app/runtime/bench.rs,5624,143,138,production,true,false,false,false
crates/arcweft-cli/src/app/runtime/cli.rs,3229,89,87,production,true,false,false,false
crates/arcweft-cli/src/app/runtime/entry.rs,2972,87,82,production,true,false,false,false
crates/arcweft-cli/src/app/runtime/executor.rs,3535,106,94,production,true,false,false,false
crates/arcweft-cli/src/app/runtime/expectations.rs,8082,260,239,production,true,false,false,false
crates/arcweft-cli/src/app/runtime/options.rs,13764,379,357,production,true,false,false,false
crates/arcweft-cli/src/app/runtime/parse.rs,6620,176,163,production,true,false,false,false
crates/arcweft-cli/src/app/runtime/plan.rs,1259,34,33,production,true,false,false,false
crates/arcweft-cli/src/app/runtime/profile.rs,9743,247,238,production,true,false,false,false
crates/arcweft-cli/src/app/runtime/profile_cmd.rs,4750,115,113,production,true,false,false,false
crates/arcweft-cli/src/app/runtime/reports.rs,1420,34,32,production,true,false,false,false
crates/arcweft-cli/src/app/runtime/run.rs,48307,1337,1257,production,true,false,false,true
crates/arcweft-cli/src/app/runtime/script_bench/mod.rs,4747,126,122,production,true,false,false,false
crates/arcweft-cli/src/app/runtime/script_bench/run.rs,19847,564,549,production,true,false,false,false
crates/arcweft-cli/src/app/runtime/script_bench/samples.rs,29513,629,600,production,true,false,false,false
crates/arcweft-cli/src/app/runtime/script_test.rs,7147,219,216,test,true,true,false,false
crates/arcweft-cli/src/app/runtime/serve.rs,5835,179,172,production,true,false,false,false
crates/arcweft-cli/src/app/runtime/steps.rs,5623,177,166,production,true,false,false,false
crates/arcweft-cli/src/app/runtime.rs,270,16,16,production,true,false,false,false
crates/arcweft-cli/src/app/shared.rs,482,16,14,production,true,false,false,false
crates/arcweft-cli/src/app/tooling.rs,5066,166,158,production,true,false,false,false
crates/arcweft-cli/src/app/verify.rs,17480,498,474,production,true,false,false,true
crates/arcweft-cli/src/app.rs,5142,122,115,production,true,false,false,false
crates/arcweft-cli/src/lib.rs,849,19,15,production,true,false,false,false
crates/arcweft-cli/src/main.rs,82,3,3,production,true,false,false,false
crates/arcweft-cli/src/output.rs,48407,1383,1288,production,true,false,false,false
crates/arcweft-cli/src/server_adapter.rs,13857,431,403,production,true,false,false,true
crates/arcweft-cli/src/toolchain_profile.rs,75712,2463,2356,production,true,false,false,true
crates/arcweft-cli/tests/arcw_fixtures_check_run.rs,4223,132,121,test,true,true,false,false
crates/arcweft-cli/tests/check/agent_observe_native/core.rs,54909,1510,1426,test,true,true,false,false
crates/arcweft-cli/tests/check/agent_observe_native/mcp_native_capture.rs,81709,2226,2150,test,true,true,false,false
crates/arcweft-cli/tests/check/agent_observe_native/native_samples_effects.rs,215661,5901,5513,test,true,true,false,false
crates/arcweft-cli/tests/check/agent_observe_native/native_vertical.rs,241029,6712,6247,test,true,true,false,false
crates/arcweft-cli/tests/check/agent_observe_native/published_jlreq_class_mix.rs,220473,6109,5708,test,true,true,false,false
crates/arcweft-cli/tests/check/agent_observe_native/published_jlreq_units.rs,144581,4218,3982,test,true,true,false,false
crates/arcweft-cli/tests/check/agent_observe_native/selected_capture_metadata.rs,2537,61,61,test,true,true,false,false
crates/arcweft-cli/tests/check/agent_observe_native/shared.rs,45683,1264,1190,test,true,true,false,false
crates/arcweft-cli/tests/check/agent_observe_native/visual_smoke.rs,13572,364,343,test,true,true,false,false
crates/arcweft-cli/tests/check/agent_observe_native.rs,1165,25,23,test,true,true,false,false
crates/arcweft-cli/tests/check/agent_script_debug.rs,196292,5257,5042,test,true,true,false,false
crates/arcweft-cli/tests/check/cli_runtime_bench.rs,221978,6864,6432,test,true,true,false,false
crates/arcweft-cli/tests/check/profile_entry_selection.rs,3643,158,135,test,true,true,false,false
crates/arcweft-cli/tests/check/toolchain_jit.rs,39944,1552,1493,test,true,true,false,false
crates/arcweft-cli/tests/check.rs,25872,746,681,test,true,true,false,false
crates/arcweft-cli/tests/check_core_cli.rs,2033,62,53,test,true,true,false,false
crates/arcweft-cli/tests/native_style_parity_sample.rs,2198,66,60,test,true,true,false,false
crates/arcweft-cli/tests/release_trust_json.rs,7017,203,188,test,true,true,false,false
crates/arcweft-cli/tests/responsive_stage_placement.rs,6972,266,234,test,true,true,false,false
crates/arcweft-cli/tests/runtime_native_options.rs,2305,82,75,test,true,true,false,false
crates/arcweft-cli/tests/seq04_8_4_persistent_cache_build_cli_goldens.rs,19497,555,506,test,true,true,false,false
crates/arcweft-cli/tests/support/cli.rs,1330,59,51,test,true,true,false,false
crates/arcweft-cli/tests/support/json.rs,427,15,13,test,true,true,false,false
crates/arcweft-cli/tests/support/release_trust_fixture.rs,11559,322,295,test,true,true,false,false
crates/arcweft-cli/tests/support/temp.rs,1271,49,44,test,true,true,false,false
crates/arcweft-cli/tests/support/workspace.rs,662,29,25,test,true,true,false,false
crates/arcweft-codec-arrow/Cargo.toml,366,16,14,text,false,false,false,false
crates/arcweft-codec-arrow/src/ipc_preflight.rs,12145,375,356,production,true,false,false,false
crates/arcweft-codec-arrow/src/lib.rs,27078,826,776,production,true,false,false,false
crates/arcweft-codec-arrow/src/parquet_preflight.rs,5831,186,166,production,true,false,false,false
crates/arcweft-codec-arrow/tests/shape_codec.rs,15273,469,426,test,true,true,false,false
crates/arcweft-codec-avro/Cargo.toml,325,15,13,text,false,false,false,false
crates/arcweft-codec-avro/src/avro_preflight.rs,13432,421,393,production,true,false,false,false
crates/arcweft-codec-avro/src/codec.rs,34194,932,893,production,true,false,false,false
crates/arcweft-codec-avro/src/enum_value.rs,13239,392,378,production,true,false,false,false
crates/arcweft-codec-avro/src/lib.rs,76,5,4,production,true,false,false,false
crates/arcweft-codec-avro/tests/shape_codec.rs,21733,688,651,test,true,true,false,false
crates/arcweft-codec-binary/Cargo.toml,568,20,17,text,false,false,false,false
crates/arcweft-codec-binary/src/lib.rs,12868,394,358,production,true,false,false,false
crates/arcweft-codec-binary/tests/strict_decode.rs,3594,127,108,test,true,true,false,false
crates/arcweft-codec-cbor/Cargo.toml,351,16,14,text,false,false,false,false
crates/arcweft-codec-cbor/src/lib.rs,9139,279,262,production,true,false,false,false
crates/arcweft-codec-cbor/tests/native_mapping.rs,4760,154,138,test,true,true,false,false
crates/arcweft-codec-csv/Cargo.toml,340,16,14,text,false,false,false,false
crates/arcweft-codec-csv/src/lib.rs,25562,744,709,production,true,false,false,false
crates/arcweft-codec-csv/tests/shape_codec.rs,9060,287,258,test,true,true,false,false
crates/arcweft-codec-json/Cargo.toml,342,16,14,text,false,false,false,false
crates/arcweft-codec-json/src/lib.rs,28776,808,758,production,true,false,false,false
crates/arcweft-codec-json/tests/shape_codec.rs,6670,227,206,test,true,true,false,false
crates/arcweft-codec-msgpack/Cargo.toml,316,15,13,text,false,false,false,false
crates/arcweft-codec-msgpack/src/lib.rs,10064,271,253,production,true,false,false,false
crates/arcweft-codec-msgpack/tests/native_mapping.rs,4760,147,131,test,true,true,false,false
crates/arcweft-codec-toml/Cargo.toml,348,16,14,text,false,false,false,false
crates/arcweft-codec-toml/src/lib.rs,26529,732,683,production,true,false,false,false
crates/arcweft-codec-toml/src/source_preflight.rs,12752,393,363,production,true,false,false,false
crates/arcweft-codec-toml/tests/shape_codec.rs,7622,257,231,test,true,true,false,false
crates/arcweft-codec-yaml/Cargo.toml,319,15,13,text,false,false,false,false
crates/arcweft-codec-yaml/src/lib.rs,25894,694,657,production,true,false,false,false
crates/arcweft-codec-yaml/src/source_preflight.rs,9506,283,260,production,true,false,false,false
crates/arcweft-codec-yaml/tests/shape_codec.rs,7357,243,217,test,true,true,false,false
crates/arcweft-compiler/Cargo.toml,1314,45,40,text,false,false,false,false
crates/arcweft-compiler/src/agent.rs,16229,401,378,production,true,false,false,false
crates/arcweft-compiler/src/agent_effects.rs,1665,44,43,production,true,false,false,false
crates/arcweft-compiler/src/agent_project.rs,13096,333,312,production,true,false,false,false
crates/arcweft-compiler/src/content_partition.rs,6467,204,184,production,true,false,false,true
crates/arcweft-compiler/src/effect_manifest.rs,4395,135,115,production,true,false,false,true
crates/arcweft-compiler/src/error.rs,2646,61,54,production,true,false,false,false
crates/arcweft-compiler/src/hir.rs,3264,83,67,production,true,false,false,false
crates/arcweft-compiler/src/image.rs,39204,1078,1018,production,true,false,false,true
crates/arcweft-compiler/src/incremental.rs,6038,159,147,production,true,false,false,true
crates/arcweft-compiler/src/lib.rs,480,27,24,production,true,false,false,false
crates/arcweft-compiler/src/link.rs,5166,161,137,production,true,false,false,true
crates/arcweft-compiler/src/lower.rs,12040,286,265,production,true,false,false,false
crates/arcweft-compiler/src/object.rs,3025,108,92,production,true,false,false,true
crates/arcweft-compiler/src/parse.rs,1176,31,23,production,true,false,false,false
crates/arcweft-compiler/src/persistent.rs,53732,1427,1301,production,true,false,false,true
crates/arcweft-compiler/src/project/cache_batch.rs,3608,131,108,production,true,false,false,false
crates/arcweft-compiler/src/project/dialogue_profile.rs,15029,399,366,production,true,false,false,false
crates/arcweft-compiler/src/project/entry_runtime.rs,21082,519,482,production,true,false,false,false
crates/arcweft-compiler/src/project/entry_tests.rs,23550,783,725,test,true,true,false,false
crates/arcweft-compiler/src/project/registration.rs,8163,259,224,production,true,false,false,true
crates/arcweft-compiler/src/project/tests.rs,15087,446,422,test,true,true,false,false
crates/arcweft-compiler/src/project.rs,36498,1085,966,production,true,false,false,false
crates/arcweft-compiler/src/reachability.rs,6873,266,219,production,true,false,false,false
crates/arcweft-compiler/src/source.rs,5242,141,123,production,true,false,false,true
crates/arcweft-compiler/src/style.rs,30597,831,773,production,true,false,false,false
crates/arcweft-compiler/src/tests.rs,132246,3664,3425,test,true,true,false,false
crates/arcweft-compiler/src/trait_methods.rs,5472,152,142,production,true,false,false,false
crates/arcweft-compiler/src/types.rs,1111,29,25,production,true,false,false,false
crates/arcweft-compiler/src/view/layout.rs,9997,314,286,production,true,false,false,false
crates/arcweft-compiler/src/view/lowering/content.rs,17294,457,438,production,true,false,false,false
crates/arcweft-compiler/src/view/lowering/modifiers.rs,7809,229,212,production,true,false,false,false
crates/arcweft-compiler/src/view/lowering/scroll.rs,13817,387,360,production,true,false,false,false
crates/arcweft-compiler/src/view/lowering/text_controls.rs,23474,653,607,production,true,false,false,false
crates/arcweft-compiler/src/view/lowering.rs,50166,1315,1250,production,true,false,false,false
crates/arcweft-compiler/src/view/schema/literal.rs,9933,273,260,production,true,false,false,false
crates/arcweft-compiler/src/view/schema.rs,27259,715,674,production,true,false,false,false
crates/arcweft-compiler/src/view.rs,23278,595,542,production,true,false,false,true
crates/arcweft-compiler/src/view_part.rs,5816,168,152,production,true,false,false,false
crates/arcweft-compiler/tests/api_compile.rs,373,8,8,test,true,true,false,false
crates/arcweft-compiler/tests/assertions.rs,739,29,27,test,true,true,false,false
crates/arcweft-compiler/tests/diagnostic_ownership.rs,1297,35,30,test,true,true,false,false
crates/arcweft-compiler/tests/dialogue_profile_admission.rs,10448,324,304,test,true,true,false,false
crates/arcweft-compiler/tests/image_catalog.rs,9024,256,242,test,true,true,false,false
crates/arcweft-compiler/tests/iterator_witness_source.rs,1096,33,31,test,true,true,false,false
crates/arcweft-compiler/tests/parser_diagnostic.rs,1223,33,29,test,true,true,false,false
crates/arcweft-compiler/tests/project_cache_transaction.rs,22675,682,634,test,true,true,false,false
crates/arcweft-compiler/tests/style.rs,18850,528,504,test,true,true,false,false
crates/arcweft-compiler/tests/traits.rs,1065,29,28,test,true,true,false,false
crates/arcweft-compiler/tests/ui/compile_project_with_env_removed.rs,110,5,4,test,true,true,false,false
crates/arcweft-compiler/tests/ui/lower_source_tree_removed.rs,92,5,4,test,true,true,false,false
crates/arcweft-compiler/tests/ui/parse_source_text_removed.rs,98,5,4,test,true,true,false,false
crates/arcweft-compiler/tests/ui/runtime_capability_policy_absent.rs,488,19,18,test,true,true,false,false
crates/arcweft-compiler/tests/view_product.rs,22833,682,655,test,true,true,false,false
crates/arcweft-config/Cargo.toml,275,13,11,text,false,false,false,false
crates/arcweft-config/src/lib.rs,14598,464,435,production,true,false,false,false
crates/arcweft-config/tests/shape_merge.rs,6116,211,194,test,true,true,false,false
crates/arcweft-content-policy/Cargo.toml,313,15,13,text,false,false,false,false
crates/arcweft-content-policy/src/classifier.rs,6641,202,177,production,true,false,false,false
crates/arcweft-content-policy/src/engine.rs,10628,310,292,production,true,false,false,false
crates/arcweft-content-policy/src/lib.rs,1361,33,25,production,true,false,false,false
crates/arcweft-content-policy/src/model.rs,7503,223,203,production,true,false,false,false
crates/arcweft-content-policy/src/profile.rs,6112,150,142,production,true,false,false,false
crates/arcweft-content-policy/src/raster.rs,8022,280,246,production,true,false,false,false
crates/arcweft-content-policy/src/scene.rs,8542,229,213,production,true,false,false,false
crates/arcweft-content-policy/src/tests.rs,9433,298,267,test,true,true,false,false
crates/arcweft-content-policy/src/text.rs,3029,92,83,production,true,false,false,false
crates/arcweft-content-policy/src/types.rs,18079,588,495,production,true,false,false,false
crates/arcweft-core/Cargo.toml,540,26,22,text,false,false,false,false
crates/arcweft-core/src/aot.rs,12302,381,349,production,true,false,false,false
crates/arcweft-core/src/audio.rs,2918,98,94,production,true,false,false,false
crates/arcweft-core/src/awbc/codec/code.rs,35614,927,904,production,true,false,false,false
crates/arcweft-core/src/awbc/codec/metadata.rs,37646,1025,941,production,true,false,false,false
crates/arcweft-core/src/awbc/codec/runtime.rs,34990,987,915,production,true,false,false,false
crates/arcweft-core/src/awbc/codec/types.rs,16999,501,470,production,true,false,false,false
crates/arcweft-core/src/awbc/codec/wire.rs,14502,506,441,production,true,false,false,false
crates/arcweft-core/src/awbc/codec.rs,7106,206,193,production,true,false,false,false
crates/arcweft-core/src/awbc/fiber.rs,70992,1998,1864,production,true,false,false,false
crates/arcweft-core/src/awbc/identity.rs,3471,93,74,production,true,false,false,true
crates/arcweft-core/src/awbc/parity.rs,8375,254,238,production,true,false,false,false
crates/arcweft-core/src/awbc/product_step/audio.rs,12162,313,294,production,true,false,false,false
crates/arcweft-core/src/awbc/product_step/control.rs,3781,105,100,production,true,false,false,false
crates/arcweft-core/src/awbc/product_step/execution.rs,9342,236,224,production,true,false,false,false
crates/arcweft-core/src/awbc/product_step/lifecycle.rs,25338,646,622,production,true,false,false,false
crates/arcweft-core/src/awbc/product_step/mapping.rs,14888,393,386,production,true,false,false,false
crates/arcweft-core/src/awbc/product_step/root.rs,10709,297,281,production,true,false,false,false
crates/arcweft-core/src/awbc/product_step/runtime_id.rs,901,24,20,production,true,false,false,false
crates/arcweft-core/src/awbc/product_step/snapshot.rs,11139,265,256,production,true,false,false,false
crates/arcweft-core/src/awbc/product_step/suspension.rs,22914,563,552,production,true,false,false,false
crates/arcweft-core/src/awbc/product_step/tests.rs,18965,507,472,test,true,true,false,false
crates/arcweft-core/src/awbc/product_step.rs,43439,1154,1098,production,true,false,false,false
crates/arcweft-core/src/awbc/schema.rs,61067,2071,1901,production,true,false,false,false
crates/arcweft-core/src/awbc/schema_impls.rs,1006,30,28,production,true,false,false,false
crates/arcweft-core/src/awbc/tests.rs,42161,1254,1196,test,true,true,false,false
crates/arcweft-core/src/awbc/verify/code.rs,72064,1952,1908,production,true,false,false,false
crates/arcweft-core/src/awbc/verify/structure.rs,69528,1841,1792,production,true,false,false,false
crates/arcweft-core/src/awbc/verify.rs,7643,195,183,production,true,false,false,false
crates/arcweft-core/src/awbc/vm.rs,58319,1606,1549,production,true,false,false,false
crates/arcweft-core/src/awbc.rs,540,19,11,production,true,false,false,false
crates/arcweft-core/src/bytecode.rs,26089,811,744,production,true,false,false,true
crates/arcweft-core/src/effect/assertion_identity.rs,4166,114,89,production,true,false,false,true
crates/arcweft-core/src/effect.rs,12096,373,318,production,true,false,false,false
crates/arcweft-core/src/engine/aot.rs,7645,186,179,production,true,false,false,false
crates/arcweft-core/src/engine/audio.rs,15567,365,347,production,true,false,false,false
crates/arcweft-core/src/engine/eval/calls.rs,89488,2481,2408,production,true,false,false,false
crates/arcweft-core/src/engine/eval/function.rs,3042,87,82,production,true,false,false,false
crates/arcweft-core/src/engine/eval/sequence.rs,1181,36,35,production,true,false,false,false
crates/arcweft-core/src/engine/eval.rs,57090,1516,1451,production,true,false,false,false
crates/arcweft-core/src/engine/flow.rs,37319,1003,970,production,true,false,false,false
crates/arcweft-core/src/engine/line.rs,4458,129,121,production,true,false,false,false
crates/arcweft-core/src/engine/source.rs,7074,193,184,production,true,false,false,false
crates/arcweft-core/src/engine/stream.rs,11563,322,310,production,true,false,false,false
crates/arcweft-core/src/engine/suspend.rs,36627,921,883,production,true,false,false,false
crates/arcweft-core/src/engine.rs,40970,1145,1052,production,true,false,false,false
crates/arcweft-core/src/entry/identity.rs,3694,133,108,production,true,false,false,false
crates/arcweft-core/src/entry/roles.rs,8099,244,201,production,true,false,false,false
crates/arcweft-core/src/entry/schema.rs,33477,972,910,production,true,false,false,false
crates/arcweft-core/src/entry.rs,318,12,6,production,true,false,false,false
crates/arcweft-core/src/executor.rs,20670,603,516,production,true,false,false,false
crates/arcweft-core/src/lib.rs,388,26,25,production,true,false,false,false
crates/arcweft-core/src/line_task.rs,13691,426,352,production,true,false,false,false
crates/arcweft-core/src/locale.rs,6806,219,188,production,true,false,false,true
crates/arcweft-core/src/math.rs,9363,350,297,production,true,false,false,true
crates/arcweft-core/src/observation.rs,2427,68,63,production,true,false,false,true
crates/arcweft-core/src/pattern.rs,10370,325,311,production,true,false,false,false
crates/arcweft-core/src/plan/entry_inventory.rs,23754,645,583,production,true,false,false,false
crates/arcweft-core/src/plan.rs,18977,660,578,production,true,false,false,false
crates/arcweft-core/src/pure/aot.rs,32688,940,880,production,true,false,false,false
crates/arcweft-core/src/pure/runtime_backend.rs,37163,1057,1004,production,true,false,false,false
crates/arcweft-core/src/pure.rs,74447,2097,1909,production,true,false,false,false
crates/arcweft-core/src/root.rs,41675,1168,1079,production,true,false,false,false
crates/arcweft-core/src/runtime_id.rs,10388,342,271,production,true,false,false,false
crates/arcweft-core/src/source.rs,7218,261,233,production,true,false,false,false
crates/arcweft-core/src/step.rs,22731,656,556,production,true,false,false,false
crates/arcweft-core/src/stream.rs,4422,160,132,production,true,false,false,false
crates/arcweft-core/src/task.rs,14813,503,442,production,true,false,false,false
crates/arcweft-core/src/tests/executor.rs,12920,342,316,test,true,true,false,false
crates/arcweft-core/src/tests/flow.rs,89713,2553,2404,test,true,true,false,false
crates/arcweft-core/src/tests/line_task.rs,6986,214,201,test,true,true,false,false
crates/arcweft-core/src/tests/observation.rs,1627,50,47,test,true,true,false,false
crates/arcweft-core/src/tests/pure.rs,46132,1271,1154,test,true,true,false,false
crates/arcweft-core/src/tests/root_state.rs,32511,939,876,test,true,true,false,false
crates/arcweft-core/src/tests/source.rs,5678,185,172,test,true,true,false,false
crates/arcweft-core/src/tests/step.rs,7907,236,216,test,true,true,false,false
crates/arcweft-core/src/tests/step_stats_delta.rs,1335,45,42,test,true,true,false,false
crates/arcweft-core/src/tests/stream.rs,2814,85,82,test,true,true,false,false
crates/arcweft-core/src/tests/task.rs,6052,182,172,test,true,true,false,false
crates/arcweft-core/src/tests/value.rs,34556,976,887,test,true,true,false,false
crates/arcweft-core/src/tests.rs,3044,98,88,test,true,true,false,false
crates/arcweft-core/src/time.rs,1273,55,44,production,true,false,false,false
crates/arcweft-core/src/value/env.rs,14573,480,436,production,true,false,false,false
crates/arcweft-core/src/value/integer.rs,8891,288,248,production,true,false,false,false
crates/arcweft-core/src/value/nesting.rs,4349,126,109,production,true,false,false,false
crates/arcweft-core/src/value/nominal_record.rs,3116,102,81,production,true,false,false,false
crates/arcweft-core/src/value/option_value.rs,2977,100,88,production,true,false,false,false
crates/arcweft-core/src/value/range.rs,10033,339,315,production,true,false,false,false
crates/arcweft-core/src/value/sequence_constructors.rs,5052,125,102,production,true,false,false,false
crates/arcweft-core/src/value/sequence_impls.rs,52736,1580,1378,production,true,false,false,false
crates/arcweft-core/src/value.rs,83366,2465,2252,production,true,false,false,false
crates/arcweft-core/tests/direct_suspension.rs,23311,742,695,test,true,true,false,false
crates/arcweft-core/tests/runtime_id_boundaries.rs,3439,104,86,test,true,true,false,false
crates/arcweft-data/Cargo.toml,408,20,16,text,false,false,false,false
crates/arcweft-data/src/codec.rs,10408,370,313,production,true,false,false,false
crates/arcweft-data/src/decode.rs,6311,190,174,production,true,false,false,false
crates/arcweft-data/src/encode.rs,4877,220,189,production,true,false,false,false
crates/arcweft-data/src/error.rs,4983,195,163,production,true,false,false,false
crates/arcweft-data/src/lib.rs,1123,36,27,production,true,false,false,false
crates/arcweft-data/src/limits.rs,7013,216,198,production,true,false,false,false
crates/arcweft-data/src/raw.rs,29492,811,781,production,true,false,false,false
crates/arcweft-data/src/shape.rs,9812,385,347,production,true,false,false,false
crates/arcweft-data/src/value.rs,3640,148,127,production,true,false,false,false
crates/arcweft-data/tests/codec_registry.rs,3871,147,126,test,true,true,false,false
crates/arcweft-data/tests/data_format.rs,1113,34,30,test,true,true,false,false
crates/arcweft-data/tests/derive/fail/content_without_tag.rs,127,9,7,test,true,true,false,false
crates/arcweft-data/tests/derive/fail/duplicate_wire_name.rs,191,11,9,test,true,true,false,false
crates/arcweft-data/tests/derive/fail/internal_newtype_variant_policy.rs,129,9,7,test,true,true,false,false
crates/arcweft-data/tests/derive/fail/invalid_bytes.rs,147,9,7,test,true,true,false,false
crates/arcweft-data/tests/derive/fail/invalid_rename_all.rs,148,9,7,test,true,true,false,false
crates/arcweft-data/tests/derive/fail/multi_tuple_variant_policy.rs,106,8,6,test,true,true,false,false
crates/arcweft-data/tests/derive/fail/repr_discriminant_expression.rs,159,11,8,test,true,true,false,false
crates/arcweft-data/tests/derive/fail/repr_discriminant_range.rs,130,9,7,test,true,true,false,false
crates/arcweft-data/tests/derive/fail/repr_on_struct.rs,133,9,7,test,true,true,false,false
crates/arcweft-data/tests/derive/fail/tuple_struct_policy.rs,90,6,4,test,true,true,false,false
crates/arcweft-data/tests/derive/fail/unit_struct_policy.rs,87,6,4,test,true,true,false,false
crates/arcweft-data/tests/derive/fail/unknown_field_attr.rs,133,9,7,test,true,true,false,false
crates/arcweft-data/tests/derive/pass/bare_bytes.rs,354,14,12,test,true,true,false,false
crates/arcweft-data/tests/derive/pass/default_factory.rs,352,16,13,test,true,true,false,false
crates/arcweft-data/tests/derive/pass/generic_bounds.rs,1117,45,38,test,true,true,false,false
crates/arcweft-data/tests/derive_attrs.rs,6470,210,185,test,true,true,false,false
crates/arcweft-data/tests/derive_trybuild.rs,202,8,7,test,true,true,false,false
crates/arcweft-data/tests/raw_shape.rs,7576,247,226,test,true,true,false,false
crates/arcweft-data-derive/Cargo.toml,370,18,15,text,false,false,false,false
crates/arcweft-data-derive/src/attrs.rs,16397,517,473,production,true,false,false,false
crates/arcweft-data-derive/src/expand.rs,42247,1103,1070,production,true,false,false,false
crates/arcweft-data-derive/src/lib.rs,741,24,18,production,true,false,false,false
crates/arcweft-data-derive/src/rename.rs,2702,85,80,production,true,false,false,false
crates/arcweft-debug-model/Cargo.toml,319,16,14,text,false,false,false,false
crates/arcweft-debug-model/src/chunk.rs,3613,132,111,production,true,false,false,false
crates/arcweft-debug-model/src/diagnostic.rs,760,22,20,production,true,false,false,false
crates/arcweft-debug-model/src/embedding.rs,7391,238,206,production,true,false,false,true
crates/arcweft-debug-model/src/event.rs,1661,56,51,production,true,false,false,false
crates/arcweft-debug-model/src/graph.rs,1122,32,28,production,true,false,false,false
crates/arcweft-debug-model/src/history.rs,686,19,17,production,true,false,false,false
crates/arcweft-debug-model/src/lib.rs,262,15,13,production,true,false,false,false
crates/arcweft-debug-model/src/rag.rs,1983,69,57,production,true,false,false,false
crates/arcweft-debug-model/src/repl.rs,662,19,17,production,true,false,false,false
crates/arcweft-debug-model/src/script.rs,1894,60,52,production,true,false,false,false
crates/arcweft-debug-model/src/session.rs,1370,47,41,production,true,false,false,false
crates/arcweft-debug-model/src/sink.rs,690,26,17,production,true,false,false,false
crates/arcweft-debug-model/src/source.rs,472,14,12,production,true,false,false,false
crates/arcweft-debug-model/src/test_result.rs,601,18,16,production,true,false,false,false
crates/arcweft-debug-sqlite/Cargo.toml,401,18,16,text,false,false,false,false
crates/arcweft-debug-sqlite/src/encoding.rs,1012,36,28,production,true,false,false,true
crates/arcweft-debug-sqlite/src/lib.rs,109,4,2,production,true,false,false,false
crates/arcweft-debug-sqlite/src/store/artifacts.rs,21359,530,521,production,true,false,false,false
crates/arcweft-debug-sqlite/src/store/chunks.rs,10052,234,224,production,true,false,false,false
crates/arcweft-debug-sqlite/src/store/convert.rs,10558,309,291,production,true,false,false,false
crates/arcweft-debug-sqlite/src/store/embeddings.rs,4168,90,85,production,true,false,false,false
crates/arcweft-debug-sqlite/src/store/graph.rs,12877,321,311,production,true,false,false,false
crates/arcweft-debug-sqlite/src/store/helpers.rs,2612,74,67,production,true,false,false,false
crates/arcweft-debug-sqlite/src/store/internal.rs,6331,172,160,production,true,false,false,false
crates/arcweft-debug-sqlite/src/store/maintenance.rs,7873,205,191,production,true,false,false,false
crates/arcweft-debug-sqlite/src/store/programs.rs,3026,77,73,production,true,false,false,false
crates/arcweft-debug-sqlite/src/store/rag.rs,7101,217,204,production,true,false,false,false
crates/arcweft-debug-sqlite/src/store/raw.rs,2666,84,79,production,true,false,false,false
crates/arcweft-debug-sqlite/src/store/schema.rs,86,1,1,production,true,false,false,false
crates/arcweft-debug-sqlite/src/store/search.rs,7697,257,244,production,true,false,false,false
crates/arcweft-debug-sqlite/src/store/sessions.rs,11912,311,298,production,true,false,false,false
crates/arcweft-debug-sqlite/src/store/sink.rs,1261,33,30,production,true,false,false,false
crates/arcweft-debug-sqlite/src/store/tests.rs,47801,1314,1244,test,true,true,false,false
crates/arcweft-debug-sqlite/src/store/timeline.rs,11415,282,275,production,true,false,false,false
crates/arcweft-debug-sqlite/src/store.rs,5377,184,156,production,true,false,false,false
crates/arcweft-desktop-contract/Cargo.toml,310,17,14,text,false,false,false,false
crates/arcweft-desktop-contract/src/error.rs,2114,57,53,production,true,false,false,false
crates/arcweft-desktop-contract/src/files.rs,14245,497,434,production,true,false,false,true
crates/arcweft-desktop-contract/src/geometry.rs,6944,214,179,production,true,false,false,true
crates/arcweft-desktop-contract/src/lib.rs,1371,37,30,production,true,false,false,false
crates/arcweft-desktop-contract/src/platform.rs,4060,136,119,production,true,false,false,false
crates/arcweft-desktop-contract/src/pointer.rs,1977,83,76,production,true,false,false,false
crates/arcweft-desktop-contract/src/request.rs,3903,100,93,production,true,false,false,true
crates/arcweft-desktop-contract/src/window.rs,4645,176,155,production,true,false,false,true
crates/arcweft-desktop-host/Cargo.toml,256,13,11,text,false,false,false,false
crates/arcweft-desktop-host/src/backend.rs,1257,40,27,production,true,false,false,false
crates/arcweft-desktop-host/src/dispatcher.rs,6816,218,181,production,true,false,false,false
crates/arcweft-desktop-host/src/lib.rs,478,12,6,production,true,false,false,false
crates/arcweft-desktop-host/src/memory.rs,27325,768,726,production,true,false,false,true
crates/arcweft-desktop-host/tests/dispatch.rs,1400,39,37,test,true,true,false,false
crates/arcweft-desktop-native/Cargo.toml,1767,57,51,text,false,false,false,false
crates/arcweft-desktop-native/build.rs,1684,54,47,production,true,false,false,false
crates/arcweft-desktop-native/examples/ime_text_input_contract.rs,3031,81,78,production,true,false,false,false
crates/arcweft-desktop-native/src/backend.rs,12440,341,307,production,true,false,false,true
crates/arcweft-desktop-native/src/capabilities.rs,12889,334,317,production,true,false,false,false
crates/arcweft-desktop-native/src/config.rs,1282,48,40,production,true,false,false,false
crates/arcweft-desktop-native/src/driver.rs,1192,33,20,production,true,false,false,false
crates/arcweft-desktop-native/src/external.rs,5061,144,136,production,true,false,false,false
crates/arcweft-desktop-native/src/files.rs,12765,322,307,production,true,false,false,false
crates/arcweft-desktop-native/src/grant_store.rs,25425,727,673,production,true,false,false,true
crates/arcweft-desktop-native/src/lib.rs,767,23,16,production,true,false,false,false
crates/arcweft-desktop-native/src/persistent_grants/record.rs,3072,87,80,production,true,false,false,false
crates/arcweft-desktop-native/src/persistent_grants.rs,7819,276,244,production,true,false,false,false
crates/arcweft-desktop-native/src/platform.rs,1509,45,35,production,true,false,false,false
crates/arcweft-desktop-native/src/pointer.rs,3101,82,77,production,true,false,false,false
crates/arcweft-desktop-native/src/text_input/macos_appkit_bridge.rs,8663,306,268,production,true,false,false,false
crates/arcweft-desktop-native/src/text_input/macos_text_input.rs,22032,656,591,production,true,false,false,false
crates/arcweft-desktop-native/src/text_input/windows_tsf/activation.rs,3104,107,92,production,true,false,false,false
crates/arcweft-desktop-native/src/text_input/windows_tsf/bindings.rs,948,24,17,production,true,false,false,false
crates/arcweft-desktop-native/src/text_input/windows_tsf/capabilities.rs,10528,331,294,production,true,false,false,false
crates/arcweft-desktop-native/src/text_input/windows_tsf/display_attributes.rs,2122,69,61,production,true,false,false,false
crates/arcweft-desktop-native/src/text_input/windows_tsf/edit_session.rs,3500,139,120,production,true,false,false,false
crates/arcweft-desktop-native/src/text_input/windows_tsf/geometry.rs,3781,137,121,production,true,false,false,false
crates/arcweft-desktop-native/src/text_input/windows_tsf/range.rs,3446,131,114,production,true,false,false,false
crates/arcweft-desktop-native/src/text_input/windows_tsf/real_ime.rs,6917,201,166,production,true,false,false,false
crates/arcweft-desktop-native/src/text_input/windows_tsf/unsafe_com.rs,31175,965,850,production,true,false,false,false
crates/arcweft-desktop-native/src/text_input/windows_tsf.rs,1262,32,25,production,true,false,false,false
crates/arcweft-desktop-native/src/text_input.rs,461,13,5,production,true,false,false,false
crates/arcweft-desktop-native/tests/macos_text_input_compile.rs,256,7,7,test,true,true,false,false
crates/arcweft-desktop-native/tests/windows_tsf_real_ime_lifecycle.rs,2883,82,75,test,true,true,false,false
crates/arcweft-desktop-native/tests/windows_tsf_text_input.rs,6956,196,179,test,true,true,false,false
crates/arcweft-dialogue/Cargo.toml,666,28,24,text,false,false,false,false
crates/arcweft-dialogue/src/character_dialogue/identity.rs,5370,184,154,production,true,false,false,false
crates/arcweft-dialogue/src/character_dialogue/limits.rs,2097,57,44,production,true,false,false,false
crates/arcweft-dialogue/src/character_dialogue/patch.rs,18669,561,511,production,true,false,false,false
crates/arcweft-dialogue/src/character_dialogue/schema.rs,29440,841,777,production,true,false,false,false
crates/arcweft-dialogue/src/character_dialogue/typed_value.rs,19411,564,529,production,true,false,false,false
crates/arcweft-dialogue/src/character_dialogue.rs,13928,430,353,production,true,false,false,false
crates/arcweft-dialogue/src/character_presentation.rs,5461,139,116,production,true,false,false,true
crates/arcweft-dialogue/src/inline_failure.rs,5352,183,161,production,true,false,false,true
crates/arcweft-dialogue/src/lib.rs,14365,525,463,production,true,false,false,false
crates/arcweft-dialogue/src/presentation_profile.rs,1915,74,54,production,true,false,false,true
crates/arcweft-dialogue/src/presentation_revision.rs,9528,236,209,production,true,false,false,true
crates/arcweft-dialogue/src/rich_text/control.rs,8133,246,212,production,true,false,false,false
crates/arcweft-dialogue/src/rich_text/host.rs,15664,488,434,production,true,false,false,false
crates/arcweft-dialogue/src/rich_text.rs,214,7,4,production,true,false,false,false
crates/arcweft-dialogue/src/tests/character_dialogue.rs,33623,966,912,test,true,true,false,false
crates/arcweft-dialogue/src/tests/content.rs,1077,25,23,test,true,true,false,false
crates/arcweft-dialogue/src/tests/mod.rs,37,2,2,test,true,true,false,false
crates/arcweft-dialogue/tests/rich_text_schema.rs,6399,192,174,test,true,true,false,false
crates/arcweft-glyphon/Cargo.toml,442,20,17,text,false,false,false,false
crates/arcweft-glyphon/src/lib.rs,760,20,17,production,true,false,false,false
crates/arcweft-glyphon/src/physical_bounds.rs,11591,357,314,production,true,false,false,true
crates/arcweft-glyphon/src/prepared_text.rs,27855,858,754,production,true,false,false,true
crates/arcweft-glyphon/src/text_engine.rs,42318,1188,1084,production,true,false,false,true
crates/arcweft-glyphon/tests/shared_text_layout.rs,8847,259,239,test,true,true,false,false
crates/arcweft-host-adapter/Cargo.toml,318,15,13,text,false,false,false,false
crates/arcweft-host-adapter/src/lib.rs,21840,631,509,production,true,false,false,true
crates/arcweft-http-codec/Cargo.toml,313,14,12,text,false,false,false,false
crates/arcweft-http-codec/src/lib.rs,9407,312,287,production,true,false,false,false
crates/arcweft-http-codec/tests/negotiation.rs,5525,212,183,test,true,true,false,false
crates/arcweft-id/Cargo.toml,378,21,17,text,false,false,false,false
crates/arcweft-id/src/dialogue.rs,8804,298,243,production,true,false,false,true
crates/arcweft-id/src/lib.rs,18148,597,501,production,true,false,false,true
crates/arcweft-id/src/locale.rs,7683,234,196,production,true,false,false,true
crates/arcweft-id/tests/public_api.rs,313,7,7,test,true,true,false,false
crates/arcweft-id/tests/ui/dialogue_identity_not_serde.rs,390,12,10,test,true,true,false,false
crates/arcweft-id/tests/ui/dialogue_identity_private.rs,184,6,5,test,true,true,false,false
crates/arcweft-id/tests/ui/dialogue_text_key_private.rs,191,6,5,test,true,true,false,false
crates/arcweft-image/Cargo.toml,378,21,17,text,false,false,false,false
crates/arcweft-image/src/lib.rs,15737,508,443,production,true,false,false,true
crates/arcweft-interaction-model/Cargo.toml,327,18,15,text,false,false,false,false
crates/arcweft-interaction-model/MIGRATION.md,952,34,22,text,false,false,false,false
crates/arcweft-interaction-model/src/action.rs,2272,98,80,production,true,false,false,false
crates/arcweft-interaction-model/src/audio.rs,27676,911,808,production,true,false,false,false
crates/arcweft-interaction-model/src/id.rs,2108,82,61,production,true,false,false,true
crates/arcweft-interaction-model/src/input.rs,4152,174,139,production,true,false,false,false
crates/arcweft-interaction-model/src/lib.rs,389,11,5,production,true,false,false,false
crates/arcweft-interaction-model/src/payload.rs,956,35,32,production,true,false,false,false
crates/arcweft-interaction-model/tests/model.rs,1997,59,52,test,true,true,false,false
crates/arcweft-lang-hir/Cargo.toml,408,22,18,text,false,false,false,false
crates/arcweft-lang-hir/src/assertion.rs,1146,42,28,production,true,false,false,false
crates/arcweft-lang-hir/src/cache_facts.rs,1825,50,46,production,true,false,false,false
crates/arcweft-lang-hir/src/callable_source.rs,5507,217,179,production,true,false,false,false
crates/arcweft-lang-hir/src/dialogue_application.rs,17534,582,486,production,true,false,false,true
crates/arcweft-lang-hir/src/dialogue_identity.rs,5900,182,153,production,true,false,false,true
crates/arcweft-lang-hir/src/entry.rs,3854,144,121,production,true,false,false,false
crates/arcweft-lang-hir/src/fx.rs,4284,147,126,production,true,false,false,true
crates/arcweft-lang-hir/src/identity.rs,10085,347,286,production,true,false,false,true
crates/arcweft-lang-hir/src/lib.rs,961,34,25,production,true,false,false,false
crates/arcweft-lang-hir/src/lower.rs,21236,616,582,production,true,false,false,true
crates/arcweft-lang-hir/src/lower_choice.rs,1567,48,47,production,true,false,false,false
crates/arcweft-lang-hir/src/lower_context.rs,529,19,16,production,true,false,false,false
crates/arcweft-lang-hir/src/lower_dialogue.rs,3890,95,93,production,true,false,false,false
crates/arcweft-lang-hir/src/lower_flow.rs,11015,316,301,production,true,false,false,false
crates/arcweft-lang-hir/src/lower_ids.rs,12523,362,337,production,true,false,false,false
crates/arcweft-lang-hir/src/model.rs,30220,1128,876,production,true,false,false,false
crates/arcweft-lang-hir/src/project.rs,34254,933,847,production,true,false,false,true
crates/arcweft-lang-hir/src/reference.rs,3214,123,85,production,true,false,false,false
crates/arcweft-lang-hir/src/style.rs,22102,777,643,production,true,false,false,true
crates/arcweft-lang-hir/src/symbol/error.rs,9512,271,255,production,true,false,false,false
crates/arcweft-lang-hir/src/symbol/identity.rs,19092,618,515,production,true,false,false,true
crates/arcweft-lang-hir/src/symbol/nominal.rs,26992,813,683,production,true,false,false,true
crates/arcweft-lang-hir/src/symbol/table/import_graph.rs,10311,305,288,production,true,false,false,false
crates/arcweft-lang-hir/src/symbol/table/imports.rs,18433,458,439,production,true,false,false,false
crates/arcweft-lang-hir/src/symbol/table/nominal.rs,13205,381,353,production,true,false,false,false
crates/arcweft-lang-hir/src/symbol/table/publication.rs,14241,352,343,production,true,false,false,false
crates/arcweft-lang-hir/src/symbol/table.rs,45422,1300,1166,production,true,false,false,false
crates/arcweft-lang-hir/src/symbol/tests/direct_bindings.rs,11601,360,343,test,true,true,false,false
crates/arcweft-lang-hir/src/symbol/tests/import_linking.rs,12833,360,341,test,true,true,false,false
crates/arcweft-lang-hir/src/symbol/tests/limits.rs,9744,238,224,test,true,true,false,false
crates/arcweft-lang-hir/src/symbol/tests/nominal_lookup.rs,6878,185,176,test,true,true,false,false
crates/arcweft-lang-hir/src/symbol/tests/nominal_publication.rs,10953,299,282,test,true,true,false,false
crates/arcweft-lang-hir/src/symbol/tests/symbol_projection.rs,18743,514,484,test,true,true,false,false
crates/arcweft-lang-hir/src/symbol/tests.rs,22781,712,678,test,true,true,false,false
crates/arcweft-lang-hir/src/symbol.rs,1681,44,39,production,true,false,false,false
crates/arcweft-lang-hir/src/view_part.rs,9373,330,290,production,true,false,false,false
crates/arcweft-lang-hir/tests/capability_policy.rs,2611,83,71,test,true,true,false,false
crates/arcweft-lang-hir/tests/entry_role_inventory.rs,1387,55,50,test,true,true,false,false
crates/arcweft-lang-hir/tests/project_symbols.rs,2370,77,70,test,true,true,false,false
crates/arcweft-lang-hir/tests/propagation_sources.rs,6714,196,185,test,true,true,false,false
crates/arcweft-lang-hir/tests/public_api.rs,422,9,9,test,true,true,false,false
crates/arcweft-lang-hir/tests/style.rs,2030,68,66,test,true,true,false,false
crates/arcweft-lang-hir/tests/style_environment.rs,4499,132,128,test,true,true,false,false
crates/arcweft-lang-hir/tests/ui/capability_policy_absent.rs,248,9,7,test,true,true,false,false
crates/arcweft-lang-hir/tests/ui/external_id_constructor.rs,106,5,4,test,true,true,false,false
crates/arcweft-lang-hir/tests/ui/external_id_parse.rs,125,5,4,test,true,true,false,false
crates/arcweft-lang-hir/tests/ui/external_id_raw_accessor.rs,128,7,5,test,true,true,false,false
crates/arcweft-lang-hir/tests/ui/external_input_fields_private.rs,325,13,11,test,true,true,false,false
crates/arcweft-lang-hir/tests/ui/removed_hir_borrow.rs,207,9,7,test,true,true,false,false
crates/arcweft-lang-hir/tests/ui/removed_role_hir.rs,336,12,10,test,true,true,false,false
crates/arcweft-lang-hir/tests/ui/session_identity_raw_constructor.rs,254,8,7,test,true,true,false,false
crates/arcweft-lang-hir/tests/ui/session_identity_serde.rs,487,13,11,test,true,true,false,false
crates/arcweft-lang-hir/tests/view_callable.rs,596,15,13,test,true,true,false,false
crates/arcweft-lang-jit-cranelift/Cargo.toml,605,25,21,text,false,false,false,false
crates/arcweft-lang-jit-cranelift/src/batch.rs,56269,1563,1417,production,true,false,false,false
crates/arcweft-lang-jit-cranelift/src/compiled.rs,26452,748,639,production,true,false,false,false
crates/arcweft-lang-jit-cranelift/src/lib.rs,76494,2153,1805,production,true,false,false,false
crates/arcweft-lang-jit-cranelift/src/lower.rs,58194,1438,1369,production,true,false,false,false
crates/arcweft-lang-jit-cranelift/src/native_call.rs,45174,1155,910,production,true,false,false,false
crates/arcweft-lang-jit-cranelift/src/tests.rs,67974,1868,1713,test,true,true,false,false
crates/arcweft-lang-sema/Cargo.toml,698,30,26,text,false,false,false,false
crates/arcweft-lang-sema/src/assertion.rs,3359,108,83,production,true,false,false,true
crates/arcweft-lang-sema/src/borrow.rs,1934,65,55,production,true,false,false,false
crates/arcweft-lang-sema/src/callable/arguments.rs,7825,232,219,production,true,false,false,false
crates/arcweft-lang-sema/src/callable/builder.rs,41119,1052,1011,production,true,false,false,false
crates/arcweft-lang-sema/src/callable/catalog.rs,31915,877,827,production,true,false,false,false
crates/arcweft-lang-sema/src/callable/dialogue.rs,1611,54,44,production,true,false,false,false
crates/arcweft-lang-sema/src/callable/digest.rs,16030,424,379,production,true,false,false,false
crates/arcweft-lang-sema/src/callable/error.rs,23086,630,584,production,true,false,false,false
crates/arcweft-lang-sema/src/callable/facts.rs,40979,1204,1110,production,true,false,false,false
crates/arcweft-lang-sema/src/callable/identity/migration_evidence.rs,5012,124,107,production,true,false,false,false
crates/arcweft-lang-sema/src/callable/identity.rs,48623,1652,1543,production,true,false,false,false
crates/arcweft-lang-sema/src/callable/limits.rs,28446,916,826,production,true,false,false,false
crates/arcweft-lang-sema/src/callable/nominal_signature.rs,8528,235,224,production,true,false,false,false
crates/arcweft-lang-sema/src/callable/presentation.rs,11313,370,337,production,true,false,false,false
crates/arcweft-lang-sema/src/callable/projection.rs,41578,1114,1045,production,true,false,false,false
crates/arcweft-lang-sema/src/callable/publication.rs,6176,176,160,production,true,false,false,false
crates/arcweft-lang-sema/src/callable/resolver.rs,83223,2450,2321,production,true,false,false,false
crates/arcweft-lang-sema/src/callable/resolver_tests/curried_shared_resolver.rs,27517,789,743,production,true,false,false,false
crates/arcweft-lang-sema/src/callable/resolver_tests/overload_accounting.rs,40370,1190,1145,production,true,false,false,false
crates/arcweft-lang-sema/src/callable/resolver_tests.rs,125064,3563,3371,test,true,true,false,false
crates/arcweft-lang-sema/src/callable/schema/families.rs,46701,1326,1271,production,true,false,false,false
crates/arcweft-lang-sema/src/callable/schema.rs,33497,1040,993,production,true,false,false,false
crates/arcweft-lang-sema/src/callable/tests/production_catalog_limits.rs,20889,592,556,test,true,true,false,false
crates/arcweft-lang-sema/src/callable/tests/production_determinism.rs,14625,422,390,test,true,true,false,false
crates/arcweft-lang-sema/src/callable/tests/production_limits.rs,4582,131,122,test,true,true,false,false
crates/arcweft-lang-sema/src/callable/tests.rs,85556,2538,2424,test,true,true,false,false
crates/arcweft-lang-sema/src/callable.rs,5930,119,109,production,true,false,false,false
crates/arcweft-lang-sema/src/character_definition/query.rs,15573,382,367,production,true,false,false,false
crates/arcweft-lang-sema/src/character_definition/request_budget.rs,6134,198,167,production,true,false,false,false
crates/arcweft-lang-sema/src/character_definition/tests/budget.rs,9400,310,281,test,true,true,false,false
crates/arcweft-lang-sema/src/character_definition/tests/pipeline.rs,32544,979,931,test,true,true,false,false
crates/arcweft-lang-sema/src/character_definition/tests.rs,44,2,2,test,true,true,false,false
crates/arcweft-lang-sema/src/character_definition.rs,36102,1034,963,production,true,false,false,false
crates/arcweft-lang-sema/src/check.rs,1400,27,22,production,true,false,false,false
crates/arcweft-lang-sema/src/checker/assertion.rs,3400,90,83,production,true,false,false,false
crates/arcweft-lang-sema/src/checker/borrow_state.rs,8201,222,203,production,true,false,false,false
crates/arcweft-lang-sema/src/checker/call_target_facts.rs,19735,597,541,production,true,false,false,true
crates/arcweft-lang-sema/src/checker/candidate_evaluation.rs,8549,287,259,production,true,false,false,false
crates/arcweft-lang-sema/src/checker/choice.rs,7384,184,176,production,true,false,false,false
crates/arcweft-lang-sema/src/checker/effects.rs,4531,128,116,production,true,false,false,false
crates/arcweft-lang-sema/src/checker/expr/access.rs,2181,58,53,production,true,false,false,false
crates/arcweft-lang-sema/src/checker/expr/agent.rs,49460,1298,1250,production,true,false,false,false
crates/arcweft-lang-sema/src/checker/expr/binary.rs,6504,157,151,production,true,false,false,false
crates/arcweft-lang-sema/src/checker/expr/callable.rs,17670,457,442,production,true,false,false,false
crates/arcweft-lang-sema/src/checker/expr/closure.rs,12964,344,333,production,true,false,false,false
crates/arcweft-lang-sema/src/checker/expr/enum_variant.rs,7778,207,197,production,true,false,false,false
crates/arcweft-lang-sema/src/checker/expr/fx.rs,5863,152,144,production,true,false,false,false
crates/arcweft-lang-sema/src/checker/expr/member.rs,22081,544,524,production,true,false,false,false
crates/arcweft-lang-sema/src/checker/expr/method_fallback.rs,22885,632,602,production,true,false,false,false
crates/arcweft-lang-sema/src/checker/expr/partial.rs,17210,468,443,production,true,false,false,false
crates/arcweft-lang-sema/src/checker/expr/path.rs,12947,335,323,production,true,false,false,false
crates/arcweft-lang-sema/src/checker/expr/pipe.rs,4132,99,87,production,true,false,false,false
crates/arcweft-lang-sema/src/checker/expr/range.rs,2331,65,61,production,true,false,false,false
crates/arcweft-lang-sema/src/checker/expr/reduction.rs,4200,95,90,production,true,false,false,false
crates/arcweft-lang-sema/src/checker/expr/registered_call/arguments.rs,43343,1153,1115,production,true,false,false,false
crates/arcweft-lang-sema/src/checker/expr/registered_call/facts.rs,5276,140,132,production,true,false,false,false
crates/arcweft-lang-sema/src/checker/expr/registered_call/selection.rs,43459,1164,1118,production,true,false,false,true
crates/arcweft-lang-sema/src/checker/expr/registered_call.rs,69641,1689,1645,production,true,false,false,false
crates/arcweft-lang-sema/src/checker/expr/signature_call.rs,24519,667,634,production,true,false,false,false
crates/arcweft-lang-sema/src/checker/expr/support.rs,13032,424,385,production,true,false,false,false
crates/arcweft-lang-sema/src/checker/expr.rs,89080,2325,2246,production,true,false,false,false
crates/arcweft-lang-sema/src/checker/flow.rs,7429,189,179,production,true,false,false,false
crates/arcweft-lang-sema/src/checker/fx/span.rs,4273,120,106,production,true,false,false,false
crates/arcweft-lang-sema/src/checker/fx.rs,27494,799,755,production,true,false,false,true
crates/arcweft-lang-sema/src/checker/helpers.rs,32820,937,883,production,true,false,false,false
crates/arcweft-lang-sema/src/checker/iterator.rs,4753,123,115,production,true,false,false,false
crates/arcweft-lang-sema/src/checker/lifetime_access.rs,4038,109,101,production,true,false,false,false
crates/arcweft-lang-sema/src/checker/line_plan.rs,20740,550,519,production,true,false,false,false
crates/arcweft-lang-sema/src/checker/module/dialogue_policy.rs,4952,131,119,production,true,false,false,false
crates/arcweft-lang-sema/src/checker/module/focused.rs,10190,308,281,production,true,false,false,false
crates/arcweft-lang-sema/src/checker/module/view.rs,13077,338,313,production,true,false,false,false
crates/arcweft-lang-sema/src/checker/module.rs,78463,1962,1865,production,true,false,false,false
crates/arcweft-lang-sema/src/checker/nominal_resolution.rs,20652,571,538,production,true,false,false,false
crates/arcweft-lang-sema/src/checker/presentation.rs,23473,594,563,production,true,false,false,false
crates/arcweft-lang-sema/src/checker/registered_candidate_transaction.rs,18327,480,454,production,true,false,false,false
crates/arcweft-lang-sema/src/checker/registered_candidate_transaction_tests.rs,6304,170,154,test,true,true,false,false
crates/arcweft-lang-sema/src/checker/signature.rs,19057,586,565,production,true,false,false,false
crates/arcweft-lang-sema/src/checker/source.rs,8325,203,195,production,true,false,false,false
crates/arcweft-lang-sema/src/checker/source_ranges.rs,3259,92,85,production,true,false,false,false
crates/arcweft-lang-sema/src/checker/stmt.rs,31436,814,778,production,true,false,false,false
crates/arcweft-lang-sema/src/checker/suspension.rs,13336,325,306,production,true,false,false,false
crates/arcweft-lang-sema/src/checker/symbol_resolution.rs,4725,132,119,production,true,false,false,false
crates/arcweft-lang-sema/src/checker.rs,85190,2330,2092,production,true,false,false,false
crates/arcweft-lang-sema/src/diagnostics/effect_trace.rs,2289,78,75,production,true,false,false,false
crates/arcweft-lang-sema/src/diagnostics/error.rs,29804,779,688,production,true,false,false,false
crates/arcweft-lang-sema/src/diagnostics/trait_diagnostic.rs,14837,445,413,production,true,false,false,false
crates/arcweft-lang-sema/src/diagnostics/warning.rs,5401,148,122,production,true,false,false,false
crates/arcweft-lang-sema/src/diagnostics.rs,346,10,7,production,true,false,false,false
crates/arcweft-lang-sema/src/dialogue_view.rs,16605,428,367,production,true,false,false,true
crates/arcweft-lang-sema/src/effect_analysis.rs,20433,601,541,production,true,false,false,false
crates/arcweft-lang-sema/src/effect_catalog.rs,4939,165,144,production,true,false,false,true
crates/arcweft-lang-sema/src/effect_collector.rs,11046,321,284,production,true,false,false,false
crates/arcweft-lang-sema/src/effect_contract.rs,5687,154,137,production,true,false,false,false
crates/arcweft-lang-sema/src/effect_diagnostics.rs,3678,160,137,production,true,false,false,false
crates/arcweft-lang-sema/src/effect_model.rs,11563,454,367,production,true,false,false,true
crates/arcweft-lang-sema/src/effect_row.rs,14936,500,424,production,true,false,false,true
crates/arcweft-lang-sema/src/effects.rs,10663,356,304,production,true,false,false,true
crates/arcweft-lang-sema/src/entry/bind_tests.rs,19725,601,565,test,true,true,false,false
crates/arcweft-lang-sema/src/entry/checker/contract.rs,33115,801,776,production,true,false,false,false
crates/arcweft-lang-sema/src/entry/checker/nominal.rs,10671,273,249,production,true,false,false,false
crates/arcweft-lang-sema/src/entry/checker/roles.rs,2463,83,78,production,true,false,false,false
crates/arcweft-lang-sema/src/entry/checker.rs,43355,1149,1092,production,true,false,false,false
crates/arcweft-lang-sema/src/entry/digest.rs,37583,1123,1039,production,true,false,false,true
crates/arcweft-lang-sema/src/entry/identity_tests.rs,12886,406,373,test,true,true,false,false
crates/arcweft-lang-sema/src/entry/tests.rs,20712,711,643,test,true,true,false,false
crates/arcweft-lang-sema/src/entry.rs,17696,642,526,production,true,false,false,false
crates/arcweft-lang-sema/src/env/base.rs,46068,1344,1145,production,true,false,false,false
crates/arcweft-lang-sema/src/env/effects.rs,2031,78,60,production,true,false,false,false
crates/arcweft-lang-sema/src/env/enums.rs,2384,75,61,production,true,false,false,false
crates/arcweft-lang-sema/src/env/identity.rs,1450,46,34,production,true,false,false,false
crates/arcweft-lang-sema/src/env/nominal.rs,36336,1121,974,production,true,false,false,false
crates/arcweft-lang-sema/src/env/nominal_tests.rs,20159,651,614,test,true,true,false,false
crates/arcweft-lang-sema/src/env/registered.rs,162,3,1,production,true,false,false,false
crates/arcweft-lang-sema/src/env/rust_metadata.rs,25449,777,681,production,true,false,false,true
crates/arcweft-lang-sema/src/env/tests.rs,1119,39,34,test,true,true,false,false
crates/arcweft-lang-sema/src/env.rs,1199,30,26,production,true,false,false,false
crates/arcweft-lang-sema/src/fact_layer.rs,12010,383,339,production,true,false,false,false
crates/arcweft-lang-sema/src/lib.rs,924,44,36,production,true,false,false,false
crates/arcweft-lang-sema/src/lifetime.rs,3611,99,92,production,true,false,false,false
crates/arcweft-lang-sema/src/nominal/cache.rs,24569,733,657,production,true,false,false,true
crates/arcweft-lang-sema/src/nominal/diagnostic.rs,18963,550,497,production,true,false,false,true
crates/arcweft-lang-sema/src/nominal/index.rs,13163,374,309,production,true,false,false,true
crates/arcweft-lang-sema/src/nominal/input.rs,16920,546,475,production,true,false,false,true
crates/arcweft-lang-sema/src/nominal/limits.rs,15984,466,415,production,true,false,false,true
crates/arcweft-lang-sema/src/nominal/model.rs,30590,1077,929,production,true,false,false,true
crates/arcweft-lang-sema/src/nominal/resolver/engine/resolution.rs,43287,1101,1066,production,true,false,false,false
crates/arcweft-lang-sema/src/nominal/resolver/engine/state.rs,11720,338,318,production,true,false,false,true
crates/arcweft-lang-sema/src/nominal/resolver/engine/support.rs,6587,196,180,production,true,false,false,false
crates/arcweft-lang-sema/src/nominal/resolver/engine/traversal.rs,20492,522,496,production,true,false,false,false
crates/arcweft-lang-sema/src/nominal/resolver/engine.rs,10820,308,281,production,true,false,false,false
crates/arcweft-lang-sema/src/nominal/resolver.rs,418,12,7,production,true,false,false,false
crates/arcweft-lang-sema/src/nominal/resolver_tests.rs,18364,561,539,test,true,true,false,false
crates/arcweft-lang-sema/src/nominal/shapes.rs,5029,149,132,production,true,false,false,false
crates/arcweft-lang-sema/src/nominal/shapes_tests.rs,3843,127,118,test,true,true,false,false
crates/arcweft-lang-sema/src/nominal.rs,1902,49,45,production,true,false,false,false
crates/arcweft-lang-sema/src/project_index/agent_prelude.rs,17248,494,482,production,true,false,false,false
crates/arcweft-lang-sema/src/project_index/entities.rs,37115,1048,1011,production,true,false,false,false
crates/arcweft-lang-sema/src/project_index/entry_roles.rs,7409,246,218,production,true,false,false,false
crates/arcweft-lang-sema/src/project_index/flow_control.rs,16316,465,446,production,true,false,false,false
crates/arcweft-lang-sema/src/project_index/nominal.rs,10867,318,270,production,true,false,false,true
crates/arcweft-lang-sema/src/project_index/relations.rs,42544,1161,1122,production,true,false,false,false
crates/arcweft-lang-sema/src/project_index/tests.rs,26848,808,744,test,true,true,false,false
crates/arcweft-lang-sema/src/project_index.rs,37155,1277,1078,production,true,false,false,false
crates/arcweft-lang-sema/src/propagation.rs,4156,146,117,production,true,false,false,false
crates/arcweft-lang-sema/src/registration/descriptor.rs,10374,281,264,production,true,false,false,false
crates/arcweft-lang-sema/src/registration/diagnostic.rs,15946,441,419,production,true,false,false,false
crates/arcweft-lang-sema/src/registration/environment_digest.rs,9584,274,247,production,true,false,false,false
crates/arcweft-lang-sema/src/registration/environment_input.rs,25120,833,718,production,true,false,false,false
crates/arcweft-lang-sema/src/registration/limits.rs,2081,82,67,production,true,false,false,false
crates/arcweft-lang-sema/src/registration/model.rs,38396,1109,971,production,true,false,false,false
crates/arcweft-lang-sema/src/registration/registrar.rs,49708,1245,1208,production,true,false,false,false
crates/arcweft-lang-sema/src/registration/source_index/tests.rs,24740,755,701,test,true,true,false,false
crates/arcweft-lang-sema/src/registration/source_index.rs,39961,1181,1092,production,true,false,false,false
crates/arcweft-lang-sema/src/registration/tests/character_paths_and_integrity.rs,14815,407,381,test,true,true,false,false
crates/arcweft-lang-sema/src/registration/tests/external_owners_and_atomicity.rs,21710,611,574,test,true,true,false,false
crates/arcweft-lang-sema/src/registration/tests/limits_and_inventory.rs,18947,508,478,test,true,true,false,false
crates/arcweft-lang-sema/src/registration/tests/occurrence_conflicts_and_diagnostics.rs,17554,500,468,test,true,true,false,false
crates/arcweft-lang-sema/src/registration/tests/publication.rs,23391,638,609,test,true,true,false,false
crates/arcweft-lang-sema/src/registration/tests.rs,8115,214,203,test,true,true,false,false
crates/arcweft-lang-sema/src/registration.rs,2208,44,41,production,true,false,false,false
crates/arcweft-lang-sema/src/resolve.rs,11180,326,296,production,true,false,false,false
crates/arcweft-lang-sema/src/semantic/facts.rs,5357,182,156,production,true,false,false,false
crates/arcweft-lang-sema/src/semantic/traversal.rs,29839,806,780,production,true,false,false,false
crates/arcweft-lang-sema/src/semantic.rs,78422,2102,1969,production,true,false,false,false
crates/arcweft-lang-sema/src/signature/project/tests.rs,2899,84,78,test,true,true,false,false
crates/arcweft-lang-sema/src/signature/project.rs,13436,380,363,production,true,false,false,false
crates/arcweft-lang-sema/src/signature/surface.rs,36740,1007,968,production,true,false,false,false
crates/arcweft-lang-sema/src/signature/tests/cancellation.rs,21362,609,575,test,true,true,false,false
crates/arcweft-lang-sema/src/signature/tests/migration_counters/free_families.rs,7621,362,346,test,true,true,false,false
crates/arcweft-lang-sema/src/signature/tests/migration_counters/method_families.rs,6294,279,266,test,true,true,false,false
crates/arcweft-lang-sema/src/signature/tests/migration_counters.rs,13747,413,388,test,true,true,false,false
crates/arcweft-lang-sema/src/signature/tests/production_limits.rs,11520,327,304,test,true,true,false,false
crates/arcweft-lang-sema/src/signature/tests.rs,104494,3200,3034,test,true,true,false,false
crates/arcweft-lang-sema/src/signature.rs,17800,505,463,production,true,false,false,false
crates/arcweft-lang-sema/src/style/catalog.rs,9482,377,313,production,true,false,false,false
crates/arcweft-lang-sema/src/style/check.rs,34399,931,901,production,true,false,false,false
crates/arcweft-lang-sema/src/style/diagnostic.rs,7193,217,188,production,true,false,false,false
crates/arcweft-lang-sema/src/style/token_graph.rs,8593,245,231,production,true,false,false,false
crates/arcweft-lang-sema/src/style/value.rs,25636,725,684,production,true,false,false,false
crates/arcweft-lang-sema/src/style.rs,557,15,12,production,true,false,false,false
crates/arcweft-lang-sema/src/symbols.rs,36415,1067,1019,production,true,false,false,false
crates/arcweft-lang-sema/src/test_support/character_project.rs,16773,474,450,production,true,false,false,false
crates/arcweft-lang-sema/src/test_support/environment.rs,12101,289,279,production,true,false,false,false
crates/arcweft-lang-sema/src/test_support.rs,62,2,2,production,true,false,false,false
crates/arcweft-lang-sema/src/tests/arcw_contract_fixtures.rs,5771,163,144,test,true,true,false,false
crates/arcweft-lang-sema/src/tests/associated_capacity.rs,60257,1674,1588,test,true,true,false,false
crates/arcweft-lang-sema/src/tests/await_.rs,23981,784,732,test,true,true,false,false
crates/arcweft-lang-sema/src/tests/choice.rs,18629,626,575,test,true,true,false,false
crates/arcweft-lang-sema/src/tests/compile_gap_regressions.rs,1812,67,62,test,true,true,false,false
crates/arcweft-lang-sema/src/tests/contracts.rs,4839,167,159,test,true,true,false,false
crates/arcweft-lang-sema/src/tests/control_flow.rs,41341,1405,1299,test,true,true,false,false
crates/arcweft-lang-sema/src/tests/declarations.rs,41303,1345,1230,test,true,true,false,false
crates/arcweft-lang-sema/src/tests/diagnostics.rs,430,15,13,test,true,true,false,false
crates/arcweft-lang-sema/src/tests/dialogue.rs,25203,786,717,test,true,true,false,false
crates/arcweft-lang-sema/src/tests/expressions.rs,10121,275,247,test,true,true,false,false
crates/arcweft-lang-sema/src/tests/function_effect_rows.rs,20361,640,614,test,true,true,false,false
crates/arcweft-lang-sema/src/tests/function_effect_timing.rs,56807,1706,1582,test,true,true,false,false
crates/arcweft-lang-sema/src/tests/function_execution.rs,3581,128,121,test,true,true,false,false
crates/arcweft-lang-sema/src/tests/function_method_fallback.rs,30037,919,870,test,true,true,false,false
crates/arcweft-lang-sema/src/tests/function_stack.rs,68714,2138,2007,test,true,true,false,false
crates/arcweft-lang-sema/src/tests/fx.rs,5621,266,237,test,true,true,false,false
crates/arcweft-lang-sema/src/tests/line_plan.rs,27588,930,881,test,true,true,false,false
crates/arcweft-lang-sema/src/tests/lower_hir.rs,2282,72,68,test,true,true,false,false
crates/arcweft-lang-sema/src/tests/mod.rs,521,29,28,test,true,true,false,false
crates/arcweft-lang-sema/src/tests/parser_basics.rs,9219,370,335,test,true,true,false,false
crates/arcweft-lang-sema/src/tests/patterns.rs,3703,142,135,test,true,true,false,false
crates/arcweft-lang-sema/src/tests/presentation.rs,13134,354,324,test,true,true,false,false
crates/arcweft-lang-sema/src/tests/propagation.rs,28143,916,879,test,true,true,false,false
crates/arcweft-lang-sema/src/tests/resolve_symbols.rs,3752,139,123,test,true,true,false,false
crates/arcweft-lang-sema/src/tests/script_tests.rs,2340,99,88,test,true,true,false,false
crates/arcweft-lang-sema/src/tests/semantic.rs,16265,548,498,test,true,true,false,false
crates/arcweft-lang-sema/src/tests/support.rs,7673,223,206,test,true,true,false,false
crates/arcweft-lang-sema/src/tests/typecheck.rs,137992,4471,4233,test,true,true,false,false
crates/arcweft-lang-sema/src/traits/builder.rs,29560,814,777,production,true,false,false,false
crates/arcweft-lang-sema/src/traits/catalog.rs,21622,577,541,production,true,false,false,false
crates/arcweft-lang-sema/src/traits/format.rs,110,5,4,production,true,false,false,false
crates/arcweft-lang-sema/src/traits/standard_iter.rs,11552,382,361,production,true,false,false,false
crates/arcweft-lang-sema/src/traits.rs,44572,1428,1283,production,true,false,false,false
crates/arcweft-lang-sema/src/types/character_nominal.rs,1864,66,55,production,true,false,false,false
crates/arcweft-lang-sema/src/types/compatibility.rs,11395,289,259,production,true,false,false,true
crates/arcweft-lang-sema/src/types/digest.rs,23470,709,655,production,true,false,false,true
crates/arcweft-lang-sema/src/types/mismatch.rs,40680,1123,1106,production,true,false,false,false
crates/arcweft-lang-sema/src/types/nominal.rs,8265,268,206,production,true,false,false,true
crates/arcweft-lang-sema/src/types/openness.rs,8197,214,202,production,true,false,false,false
crates/arcweft-lang-sema/src/types/order.rs,15916,412,393,production,true,false,false,false
crates/arcweft-lang-sema/src/types/substitution.rs,18884,499,466,production,true,false,false,true
crates/arcweft-lang-sema/src/types.rs,35414,1060,945,production,true,false,false,false
crates/arcweft-lang-sema/src/view_part/catalog.rs,7612,314,255,production,true,false,false,false
crates/arcweft-lang-sema/src/view_part/check.rs,9029,244,236,production,true,false,false,false
crates/arcweft-lang-sema/src/view_part/diagnostic.rs,1302,58,48,production,true,false,false,false
crates/arcweft-lang-sema/src/view_part.rs,467,13,10,production,true,false,false,false
crates/arcweft-lang-sema/tests/api_compile.rs,1456,39,34,test,true,true,false,false
crates/arcweft-lang-sema/tests/call_surface_signature_matrix.rs,36810,1039,993,test,true,true,false,false
crates/arcweft-lang-sema/tests/call_target_facts_public_api.rs,11815,349,328,test,true,true,false,false
crates/arcweft-lang-sema/tests/character_manifest_types.rs,12344,349,333,test,true,true,false,false
crates/arcweft-lang-sema/tests/character_nominal_mismatch.rs,13116,378,366,test,true,true,false,false
crates/arcweft-lang-sema/tests/character_signature_fact_parity.rs,34450,930,896,test,true,true,false,false
crates/arcweft-lang-sema/tests/iterator_method_body_source.rs,3444,105,100,test,true,true,false,false
crates/arcweft-lang-sema/tests/nominal_alias_unknown_matrix.rs,13539,384,369,test,true,true,false,false
crates/arcweft-lang-sema/tests/nominal_external_projection_matrix.rs,17693,519,504,test,true,true,false,false
crates/arcweft-lang-sema/tests/nominal_resolution_matrix.rs,25551,759,737,test,true,true,false,false
crates/arcweft-lang-sema/tests/nominal_unknown_positions.rs,6281,168,165,test,true,true,false,false
crates/arcweft-lang-sema/tests/style.rs,13629,443,424,test,true,true,false,false
crates/arcweft-lang-sema/tests/style_environment.rs,10528,305,293,test,true,true,false,false
crates/arcweft-lang-sema/tests/traits.rs,5243,179,165,test,true,true,false,false
crates/arcweft-lang-sema/tests/ui/associated_type_receiver_requires_nominal_proof.rs,263,9,8,test,true,true,false,false
crates/arcweft-lang-sema/tests/ui/bare_manifest_not_registerable.rs,326,11,9,test,true,true,false,false
crates/arcweft-lang-sema/tests/ui/capability_policy_absent.rs,100,5,4,test,true,true,false,false
crates/arcweft-lang-sema/tests/ui/character_descriptor_not_serializable.rs,231,9,6,test,true,true,false,false
crates/arcweft-lang-sema/tests/ui/character_manifest_from_json_removed.rs,115,5,4,test,true,true,false,false
crates/arcweft-lang-sema/tests/ui/character_nominal_kind_method_removed.rs,143,7,5,test,true,true,false,false
crates/arcweft-lang-sema/tests/ui/character_nominal_kind_removed.rs,107,5,4,test,true,true,false,false
crates/arcweft-lang-sema/tests/ui/resolved_callable_constructor_is_internal.rs,116,5,4,test,true,true,false,false
crates/arcweft-lang-sema/tests/ui/signature_query_source_snapshot_id.rs,490,17,15,test,true,true,false,false
crates/arcweft-lang-sema/tests/ui/source_snapshot_document_identity_conversion.rs,232,6,5,test,true,true,false,false
crates/arcweft-lang-sema/tests/ui/typecheck_env_character_builder_removed.rs,238,8,6,test,true,true,false,false
crates/arcweft-lang-sema/tests/view_part.rs,3146,103,97,test,true,true,false,false
crates/arcweft-lang-syntax/Cargo.toml,493,25,21,text,false,false,false,false
crates/arcweft-lang-syntax/src/assertion.rs,6250,199,161,production,true,false,false,true
crates/arcweft-lang-syntax/src/ast/choice.rs,7919,353,295,production,true,false,false,false
crates/arcweft-lang-syntax/src/ast/common.rs,9719,324,264,production,true,false,false,false
crates/arcweft-lang-syntax/src/ast/dialogue/rich_text.rs,8400,299,224,production,true,false,false,false
crates/arcweft-lang-syntax/src/ast/dialogue/source_map.rs,8775,242,201,production,true,false,false,false
crates/arcweft-lang-syntax/src/ast/dialogue.rs,26823,941,768,production,true,false,false,false
crates/arcweft-lang-syntax/src/ast/flow.rs,25675,1097,893,production,true,false,false,false
crates/arcweft-lang-syntax/src/ast/ids.rs,10747,382,319,production,true,false,false,true
crates/arcweft-lang-syntax/src/ast/items.rs,42295,1651,1344,production,true,false,false,false
crates/arcweft-lang-syntax/src/ast/line_plan.rs,6163,230,186,production,true,false,false,false
crates/arcweft-lang-syntax/src/ast/module_path.rs,10601,331,273,production,true,false,false,true
crates/arcweft-lang-syntax/src/ast/pattern.rs,1993,85,70,production,true,false,false,false
crates/arcweft-lang-syntax/src/ast/proof.rs,3366,171,143,production,true,false,false,false
crates/arcweft-lang-syntax/src/ast/source.rs,9287,327,267,production,true,false,false,false
crates/arcweft-lang-syntax/src/ast/style.rs,16298,693,562,production,true,false,false,false
crates/arcweft-lang-syntax/src/ast/symbol_path.rs,15338,464,390,production,true,false,false,true
crates/arcweft-lang-syntax/src/ast/view/fx.rs,4038,135,113,production,true,false,false,false
crates/arcweft-lang-syntax/src/ast/view/part.rs,3389,139,110,production,true,false,false,false
crates/arcweft-lang-syntax/src/ast/view/recovery.rs,24869,599,579,production,true,false,false,false
crates/arcweft-lang-syntax/src/ast/view.rs,50550,1846,1647,production,true,false,false,false
crates/arcweft-lang-syntax/src/ast.rs,230,14,14,production,true,false,false,false
crates/arcweft-lang-syntax/src/attachment/access.rs,29859,859,735,production,true,false,false,true
crates/arcweft-lang-syntax/src/attachment/error.rs,4549,127,121,production,true,false,false,false
crates/arcweft-lang-syntax/src/attachment/family.rs,11324,348,313,production,true,false,false,true
crates/arcweft-lang-syntax/src/attachment/node.rs,19428,555,497,production,true,false,false,true
crates/arcweft-lang-syntax/src/attachment/snapshot.rs,11249,393,332,production,true,false,false,false
crates/arcweft-lang-syntax/src/attachment.rs,52756,1500,1413,production,true,false,false,true
crates/arcweft-lang-syntax/src/cache_facts.rs,1096,34,30,production,true,false,false,false
crates/arcweft-lang-syntax/src/cst/classify.rs,14740,443,399,production,true,false,false,false
crates/arcweft-lang-syntax/src/cst/entity_ref.rs,5294,157,136,production,true,false,false,false
crates/arcweft-lang-syntax/src/cst/lexer.rs,6056,241,207,production,true,false,false,false
crates/arcweft-lang-syntax/src/cst/line.rs,25567,780,699,production,true,false,false,false
crates/arcweft-lang-syntax/src/cst/path.rs,2487,78,57,production,true,false,false,false
crates/arcweft-lang-syntax/src/cst/punctuation.rs,23094,731,630,production,true,false,false,false
crates/arcweft-lang-syntax/src/cst/text.rs,4315,115,86,production,true,false,false,false
crates/arcweft-lang-syntax/src/cst.rs,12526,430,321,production,true,false,false,false
crates/arcweft-lang-syntax/src/expr/call_syntax.rs,43366,1264,1038,production,true,false,false,false
crates/arcweft-lang-syntax/src/expr/call_syntax_tests.rs,93844,2779,2631,test,true,true,false,false
crates/arcweft-lang-syntax/src/expr/char_literal.rs,1785,49,46,production,true,false,false,false
crates/arcweft-lang-syntax/src/expr/closure_parse.rs,29318,794,769,production,true,false,false,false
crates/arcweft-lang-syntax/src/expr/closure_source.rs,2459,70,66,production,true,false,false,false
crates/arcweft-lang-syntax/src/expr/control_parse.rs,6888,180,173,production,true,false,false,false
crates/arcweft-lang-syntax/src/expr/dialogue_application/candidate.rs,5520,185,151,production,true,false,false,true
crates/arcweft-lang-syntax/src/expr/dialogue_application/indentation.rs,20430,620,549,production,true,false,false,true
crates/arcweft-lang-syntax/src/expr/dialogue_application/surface.rs,27429,777,708,production,true,false,false,true
crates/arcweft-lang-syntax/src/expr/dialogue_application.rs,6204,174,158,production,true,false,false,false
crates/arcweft-lang-syntax/src/expr/lexer.rs,16840,469,442,production,true,false,false,false
crates/arcweft-lang-syntax/src/expr/numeric.rs,11278,379,311,production,true,false,false,false
crates/arcweft-lang-syntax/src/expr/pipe_scope.rs,10488,261,245,production,true,false,false,true
crates/arcweft-lang-syntax/src/expr/pratt/call.rs,21818,582,556,production,true,false,false,false
crates/arcweft-lang-syntax/src/expr/pratt.rs,42888,1136,1085,production,true,false,false,false
crates/arcweft-lang-syntax/src/expr/prefix.rs,13843,349,335,production,true,false,false,false
crates/arcweft-lang-syntax/src/expr/source_ranges/scan.rs,10738,361,339,production,true,false,false,false
crates/arcweft-lang-syntax/src/expr/source_ranges/thread_body.rs,11892,332,323,production,true,false,false,false
crates/arcweft-lang-syntax/src/expr/source_ranges.rs,41804,1198,1120,production,true,false,false,true
crates/arcweft-lang-syntax/src/expr/string_literal.rs,3060,100,84,production,true,false,false,true
crates/arcweft-lang-syntax/src/expr/tests.rs,23477,643,580,test,true,true,false,false
crates/arcweft-lang-syntax/src/expr.rs,53061,1873,1566,production,true,false,false,false
crates/arcweft-lang-syntax/src/grammar/budget.rs,14995,432,379,production,true,false,false,true
crates/arcweft-lang-syntax/src/grammar/build.rs,23571,651,585,production,true,false,false,true
crates/arcweft-lang-syntax/src/grammar/event.rs,7046,236,205,production,true,false,false,true
crates/arcweft-lang-syntax/src/grammar/kinds.rs,39580,1202,1155,production,true,false,false,true
crates/arcweft-lang-syntax/src/grammar/roles.rs,9334,299,288,production,true,false,false,true
crates/arcweft-lang-syntax/src/grammar.rs,522,13,5,production,true,false,false,false
crates/arcweft-lang-syntax/src/incremental/bound.rs,4797,164,119,production,true,false,false,false
crates/arcweft-lang-syntax/src/incremental/database.rs,15569,471,409,production,true,false,false,false
crates/arcweft-lang-syntax/src/incremental/database_tests.rs,54373,1601,1497,test,true,true,false,false
crates/arcweft-lang-syntax/src/incremental/limits.rs,3043,83,76,production,true,false,false,true
crates/arcweft-lang-syntax/src/incremental/reconcile.rs,11422,330,308,production,true,false,false,false
crates/arcweft-lang-syntax/src/incremental/shape.rs,9234,298,268,production,true,false,false,false
crates/arcweft-lang-syntax/src/incremental/transaction.rs,11612,367,331,production,true,false,false,false
crates/arcweft-lang-syntax/src/incremental.rs,326,14,11,production,true,false,false,false
crates/arcweft-lang-syntax/src/lib.rs,515,24,17,production,true,false,false,false
crates/arcweft-lang-syntax/src/lint.rs,29871,993,890,production,true,false,false,true
crates/arcweft-lang-syntax/src/parser/action_grammar.rs,8612,242,229,production,true,false,false,false
crates/arcweft-lang-syntax/src/parser/action_grammar_tests.rs,5103,144,134,test,true,true,false,false
crates/arcweft-lang-syntax/src/parser/activity_grammar.rs,21267,633,597,production,true,false,false,false
crates/arcweft-lang-syntax/src/parser/activity_grammar_tests.rs,5462,162,153,test,true,true,false,false
crates/arcweft-lang-syntax/src/parser/assertion.rs,12674,356,331,production,true,false,false,true
crates/arcweft-lang-syntax/src/parser/await_.rs,20465,582,534,production,true,false,false,false
crates/arcweft-lang-syntax/src/parser/character_grammar.rs,8223,235,224,production,true,false,false,false
crates/arcweft-lang-syntax/src/parser/character_grammar_tests.rs,5834,186,175,test,true,true,false,false
crates/arcweft-lang-syntax/src/parser/choice.rs,18540,490,464,production,true,false,false,false
crates/arcweft-lang-syntax/src/parser/control_flow/recovery.rs,16309,496,481,production,true,false,false,false
crates/arcweft-lang-syntax/src/parser/control_flow.rs,43131,1132,1077,production,true,false,false,false
crates/arcweft-lang-syntax/src/parser/declaration.rs,25977,729,691,production,true,false,false,false
crates/arcweft-lang-syntax/src/parser/dialogue.rs,26687,674,640,production,true,false,false,true
crates/arcweft-lang-syntax/src/parser/dialogue_expression_tests.rs,8980,282,265,test,true,true,false,false
crates/arcweft-lang-syntax/src/parser/document.rs,32536,1007,928,production,true,false,false,false
crates/arcweft-lang-syntax/src/parser/document_tests.rs,4963,161,153,test,true,true,false,false
crates/arcweft-lang-syntax/src/parser/entry_grammar.rs,27257,811,759,production,true,false,false,false
crates/arcweft-lang-syntax/src/parser/entry_grammar_tests.rs,10485,303,277,test,true,true,false,false
crates/arcweft-lang-syntax/src/parser/expression/composite.rs,17819,550,522,production,true,false,false,false
crates/arcweft-lang-syntax/src/parser/expression/control.rs,7528,233,219,production,true,false,false,false
crates/arcweft-lang-syntax/src/parser/expression.rs,22916,702,647,production,true,false,false,true
crates/arcweft-lang-syntax/src/parser/extern_capability_grammar.rs,17542,534,502,production,true,false,false,false
crates/arcweft-lang-syntax/src/parser/extern_capability_grammar_tests.rs,12309,351,319,test,true,true,false,false
crates/arcweft-lang-syntax/src/parser/flow.rs,35000,836,792,production,true,false,false,false
crates/arcweft-lang-syntax/src/parser/fragment.rs,10479,348,306,production,true,false,false,true
crates/arcweft-lang-syntax/src/parser/function_grammar.rs,2911,97,86,production,true,false,false,false
crates/arcweft-lang-syntax/src/parser/function_grammar_tests.rs,5469,182,169,test,true,true,false,false
crates/arcweft-lang-syntax/src/parser/headers.rs,32714,978,920,production,true,false,false,false
crates/arcweft-lang-syntax/src/parser/helpers.rs,36686,1073,986,production,true,false,false,true
crates/arcweft-lang-syntax/src/parser/item.rs,5456,150,140,production,true,false,false,false
crates/arcweft-lang-syntax/src/parser/item_tests.rs,4829,150,144,test,true,true,false,false
crates/arcweft-lang-syntax/src/parser/items.rs,74934,2021,1955,production,true,false,false,false
crates/arcweft-lang-syntax/src/parser/layer_grammar.rs,13997,434,409,production,true,false,false,false
crates/arcweft-lang-syntax/src/parser/layer_grammar_tests.rs,4931,159,150,test,true,true,false,false
crates/arcweft-lang-syntax/src/parser/lexer.rs,16035,535,494,production,true,false,false,true
crates/arcweft-lang-syntax/src/parser/line_plan.rs,23930,724,687,production,true,false,false,false
crates/arcweft-lang-syntax/src/parser/metric_grammar.rs,18352,533,506,production,true,false,false,false
crates/arcweft-lang-syntax/src/parser/metric_grammar_tests.rs,4644,141,133,test,true,true,false,false
crates/arcweft-lang-syntax/src/parser/module_use_grammar.rs,11447,367,346,production,true,false,false,false
crates/arcweft-lang-syntax/src/parser/module_use_grammar_tests.rs,5069,178,167,test,true,true,false,false
crates/arcweft-lang-syntax/src/parser/path.rs,1693,54,48,production,true,false,false,false
crates/arcweft-lang-syntax/src/parser/pattern.rs,12018,363,340,production,true,false,false,false
crates/arcweft-lang-syntax/src/parser/predicate_proof.rs,3895,122,112,production,true,false,false,false
crates/arcweft-lang-syntax/src/parser/predicate_proof_tests.rs,37831,1114,1049,test,true,true,false,false
crates/arcweft-lang-syntax/src/parser/proof.rs,13221,401,381,production,true,false,false,false
crates/arcweft-lang-syntax/src/parser/recovery.rs,39589,1013,867,production,true,false,false,true
crates/arcweft-lang-syntax/src/parser/resource_grammar.rs,12893,385,361,production,true,false,false,false
crates/arcweft-lang-syntax/src/parser/resource_grammar_tests.rs,5764,169,156,test,true,true,false,false
crates/arcweft-lang-syntax/src/parser/retained_grammar_tests.rs,10689,299,276,test,true,true,false,false
crates/arcweft-lang-syntax/src/parser/retained_header_tests.rs,9747,257,243,test,true,true,false,false
crates/arcweft-lang-syntax/src/parser/rich_text_grammar.rs,24118,691,644,production,true,false,false,false
crates/arcweft-lang-syntax/src/parser/shadow_flow.rs,3871,129,118,production,true,false,false,false
crates/arcweft-lang-syntax/src/parser/shadow_flow_tests.rs,4584,137,126,test,true,true,false,false
crates/arcweft-lang-syntax/src/parser/shadow_recovery.rs,6055,222,204,production,true,false,false,false
crates/arcweft-lang-syntax/src/parser/signal_grammar.rs,4524,137,126,production,true,false,false,false
crates/arcweft-lang-syntax/src/parser/signal_grammar_tests.rs,3532,103,95,test,true,true,false,false
crates/arcweft-lang-syntax/src/parser/source.rs,14358,370,352,production,true,false,false,false
crates/arcweft-lang-syntax/src/parser/source_grammar.rs,18920,552,515,production,true,false,false,false
crates/arcweft-lang-syntax/src/parser/source_grammar_tests.rs,17233,493,466,test,true,true,false,false
crates/arcweft-lang-syntax/src/parser/statement.rs,26877,800,761,production,true,false,false,false
crates/arcweft-lang-syntax/src/parser/statements/expr_context.rs,8931,269,253,production,true,false,false,false
crates/arcweft-lang-syntax/src/parser/statements.rs,39638,1139,1079,production,true,false,false,false
crates/arcweft-lang-syntax/src/parser/style/tests.rs,1781,53,51,test,true,true,false,false
crates/arcweft-lang-syntax/src/parser/style.rs,51757,1420,1351,production,true,false,false,false
crates/arcweft-lang-syntax/src/parser/style_grammar.rs,22105,667,632,production,true,false,false,false
crates/arcweft-lang-syntax/src/parser/style_grammar_tests.rs,6376,194,185,test,true,true,false,false
crates/arcweft-lang-syntax/src/parser/test_bench_grammar.rs,8394,252,232,production,true,false,false,false
crates/arcweft-lang-syntax/src/parser/test_bench_grammar_tests.rs,6393,189,175,test,true,true,false,false
crates/arcweft-lang-syntax/src/parser/top_level.rs,11186,275,265,production,true,false,false,false
crates/arcweft-lang-syntax/src/parser/trait_impl_grammar.rs,16057,504,474,production,true,false,false,false
crates/arcweft-lang-syntax/src/parser/trait_impl_grammar_tests.rs,5637,169,150,test,true,true,false,false
crates/arcweft-lang-syntax/src/parser/type_declaration_grammar.rs,9442,278,256,production,true,false,false,false
crates/arcweft-lang-syntax/src/parser/type_declaration_grammar_tests.rs,3814,118,107,test,true,true,false,false
crates/arcweft-lang-syntax/src/parser/type_ref.rs,9532,293,276,production,true,false,false,false
crates/arcweft-lang-syntax/src/parser/unbound_fragment.rs,14032,444,388,production,true,false,false,true
crates/arcweft-lang-syntax/src/parser/view/part.rs,11151,316,299,production,true,false,false,false
crates/arcweft-lang-syntax/src/parser/view.rs,70093,2037,1943,production,true,false,false,false
crates/arcweft-lang-syntax/src/parser/view_grammar.rs,15703,471,448,production,true,false,false,false
crates/arcweft-lang-syntax/src/parser/view_grammar_tests.rs,7189,218,205,test,true,true,false,false
crates/arcweft-lang-syntax/src/parser.rs,25774,779,715,production,true,false,false,false
crates/arcweft-lang-syntax/src/pattern.rs,8624,262,244,production,true,false,false,false
crates/arcweft-lang-syntax/src/reference.rs,8372,280,220,production,true,false,false,true
crates/arcweft-lang-syntax/src/source.rs,7924,247,202,production,true,false,false,true
crates/arcweft-lang-syntax/src/tests/cst.rs,20783,598,537,test,true,true,false,false
crates/arcweft-lang-syntax/src/tests/entity_ranges.rs,1534,41,38,test,true,true,false,false
crates/arcweft-lang-syntax/src/tests/mod.rs,28,2,2,test,true,true,false,false
crates/arcweft-lang-syntax/src/text/dialogue_opaque.rs,7900,198,174,production,true,false,false,false
crates/arcweft-lang-syntax/src/text/rich_text_tag.rs,31455,936,857,production,true,false,false,false
crates/arcweft-lang-syntax/src/text.rs,37290,1063,965,production,true,false,false,true
crates/arcweft-lang-syntax/src/types/expression_path.rs,3751,104,93,production,true,false,false,true
crates/arcweft-lang-syntax/src/types/source.rs,33623,992,865,production,true,false,false,false
crates/arcweft-lang-syntax/src/types/source_tests.rs,15330,478,443,test,true,true,false,false
crates/arcweft-lang-syntax/src/types/token/cursor.rs,8769,258,226,production,true,false,false,false
crates/arcweft-lang-syntax/src/types/token/cursor_tests.rs,4909,134,126,test,true,true,false,false
crates/arcweft-lang-syntax/src/types/token/grammar.rs,29407,913,880,production,true,false,false,false
crates/arcweft-lang-syntax/src/types/token/grammar_tests.rs,5925,174,162,test,true,true,false,false
crates/arcweft-lang-syntax/src/types/token/lexer.rs,4973,147,136,production,true,false,false,false
crates/arcweft-lang-syntax/src/types/token/scan.rs,5752,195,181,production,true,false,false,false
crates/arcweft-lang-syntax/src/types/token.rs,2703,97,72,production,true,false,false,false
crates/arcweft-lang-syntax/src/types.rs,35086,1087,937,production,true,false,false,false
crates/arcweft-lang-syntax/tests/assignment_statements.rs,3842,138,128,test,true,true,false,false
crates/arcweft-lang-syntax/tests/diagnostic_ownership.rs,3619,94,85,test,true,true,false,false
crates/arcweft-lang-syntax/tests/entry_roles.rs,11820,366,345,test,true,true,false,false
crates/arcweft-lang-syntax/tests/focus_navigation_view.rs,562,18,16,test,true,true,false,false
crates/arcweft-lang-syntax/tests/nominal_type_sources.rs,3634,111,105,test,true,true,false,false
crates/arcweft-lang-syntax/tests/parser_callbacks_and_closures.rs,10658,347,324,test,true,true,false,false
crates/arcweft-lang-syntax/tests/parser_declarations_recovery_comments.rs,15320,505,456,test,true,true,false,false
crates/arcweft-lang-syntax/tests/parser_dialogue_syntax.rs,14121,463,439,test,true,true,false,false
crates/arcweft-lang-syntax/tests/parser_expressions_literals_select.rs,9392,278,254,test,true,true,false,false
crates/arcweft-lang-syntax/tests/parser_flow_statements_and_body.rs,13344,445,419,test,true,true,false,false
crates/arcweft-lang-syntax/tests/parser_function_signatures_and_types.rs,19061,535,499,test,true,true,false,false
crates/arcweft-lang-syntax/tests/propagation_source_ranges.rs,11442,314,291,test,true,true,false,false
crates/arcweft-lang-syntax/tests/public_api.rs,593,12,12,test,true,true,false,false
crates/arcweft-lang-syntax/tests/removed_role_declarations.rs,2232,59,54,test,true,true,false,false
crates/arcweft-lang-syntax/tests/rich_text_tag_arguments.rs,17853,529,488,test,true,true,false,false
crates/arcweft-lang-syntax/tests/style_environment.rs,16254,438,425,test,true,true,false,false
crates/arcweft-lang-syntax/tests/style_view.rs,37696,1361,1269,test,true,true,false,false
crates/arcweft-lang-syntax/tests/traits.rs,3337,124,118,test,true,true,false,false
crates/arcweft-lang-syntax/tests/trusted_proof_attribute.rs,5409,225,215,test,true,true,false,false
crates/arcweft-lang-syntax/tests/ui/capability_policy_absent.rs,263,10,8,test,true,true,false,false
crates/arcweft-lang-syntax/tests/ui/parse_error_construction.rs,694,30,29,test,true,true,false,false
crates/arcweft-lang-syntax/tests/ui/removed_asset_declaration_kind.rs,103,5,4,test,true,true,false,false
crates/arcweft-lang-syntax/tests/ui/removed_borrow_block.rs,214,9,7,test,true,true,false,false
crates/arcweft-lang-syntax/tests/ui/removed_extern_mod_item.rs,87,5,4,test,true,true,false,false
crates/arcweft-lang-syntax/tests/ui/removed_line_plan_assert.rs,169,7,5,test,true,true,false,false
crates/arcweft-lang-syntax/tests/ui/removed_role_items.rs,285,9,8,test,true,true,false,false
crates/arcweft-lang-syntax/tests/ui/try_expr_construction.rs,319,10,9,test,true,true,false,false
crates/arcweft-lang-syntax/tests/view_callable.rs,6790,179,171,test,true,true,false,false
crates/arcweft-lang-syntax/tests/view_export_part.rs,11745,340,321,test,true,true,false,false
crates/arcweft-lang-syntax/tests/view_interaction_samples.rs,1592,54,52,test,true,true,false,false
crates/arcweft-launch/Cargo.toml,574,23,20,text,false,false,false,false
crates/arcweft-launch/src/accepted.rs,24735,741,679,production,true,false,false,true
crates/arcweft-launch/src/decode/index.rs,27981,876,827,production,true,false,false,false
crates/arcweft-launch/src/decode/shape.rs,16385,472,452,production,true,false,false,false
crates/arcweft-launch/src/decode/tests.rs,60730,1675,1597,test,true,true,false,false
crates/arcweft-launch/src/decode/value.rs,8215,316,298,production,true,false,false,false
crates/arcweft-launch/src/decode/values/profile/content.rs,5719,184,175,production,true,false,false,false
crates/arcweft-launch/src/decode/values/profile/external.rs,9973,297,283,production,true,false,false,false
crates/arcweft-launch/src/decode/values/profile/localization.rs,10680,314,296,production,true,false,false,false
crates/arcweft-launch/src/decode/values/profile/player.rs,6118,194,184,production,true,false,false,false
crates/arcweft-launch/src/decode/values/profile/policy.rs,24240,774,751,production,true,false,false,false
crates/arcweft-launch/src/decode/values/profile/pure.rs,6435,207,196,production,true,false,false,false
crates/arcweft-launch/src/decode/values/profile.rs,11524,379,360,production,true,false,false,false
crates/arcweft-launch/src/decode/values.rs,26076,800,762,production,true,false,false,false
crates/arcweft-launch/src/decode.rs,15121,446,417,production,true,false,false,false
crates/arcweft-launch/src/diagnostic.rs,7603,226,201,production,true,false,false,false
crates/arcweft-launch/src/lib.rs,673,22,15,production,true,false,false,false
crates/arcweft-launch/src/manifest.rs,8647,260,221,production,true,false,false,false
crates/arcweft-launch/src/model.rs,1388,46,32,production,true,false,false,false
crates/arcweft-launch/src/resolve.rs,26088,773,719,production,true,false,false,true
crates/arcweft-launch/src/source_map.rs,16494,515,463,production,true,false,false,false
crates/arcweft-launch/src/tree_de.rs,11291,389,344,production,true,false,false,true
crates/arcweft-launch/tests/maintained_manifests.rs,3548,94,85,test,true,true,false,false
crates/arcweft-layout/Cargo.toml,336,18,15,text,false,false,false,false
crates/arcweft-layout/src/lib.rs,29105,943,815,production,true,false,false,false
crates/arcweft-layout/src/stage_placement.rs,26868,868,765,production,true,false,false,true
crates/arcweft-layout/tests/presentation_contract.rs,8197,241,225,test,true,true,false,false
crates/arcweft-layout/tests/stage_placement.rs,3139,102,93,test,true,true,false,false
crates/arcweft-lsp/Cargo.toml,1579,55,50,text,false,false,false,false
crates/arcweft-lsp/src/config.rs,1810,59,44,production,true,false,false,false
crates/arcweft-lsp/src/custom.rs,1181,34,31,production,true,false,false,false
crates/arcweft-lsp/src/diagnostics.rs,47376,1279,1179,production,true,false,false,true
crates/arcweft-lsp/src/documents.rs,7843,230,182,production,true,false,false,true
crates/arcweft-lsp/src/features/actions.rs,9559,300,281,production,true,false,false,true
crates/arcweft-lsp/src/features/cascade.rs,33062,917,858,production,true,false,false,true
crates/arcweft-lsp/src/features/character_definition.rs,23817,606,577,production,true,false,false,false
crates/arcweft-lsp/src/features/character_metadata.rs,7080,213,195,production,true,false,false,false
crates/arcweft-lsp/src/features/completion.rs,10327,275,262,production,true,false,false,false
crates/arcweft-lsp/src/features/definition.rs,2867,76,72,production,true,false,false,false
crates/arcweft-lsp/src/features/dialogue_view_metadata.rs,2643,83,76,production,true,false,false,false
crates/arcweft-lsp/src/features/entry_roles/presentation.rs,9493,269,259,production,true,false,false,false
crates/arcweft-lsp/src/features/entry_roles/rename.rs,7085,203,193,production,true,false,false,false
crates/arcweft-lsp/src/features/entry_roles/tests.rs,23416,756,701,test,true,true,false,false
crates/arcweft-lsp/src/features/entry_roles.rs,19701,531,501,production,true,false,false,false
crates/arcweft-lsp/src/features/hover.rs,30307,899,843,production,true,false,false,true
crates/arcweft-lsp/src/features/inlay.rs,15250,454,430,production,true,false,false,false
crates/arcweft-lsp/src/features/nominal_types.rs,52380,1518,1432,production,true,false,false,true
crates/arcweft-lsp/src/features/references.rs,2188,64,62,production,true,false,false,false
crates/arcweft-lsp/src/features/rename.rs,1160,37,32,production,true,false,false,false
crates/arcweft-lsp/src/features/semantic_tokens.rs,157,4,0,production,true,false,false,false
crates/arcweft-lsp/src/features/signature.rs,9690,282,251,production,true,false,false,true
crates/arcweft-lsp/src/features/style_environment.rs,5342,147,128,production,true,false,false,false
crates/arcweft-lsp/src/features/view_part_metadata.rs,14155,371,343,production,true,false,false,true
crates/arcweft-lsp/src/features.rs,434,19,17,production,true,false,false,false
crates/arcweft-lsp/src/lib.rs,539,21,15,production,true,false,false,false
crates/arcweft-lsp/src/main.rs,252,9,8,production,true,false,false,false
crates/arcweft-lsp/src/positions.rs,14290,400,343,production,true,false,false,true
crates/arcweft-lsp/src/profiles/accepted_project/stamp_test_support.rs,2280,62,54,production,true,false,false,false
crates/arcweft-lsp/src/profiles/accepted_project/tests/production_limits.rs,4809,130,122,test,true,true,false,false
crates/arcweft-lsp/src/profiles/accepted_project/tests.rs,13776,415,388,test,true,true,false,false
crates/arcweft-lsp/src/profiles/accepted_project.rs,39683,1172,1087,production,true,false,false,false
crates/arcweft-lsp/src/profiles/caches/tests.rs,3925,131,109,test,true,true,false,false
crates/arcweft-lsp/src/profiles/caches.rs,19214,628,569,production,true,false,false,false
crates/arcweft-lsp/src/profiles/diagnostic.rs,13342,339,290,production,true,false,false,false
crates/arcweft-lsp/src/profiles/environment.rs,15231,419,389,production,true,false,false,false
crates/arcweft-lsp/src/profiles/load.rs,10789,292,258,production,true,false,false,false
crates/arcweft-lsp/src/profiles/model.rs,6303,182,135,production,true,false,false,false
crates/arcweft-lsp/src/profiles/state/stamp_test_support.rs,2136,56,46,production,true,false,false,false
crates/arcweft-lsp/src/profiles/state/tests.rs,51665,1472,1416,test,true,true,false,false
crates/arcweft-lsp/src/profiles/state.rs,19280,594,517,production,true,false,false,false
crates/arcweft-lsp/src/profiles/tests.rs,12162,367,325,test,true,true,false,false
crates/arcweft-lsp/src/profiles/uri.rs,4837,159,145,production,true,false,false,true
crates/arcweft-lsp/src/profiles.rs,766,27,22,production,true,false,false,false
crates/arcweft-lsp/src/repl_command.rs,9340,275,221,production,true,false,false,true
crates/arcweft-lsp/src/requests/control.rs,6803,238,201,production,true,false,false,true
crates/arcweft-lsp/src/requests/executor/tests.rs,21036,625,571,test,true,true,false,false
crates/arcweft-lsp/src/requests/executor.rs,13039,397,350,production,true,false,false,false
crates/arcweft-lsp/src/requests/registry.rs,20450,629,572,production,true,false,false,true
crates/arcweft-lsp/src/requests/signature/stamp_test_support.rs,494,13,7,production,true,false,false,false
crates/arcweft-lsp/src/requests/signature.rs,39101,1100,1005,production,true,false,false,true
crates/arcweft-lsp/src/requests.rs,892,27,21,production,true,false,false,false
crates/arcweft-lsp/src/server.rs,7497,179,164,production,true,false,false,false
crates/arcweft-lsp/src/session/character_definition_tests.rs,20905,569,526,test,true,true,false,false
crates/arcweft-lsp/src/session/lifecycle.rs,7260,187,175,production,true,false,false,false
crates/arcweft-lsp/src/session/overlay_authority.rs,9172,266,227,production,true,false,false,false
crates/arcweft-lsp/src/session/parser_diagnostic_tests.rs,4368,117,109,test,true,true,false,false
crates/arcweft-lsp/src/session/profile_publication.rs,15906,439,421,production,true,false,false,false
crates/arcweft-lsp/src/session/publication_gate_tests.rs,10705,304,274,test,true,true,false,false
crates/arcweft-lsp/src/session/signature.rs,25719,634,613,production,true,false,false,false
crates/arcweft-lsp/src/session/signature_cache_tests/integration_rows.rs,16286,450,417,production,true,false,false,false
crates/arcweft-lsp/src/session/signature_cache_tests/lifecycle.rs,17375,467,437,production,true,false,false,false
crates/arcweft-lsp/src/session/signature_cache_tests.rs,52418,1479,1366,test,true,true,false,false
crates/arcweft-lsp/src/session/signature_stamp_tests.rs,37049,978,931,test,true,true,false,false
crates/arcweft-lsp/src/session/tests.rs,71587,2131,1974,test,true,true,false,false
crates/arcweft-lsp/src/session.rs,33352,797,755,production,true,false,false,false
crates/arcweft-lsp/src/uri_key.rs,732,27,21,production,true,false,false,false
crates/arcweft-lsp/tests/character_completions.rs,6069,188,167,test,true,true,false,false
crates/arcweft-lsp/tests/character_manifest_profile.rs,3872,143,130,test,true,true,false,false
crates/arcweft-lsp/tests/character_nominal_identity.rs,4872,165,149,test,true,true,false,false
crates/arcweft-lsp/tests/dependency_direction.rs,4928,165,152,test,true,true,false,false
crates/arcweft-lsp/tests/fixtures/zundamon.awchar/character.awchar.json,3411,167,167,test,false,true,false,false
crates/arcweft-lsp/tests/public_api.rs,151,4,4,test,true,true,false,false
crates/arcweft-lsp/tests/style_environment.rs,3749,103,98,test,true,true,false,false
crates/arcweft-lsp/tests/ui/document_analysis_raw_text.rs,260,9,7,test,true,true,false,false
crates/arcweft-manifest-model/Cargo.toml,370,18,16,text,false,false,false,false
crates/arcweft-manifest-model/src/canonical.rs,3660,110,100,production,true,false,false,true
crates/arcweft-manifest-model/src/digest.rs,4358,146,119,production,true,false,false,true
crates/arcweft-manifest-model/src/identity.rs,9673,325,278,production,true,false,false,true
crates/arcweft-manifest-model/src/lib.rs,1341,29,25,production,true,false,false,false
crates/arcweft-manifest-model/src/localization.rs,6428,191,164,production,true,false,false,true
crates/arcweft-manifest-model/src/path.rs,2428,85,71,production,true,false,false,true
crates/arcweft-manifest-model/src/schema.rs,9080,334,287,production,true,false,false,true
crates/arcweft-memory/Cargo.toml,213,13,11,text,false,false,false,false
crates/arcweft-memory/src/lib.rs,4980,200,135,production,true,false,false,true
crates/arcweft-need/Cargo.toml,254,16,13,text,false,false,false,false
crates/arcweft-need/src/lib.rs,2647,102,86,production,true,false,false,true
crates/arcweft-player-native/Cargo.toml,2363,75,64,text,false,false,false,false
crates/arcweft-player-native/examples/macos_nstextinputclient_real_ime.rs,20098,502,484,production,true,false,false,false
crates/arcweft-player-native/src/bin/windows_tsf_ime_sample.rs,14316,414,383,production,true,false,false,false
crates/arcweft-player-native/src/clipboard.rs,3704,106,94,production,true,false,false,false
crates/arcweft-player-native/src/dev_capture.rs,21515,568,532,production,true,false,false,true
crates/arcweft-player-native/src/lib.rs,16729,428,398,production,true,false,false,true
crates/arcweft-player-native/src/main.rs,14533,414,374,production,true,false,false,true
crates/arcweft-player-native/src/native_audio.rs,8821,219,211,production,true,false,false,false
crates/arcweft-player-native/src/patch_endpoint.rs,41589,1066,949,production,true,false,false,true
crates/arcweft-player-native/src/scene_windowed/frame_cycle.rs,18720,466,448,production,true,false,false,false
crates/arcweft-player-native/src/scene_windowed/input_cycle.rs,18894,470,449,production,true,false,false,false
crates/arcweft-player-native/src/scene_windowed.rs,41283,1132,1054,production,true,false,false,true
crates/arcweft-player-native/src/text_input_bridge/backend.rs,1954,51,37,production,true,false,false,false
crates/arcweft-player-native/src/text_input_bridge/trace.rs,15988,493,455,production,true,false,false,false
crates/arcweft-player-native/src/text_input_bridge.rs,10886,325,278,production,true,false,false,true
crates/arcweft-player-native/src/window_driver.rs,29489,833,747,production,true,false,false,true
crates/arcweft-player-native/src/windowed_environment_ingress.rs,25217,760,662,production,true,false,false,true
crates/arcweft-player-native/src/windowed_ingress.rs,37127,1078,942,production,true,false,false,true
crates/arcweft-player-native/src/windowed_patch.rs,10907,362,294,production,true,false,false,true
crates/arcweft-player-native/src/windowed_player_ingress.rs,1341,48,37,production,true,false,false,true
crates/arcweft-player-native/src/windowed_runtime.rs,39590,1030,911,production,true,false,false,true
crates/arcweft-player-native/tests/awbc_product_input.rs,227,9,8,test,true,true,false,false
crates/arcweft-player-native/tests/fixtures/windowed_live_patch/README.md,644,15,11,test,false,true,false,false
crates/arcweft-player-native/tests/fixtures/windowed_live_patch/generated/reports/code-generational-task.expected.json,4434,154,154,test,false,true,false,false
crates/arcweft-player-native/tests/fixtures/windowed_live_patch/generated/reports/code-generational.expected.json,4287,167,167,test,false,true,false,false
crates/arcweft-player-native/tests/fixtures/windowed_live_patch/generated/reports/content-only.expected.json,4426,167,167,test,false,true,false,false
crates/arcweft-player-native/tests/fixtures/windowed_live_patch/generated/reports/fixture-manifest.json,5219,104,104,test,false,true,false,false
crates/arcweft-player-native/tests/fixtures/windowed_live_patch/generated/reports/malformed.expected.json,3026,110,110,test,false,true,false,false
crates/arcweft-player-native/tests/fixtures/windowed_live_patch/generated/reports/restart-required.expected.json,4367,149,149,test,false,true,false,false
crates/arcweft-player-native/tests/fixtures/windowed_live_patch/generated/reports/wrong-base.expected.json,3269,110,110,test,false,true,false,false
crates/arcweft-player-native/tests/fixtures/windowed_live_patch/src/await_base.arcw,257,6,4,test,false,true,false,false
crates/arcweft-player-native/tests/fixtures/windowed_live_patch/src/await_code_generational_target.arcw,241,6,3,test,false,true,false,false
crates/arcweft-player-native/tests/fixtures/windowed_live_patch/src/base.arcw,696,19,11,test,false,true,false,false
crates/arcweft-player-native/tests/fixtures/windowed_live_patch/src/code_generational_target.arcw,498,14,8,test,false,true,false,false
crates/arcweft-player-native/tests/fixtures/windowed_live_patch/src/content_target.arcw,546,16,11,test,false,true,false,false
crates/arcweft-player-native/tests/fixtures/windowed_live_patch/src/restart_required_target.arcw,483,14,9,test,false,true,false,false
crates/arcweft-player-native/tests/fixtures/windowed_live_patch/src/wrong_base.arcw,600,17,11,test,false,true,false,false
crates/arcweft-player-native/tests/support/mod.rs,38,1,1,test,true,true,false,false
crates/arcweft-player-native/tests/support/windowed_live_patch_fixtures.rs,51365,1440,1347,test,true,true,false,false
crates/arcweft-player-native/tests/windowed_ingress_runtime.rs,10664,277,262,test,true,true,false,false
crates/arcweft-player-native/tests/windowed_live_patch_smoke.rs,8917,235,215,test,true,true,false,false
crates/arcweft-player-scene/Cargo.toml,1092,38,34,text,false,false,false,false
crates/arcweft-player-scene/src/action_buttons.rs,6712,180,168,production,true,false,false,false
crates/arcweft-player-scene/src/characters.rs,6123,180,149,production,true,false,false,false
crates/arcweft-player-scene/src/control_style.rs,6500,163,150,production,true,false,false,false
crates/arcweft-player-scene/src/controller.rs,8131,246,219,production,true,false,false,false
crates/arcweft-player-scene/src/dialogue.rs,5603,179,154,production,true,false,false,true
crates/arcweft-player-scene/src/fonts.rs,7681,241,208,production,true,false,false,true
crates/arcweft-player-scene/src/frame/focus_navigation.rs,4783,125,115,production,true,false,false,false
crates/arcweft-player-scene/src/frame/surfaces.rs,29976,857,821,production,true,false,false,true
crates/arcweft-player-scene/src/frame/view_geometry/cache.rs,8512,268,232,production,true,false,false,true
crates/arcweft-player-scene/src/frame/view_geometry/conversion.rs,11842,368,353,production,true,false,false,false
crates/arcweft-player-scene/src/frame/view_geometry/error.rs,32894,886,844,production,true,false,false,true
crates/arcweft-player-scene/src/frame/view_geometry/finalize.rs,13028,336,327,production,true,false,false,false
crates/arcweft-player-scene/src/frame/view_geometry/intrinsic.rs,8259,212,194,production,true,false,false,false
crates/arcweft-player-scene/src/frame/view_geometry/measure.rs,7450,194,186,production,true,false,false,false
crates/arcweft-player-scene/src/frame/view_geometry/place.rs,15432,431,419,production,true,false,false,false
crates/arcweft-player-scene/src/frame/view_geometry/tests.rs,20106,562,530,test,true,true,false,false
crates/arcweft-player-scene/src/frame/view_geometry/tree.rs,26541,786,753,production,true,false,false,false
crates/arcweft-player-scene/src/frame/view_geometry.rs,7401,199,178,production,true,false,false,false
crates/arcweft-player-scene/src/frame/view_style/axis_seed.rs,1081,32,28,production,true,false,false,false
crates/arcweft-player-scene/src/frame/view_style/consumer.rs,14134,387,362,production,true,false,false,false
crates/arcweft-player-scene/src/frame/view_style/environment.rs,1791,44,36,production,true,false,false,false
crates/arcweft-player-scene/src/frame/view_style/tests.rs,47412,1347,1287,test,true,true,false,false
crates/arcweft-player-scene/src/frame/view_style.rs,23665,706,666,production,true,false,false,false
crates/arcweft-player-scene/src/frame/view_text.rs,28606,804,769,production,true,false,false,false
crates/arcweft-player-scene/src/frame.rs,32770,944,864,production,true,false,false,false
crates/arcweft-player-scene/src/images.rs,7792,212,199,production,true,false,false,false
crates/arcweft-player-scene/src/input/keyboard.rs,7914,210,199,production,true,false,false,false
crates/arcweft-player-scene/src/input/pointer.rs,16001,413,404,production,true,false,false,false
crates/arcweft-player-scene/src/input/scroll.rs,14778,423,396,production,true,false,false,false
crates/arcweft-player-scene/src/input/state.rs,7326,204,181,production,true,false,false,false
crates/arcweft-player-scene/src/input/tests.rs,36791,1090,995,test,true,true,false,false
crates/arcweft-player-scene/src/input/text_edit.rs,8672,205,200,production,true,false,false,false
crates/arcweft-player-scene/src/input/wheel.rs,8906,263,231,production,true,false,false,true
crates/arcweft-player-scene/src/input.rs,34634,1048,969,production,true,false,false,false
crates/arcweft-player-scene/src/lib.rs,259,12,10,production,true,false,false,false
crates/arcweft-player-scene/src/text_controls.rs,11101,278,253,production,true,false,false,false
crates/arcweft-player-scene/tests/action_button_submit.rs,14833,387,356,test,true,true,false,false
crates/arcweft-player-scene/tests/character_stage.rs,4062,117,110,test,true,true,false,false
crates/arcweft-player-scene/tests/controller_navigation.rs,3570,117,111,test,true,true,false,false
crates/arcweft-player-scene/tests/dialogue_view.rs,9735,250,239,test,true,true,false,false
crates/arcweft-player-scene/tests/fixtures/zundamon.awchar/character.awchar.json,3411,167,167,test,false,true,false,false
crates/arcweft-player-scene/tests/responsive_stage_placement.rs,1760,56,44,test,true,true,false,false
crates/arcweft-player-scene/tests/runtime_control_style_lowering.rs,9511,257,234,test,true,true,false,false
crates/arcweft-player-scene/tests/runtime_text_controls.rs,21231,561,514,test,true,true,false,false
crates/arcweft-player-scene/tests/scroll_regions.rs,28636,766,734,test,true,true,false,false
crates/arcweft-player-scene/tests/view_geometry_transaction.rs,5696,166,149,test,true,true,false,false
crates/arcweft-player-text-input/Cargo.toml,401,21,17,text,false,false,false,false
crates/arcweft-player-text-input/src/lib.rs,583,14,11,production,true,false,false,false
crates/arcweft-player-text-input/src/player_text_input_bridge.rs,20667,598,517,production,true,false,false,true
crates/arcweft-player-text-input/src/text_input_dispatch.rs,25393,707,627,production,true,false,false,true
crates/arcweft-player-web/Cargo.toml,1730,62,57,text,false,false,false,false
crates/arcweft-player-web/src/app/environment.rs,12410,346,319,production,true,false,false,false
crates/arcweft-player-web/src/app/event_loop.rs,2400,69,59,production,true,false,false,false
crates/arcweft-player-web/src/app/handle.rs,12183,339,313,production,true,false,false,false
crates/arcweft-player-web/src/app/registry.rs,6163,203,183,production,true,false,false,false
crates/arcweft-player-web/src/app.rs,36109,967,925,production,true,false,false,false
crates/arcweft-player-web/src/clipboard.rs,5782,173,155,production,true,false,false,false
crates/arcweft-player-web/src/clock.rs,3060,95,85,production,true,false,false,true
crates/arcweft-player-web/src/edit_context.rs,20410,589,530,production,true,false,false,true
crates/arcweft-player-web/src/host.rs,10205,277,251,production,true,false,false,true
crates/arcweft-player-web/src/inset_shadow_exact_capture.rs,28372,794,752,production,true,false,false,false
crates/arcweft-player-web/src/lib.rs,909,29,21,production,true,false,false,false
crates/arcweft-player-web/src/parity.rs,10963,303,283,production,true,false,false,false
crates/arcweft-player-web/src/report.rs,21953,621,576,production,true,false,false,false
crates/arcweft-player-web/src/runtime_text_input.rs,39968,1180,1054,production,true,false,false,true
crates/arcweft-player-web/src/web_text_input.rs,18824,575,501,production,true,false,false,true
crates/arcweft-player-web/tests/input.rs,17252,464,428,test,true,true,false,false
crates/arcweft-player-web/tests/interaction_visual_state.rs,2468,79,72,test,true,true,false,false
crates/arcweft-player-web/tests/parity.rs,38562,1131,1055,test,true,true,false,false
crates/arcweft-player-web/tests/report.rs,340,9,8,test,true,true,false,false
crates/arcweft-player-web/tests/support/mod.rs,457,12,11,test,true,true,false,false
crates/arcweft-player-web/tests/web_text_input_glue.rs,1311,32,28,test,true,true,false,false
crates/arcweft-presentation/Cargo.toml,482,21,18,text,false,false,false,false
crates/arcweft-presentation/src/appearance/environment.rs,23926,755,645,production,true,false,false,false
crates/arcweft-presentation/src/appearance.rs,10326,288,255,production,true,false,false,true
crates/arcweft-presentation/src/character.rs,9285,314,264,production,true,false,false,true
crates/arcweft-presentation/src/clipboard.rs,14715,548,476,production,true,false,false,false
crates/arcweft-presentation/src/focus.rs,10463,420,353,production,true,false,false,true
crates/arcweft-presentation/src/fx/application.rs,5769,180,152,production,true,false,false,false
crates/arcweft-presentation/src/fx/capability.rs,6146,196,171,production,true,false,false,false
crates/arcweft-presentation/src/fx/diagnostic.rs,5490,160,141,production,true,false,false,false
crates/arcweft-presentation/src/fx/evaluator.rs,33000,965,923,production,true,false,false,false
crates/arcweft-presentation/src/fx/graph.rs,34415,1075,984,production,true,false,false,false
crates/arcweft-presentation/src/fx/graph_evaluator.rs,18424,497,469,production,true,false,false,false
crates/arcweft-presentation/src/fx/identity.rs,7956,254,197,production,true,false,false,false
crates/arcweft-presentation/src/fx/plan.rs,9754,301,257,production,true,false,false,false
crates/arcweft-presentation/src/fx/program.rs,30247,923,834,production,true,false,false,false
crates/arcweft-presentation/src/fx/provider.rs,6507,198,169,production,true,false,false,false
crates/arcweft-presentation/src/fx/render_resource.rs,30894,882,799,production,true,false,false,true
crates/arcweft-presentation/src/fx/state.rs,15486,483,417,production,true,false,false,false
crates/arcweft-presentation/src/fx/tests.rs,26570,830,787,test,true,true,false,false
crates/arcweft-presentation/src/fx/value.rs,21367,710,593,production,true,false,false,false
crates/arcweft-presentation/src/fx.rs,2987,72,63,production,true,false,false,false
crates/arcweft-presentation/src/gesture.rs,7011,270,235,production,true,false,false,false
crates/arcweft-presentation/src/hit.rs,5238,208,175,production,true,false,false,false
crates/arcweft-presentation/src/hover.rs,2234,81,66,production,true,false,false,false
crates/arcweft-presentation/src/image.rs,11586,482,399,production,true,false,false,false
crates/arcweft-presentation/src/input.rs,8285,345,268,production,true,false,false,false
crates/arcweft-presentation/src/interaction.rs,6697,232,190,production,true,false,false,false
crates/arcweft-presentation/src/layer.rs,8663,349,291,production,true,false,false,false
crates/arcweft-presentation/src/lib.rs,14912,569,461,production,true,false,false,false
crates/arcweft-presentation/src/replay.rs,18280,573,519,production,true,false,false,false
crates/arcweft-presentation/src/rich_text/authoring_schema/direct_style.rs,8896,271,238,production,true,false,false,false
crates/arcweft-presentation/src/rich_text/authoring_schema/layout.rs,12054,386,345,production,true,false,false,false
crates/arcweft-presentation/src/rich_text/authoring_schema/object.rs,5278,173,145,production,true,false,false,false
crates/arcweft-presentation/src/rich_text/authoring_schema/style.rs,8262,263,232,production,true,false,false,false
crates/arcweft-presentation/src/rich_text/authoring_schema/transform.rs,9989,333,298,production,true,false,false,false
crates/arcweft-presentation/src/rich_text/authoring_schema.rs,474,13,10,production,true,false,false,false
crates/arcweft-presentation/src/rich_text.rs,20834,631,522,production,true,false,false,true
crates/arcweft-presentation/src/router.rs,9766,313,288,production,true,false,false,false
crates/arcweft-presentation/src/semantic.rs,7642,276,239,production,true,false,false,false
crates/arcweft-presentation/src/tests.rs,44514,1396,1302,test,true,true,false,false
crates/arcweft-presentation/src/text_editor.rs,72534,1965,1766,production,true,false,false,true
crates/arcweft-presentation/src/text_index.rs,20988,603,501,production,true,false,false,false
crates/arcweft-presentation/src/text_input.rs,48449,1695,1430,production,true,false,false,true
crates/arcweft-presentation/tests/character_render_spec.rs,3609,112,105,test,true,true,false,false
crates/arcweft-presentation/tests/environment.rs,8125,254,240,test,true,true,false,false
crates/arcweft-presentation/tests/fixtures/zundamon.awchar/character.awchar.json,3411,167,167,test,false,true,false,false
crates/arcweft-presentation/tests/interaction_visual_state.rs,3914,116,102,test,true,true,false,false
crates/arcweft-presentation/tests/rich_text_authoring_schema.rs,9225,263,249,test,true,true,false,false
crates/arcweft-presentation/tests/text_editor_behavior.rs,28201,852,781,test,true,true,false,false
crates/arcweft-presentation/tests/text_index_snapshot.rs,1394,46,37,test,true,true,false,false
crates/arcweft-project/Cargo.toml,518,23,20,text,false,false,false,false
crates/arcweft-project/src/artifact.rs,6708,185,164,production,true,false,false,true
crates/arcweft-project/src/content.rs,18948,569,501,production,true,false,false,true
crates/arcweft-project/src/fingerprint.rs,9456,298,245,production,true,false,false,true
crates/arcweft-project/src/graph.rs,12197,392,345,production,true,false,false,true
crates/arcweft-project/src/incremental.rs,24991,792,690,production,true,false,false,true
crates/arcweft-project/src/layout.rs,4651,149,122,production,true,false,false,true
crates/arcweft-project/src/lib.rs,389,13,8,production,true,false,false,false
crates/arcweft-project/src/persistent_object/codec.rs,62892,1564,1446,production,true,false,false,true
crates/arcweft-project/src/persistent_object/payload.rs,39262,1066,971,production,true,false,false,false
crates/arcweft-project/src/persistent_object/producer_identity.rs,11502,273,244,production,true,false,false,false
crates/arcweft-project/src/persistent_object/schema.rs,15078,408,361,production,true,false,false,false
crates/arcweft-project/src/persistent_object.rs,1560,33,25,production,true,false,false,false
crates/arcweft-project/src/sources.rs,6521,218,185,production,true,false,false,true
crates/arcweft-project/tests/bytecode_link_producer_inventory.rs,1405,42,39,test,true,true,false,false
crates/arcweft-project-loader/Cargo.toml,1183,42,38,text,false,false,false,false
crates/arcweft-project-loader/src/cache/external_payload.rs,28934,804,753,production,true,false,false,true
crates/arcweft-project-loader/src/cache/inspect.rs,44388,1347,1236,production,true,false,false,true
crates/arcweft-project-loader/src/cache/lock.rs,2957,105,95,production,true,false,false,true
crates/arcweft-project-loader/src/cache/network.rs,8981,243,233,production,true,false,false,false
crates/arcweft-project-loader/src/cache/persistent_query/tests.rs,46212,1241,1150,test,true,true,false,false
crates/arcweft-project-loader/src/cache/persistent_query.rs,68849,1828,1724,production,true,false,false,false
crates/arcweft-project-loader/src/cache/record.rs,5022,164,140,production,true,false,false,true
crates/arcweft-project-loader/src/cache/release.rs,59910,1579,1480,production,true,false,false,true
crates/arcweft-project-loader/src/cache/store.rs,13463,430,393,production,true,false,false,true
crates/arcweft-project-loader/src/cache.rs,336,13,8,production,true,false,false,false
crates/arcweft-project-loader/src/character_manifest.rs,5987,179,148,production,true,false,false,true
crates/arcweft-project-loader/src/environment.rs,28287,829,756,production,true,false,false,true
crates/arcweft-project-loader/src/layout.rs,12221,380,331,production,true,false,false,true
crates/arcweft-project-loader/src/lib.rs,395,14,9,production,true,false,false,false
crates/arcweft-project-loader/src/project.rs,27626,836,777,production,true,false,false,true
crates/arcweft-project-loader/src/project_limits.rs,516,23,19,production,true,false,false,false
crates/arcweft-project-loader/src/release_adapter/consume.rs,10623,311,294,production,true,false,false,false
crates/arcweft-project-loader/src/release_adapter/materialize.rs,4310,116,109,production,true,false,false,false
crates/arcweft-project-loader/src/release_adapter/publish/remote/object_directory.rs,4352,128,113,production,true,false,false,false
crates/arcweft-project-loader/src/release_adapter/publish/remote/tests.rs,10965,345,311,test,true,true,false,false
crates/arcweft-project-loader/src/release_adapter/publish/remote.rs,37198,1150,1050,production,true,false,false,false
crates/arcweft-project-loader/src/release_adapter/publish.rs,12455,389,351,production,true,false,false,true
crates/arcweft-project-loader/src/release_adapter/trust.rs,22268,644,605,production,true,false,false,false
crates/arcweft-project-loader/src/release_adapter.rs,381,10,4,production,true,false,false,false
crates/arcweft-project-loader/src/source_document.rs,4060,116,105,production,true,false,false,true
crates/arcweft-project-loader/src/topology/budget.rs,9613,312,290,production,true,false,false,true
crates/arcweft-project-loader/src/topology/external.rs,27603,779,726,production,true,false,false,true
crates/arcweft-project-loader/src/topology/id.rs,6059,189,163,production,true,false,false,true
crates/arcweft-project-loader/src/topology/loader.rs,51744,1341,1295,production,true,false,false,false
crates/arcweft-project-loader/src/topology/loader_limits_tests.rs,655,25,18,test,true,true,false,false
crates/arcweft-project-loader/src/topology/model.rs,35159,1106,981,production,true,false,false,false
crates/arcweft-project-loader/src/topology/tests.rs,50454,1465,1322,test,true,true,false,false
crates/arcweft-project-loader/src/topology.rs,1113,29,25,production,true,false,false,false
crates/arcweft-project-loader/tests/dependency_direction.rs,7502,210,193,test,true,true,false,false
crates/arcweft-project-loader/tests/public_api.rs,178,5,5,test,true,true,false,false
crates/arcweft-project-loader/tests/release_trust_e2e.rs,9526,285,266,test,true,true,false,false
crates/arcweft-project-loader/tests/support/release_trust_fixture.rs,19907,529,493,test,true,true,false,false
crates/arcweft-project-loader/tests/ui/capability_policy_absent.rs,171,7,5,test,true,true,false,false
crates/arcweft-rag/Cargo.toml,257,14,12,text,false,false,false,false
crates/arcweft-rag/src/fusion.rs,2923,98,87,production,true,false,false,true
crates/arcweft-rag/src/lib.rs,104,4,2,production,true,false,false,false
crates/arcweft-rag/src/vector.rs,3412,119,105,production,true,false,false,true
crates/arcweft-ref/Cargo.toml,260,16,13,text,false,false,false,false
crates/arcweft-ref/src/lib.rs,3537,150,102,production,true,false,false,true
crates/arcweft-render-text/Cargo.toml,580,23,20,text,false,false,false,false
crates/arcweft-render-text/src/catalog.rs,6160,186,149,production,true,false,false,false
crates/arcweft-render-text/src/frame.rs,4258,127,104,production,true,false,false,false
crates/arcweft-render-text/src/lib.rs,1950,45,36,production,true,false,false,false
crates/arcweft-render-text/src/playback.rs,37308,1059,954,production,true,false,false,true
crates/arcweft-render-text/src/resolve_frame.rs,17027,509,468,production,true,false,false,false
crates/arcweft-render-text/src/resolved_document.rs,36395,1188,1047,production,true,false,false,false
crates/arcweft-render-text/src/rich_effects.rs,10327,344,285,production,true,false,false,false
crates/arcweft-render-text/src/rich_text.rs,3608,132,115,production,true,false,false,false
crates/arcweft-render-text/src/style.rs,12925,383,355,production,true,false,false,false
crates/arcweft-render-text/tests/frame_resolution.rs,16474,501,467,test,true,true,false,false
crates/arcweft-render-text/tests/resolved_document.rs,15264,471,436,test,true,true,false,false
crates/arcweft-render-web/Cargo.toml,499,21,18,text,false,false,false,false
crates/arcweft-render-web/src/lib.rs,299,8,2,production,true,false,false,false
crates/arcweft-render-web/src/web.rs,8992,250,220,production,true,false,false,false
crates/arcweft-render-wgpu/Cargo.toml,930,36,32,text,false,false,false,false
crates/arcweft-render-wgpu/src/convert.rs,978,27,16,production,true,false,false,false
crates/arcweft-render-wgpu/src/geometry/action_buttons.rs,9114,267,252,production,true,false,false,false
crates/arcweft-render-wgpu/src/geometry/control_style.rs,12070,385,356,production,true,false,false,false
crates/arcweft-render-wgpu/src/geometry/dialogue_prepared/tests.rs,21978,606,574,test,true,true,false,false
crates/arcweft-render-wgpu/src/geometry/dialogue_prepared.rs,27977,751,722,production,true,false,false,false
crates/arcweft-render-wgpu/src/geometry/dialogue_timeline.rs,13002,425,395,production,true,false,false,true
crates/arcweft-render-wgpu/src/geometry/dialogue_transform.rs,2960,77,71,production,true,false,false,false
crates/arcweft-render-wgpu/src/geometry/focus_navigation.rs,10469,328,294,production,true,false,false,false
crates/arcweft-render-wgpu/src/geometry/images.rs,6994,212,193,production,true,false,false,false
crates/arcweft-render-wgpu/src/geometry/prepared_text.rs,4429,126,117,production,true,false,false,false
crates/arcweft-render-wgpu/src/geometry/scroll.rs,11532,345,306,production,true,false,false,false
crates/arcweft-render-wgpu/src/geometry/text_controls.rs,26010,761,718,production,true,false,false,false
crates/arcweft-render-wgpu/src/geometry/view_final.rs,15380,463,413,production,true,false,false,true
crates/arcweft-render-wgpu/src/geometry.rs,71841,2154,1930,production,true,false,false,false
crates/arcweft-render-wgpu/src/lib.rs,684,22,15,production,true,false,false,false
crates/arcweft-render-wgpu/src/offscreen/budget.rs,4205,118,111,production,true,false,false,false
crates/arcweft-render-wgpu/src/offscreen/readback.rs,6568,181,173,production,true,false,false,false
crates/arcweft-render-wgpu/src/offscreen/tests.rs,26710,846,802,test,true,true,false,false
crates/arcweft-render-wgpu/src/offscreen.rs,42211,1170,1056,production,true,false,false,false
crates/arcweft-render-wgpu/src/renderer/prepared_text.rs,13660,420,408,production,true,false,false,false
crates/arcweft-render-wgpu/src/renderer/view_text.rs,8354,253,239,production,true,false,false,false
crates/arcweft-render-wgpu/src/renderer.rs,58429,1657,1570,production,true,false,false,false
crates/arcweft-render-wgpu/src/sample.rs,6661,187,176,production,true,false,false,false
crates/arcweft-render-wgpu/src/text_editor_geometry.rs,14169,417,365,production,true,false,false,true
crates/arcweft-render-wgpu/src/view_blend.rs,3857,127,113,production,true,false,false,true
crates/arcweft-render-wgpu/src/view_box_shadow.rs,20793,634,560,production,true,false,false,true
crates/arcweft-render-wgpu/src/view_clip_path.rs,28261,877,817,production,true,false,false,true
crates/arcweft-render-wgpu/src/view_compositor.rs,56131,1563,1449,production,true,false,false,false
crates/arcweft-render-wgpu/src/view_compositor_uniform.rs,20205,608,564,production,true,false,false,true
crates/arcweft-render-wgpu/src/view_direct_renderer.rs,37089,1095,1024,production,true,false,false,false
crates/arcweft-render-wgpu/src/view_effects.rs,19113,618,543,production,true,false,false,true
crates/arcweft-render-wgpu/src/view_mask.rs,22106,662,610,production,true,false,false,true
crates/arcweft-render-wgpu/src/view_scene/compositing.rs,28546,1065,946,production,true,false,false,true
crates/arcweft-render-wgpu/src/view_scene/core.rs,22388,754,671,production,true,false,false,true
crates/arcweft-render-wgpu/src/view_scene.rs,1799,34,17,production,true,false,false,false
crates/arcweft-render-wgpu/src/view_shaders/compositor.wgsl,26431,663,612,text,false,false,false,false
crates/arcweft-render-wgpu/tests/geometry.rs,41291,1214,1134,test,true,true,false,false
crates/arcweft-render-wgpu/tests/geometry_runtime_control_styles.rs,21317,645,595,test,true,true,false,false
crates/arcweft-render-wgpu/tests/prepared_text.rs,24134,665,628,test,true,true,false,false
crates/arcweft-render-wgpu/tests/runtime_control_backdrop_gpu_smoke.rs,11096,321,299,test,true,true,false,false
crates/arcweft-render-wgpu/tests/view_blend_hsl_modes.rs,1103,35,32,test,true,true,false,false
crates/arcweft-render-wgpu/tests/view_box_shadow_exact_png_golden.rs,5930,188,171,test,true,true,false,false
crates/arcweft-render-wgpu/tests/view_box_shadow_gpu_smoke.rs,6476,188,171,test,true,true,false,false
crates/arcweft-render-wgpu/tests/view_box_shadow_plan.rs,8798,281,255,test,true,true,false,false
crates/arcweft-render-wgpu/tests/view_clip_mask_render_closure.rs,11639,345,326,test,true,true,false,false
crates/arcweft-render-wgpu/tests/view_compositor_gpu_smoke.rs,811,15,4,test,true,true,false,false
crates/arcweft-render-wgpu/tests/view_compositor_gpu_smoke_seq06_13c.rs,2683,64,57,test,true,true,false,false
crates/arcweft-render-wgpu/tests/view_compositor_gpu_smoke_timestamps.rs,1277,23,4,test,true,true,false,false
crates/arcweft-render-wgpu/tests/view_compositor_plan.rs,3523,99,89,test,true,true,false,false
crates/arcweft-render-wgpu/tests/view_scene_player_path.rs,4485,136,122,test,true,true,false,false
crates/arcweft-resource-model/Cargo.toml,587,26,22,text,false,false,false,false
crates/arcweft-resource-model/src/canonical.rs,5288,147,125,production,true,false,false,false
crates/arcweft-resource-model/src/descriptor.rs,15454,573,477,production,true,false,false,false
crates/arcweft-resource-model/src/identity.rs,12011,421,353,production,true,false,false,false
crates/arcweft-resource-model/src/lib.rs,364,12,6,production,true,false,false,false
crates/arcweft-resource-model/src/registry/digest.rs,17744,496,448,production,true,false,false,true
crates/arcweft-resource-model/src/registry/validation.rs,24065,609,589,production,true,false,false,false
crates/arcweft-resource-model/src/registry.rs,17983,512,451,production,true,false,false,true
crates/arcweft-resource-model/src/retained.rs,6604,222,186,production,true,false,false,false
crates/arcweft-resource-model/src/value/reference.rs,13984,388,351,production,true,false,false,false
crates/arcweft-resource-model/src/value.rs,23061,714,618,production,true,false,false,false
crates/arcweft-resource-model/tests/identity_contract.rs,1917,46,40,test,true,true,false,false
crates/arcweft-resource-model/tests/registry_contract.rs,32983,1014,959,test,true,true,false,false
crates/arcweft-resource-model/tests/retained_identity_contract.rs,11642,297,279,test,true,true,false,false
crates/arcweft-resource-model/tests/value_contract.rs,8551,239,225,test,true,true,false,false
crates/arcweft-rich-text-schema/Cargo.toml,223,13,11,text,false,false,false,false
crates/arcweft-rich-text-schema/src/lib.rs,14354,439,283,production,true,false,false,true
crates/arcweft-runtime-accelerator/Cargo.toml,1999,70,63,text,false,false,false,false
crates/arcweft-runtime-accelerator/examples/math_bench.rs,75727,2129,1998,production,true,false,false,true
crates/arcweft-runtime-accelerator/src/accelerator_api.rs,30639,766,738,production,true,false,false,false
crates/arcweft-runtime-accelerator/src/call_backend.rs,76102,1930,1873,production,true,false,false,false
crates/arcweft-runtime-accelerator/src/compile.rs,52529,1550,1471,production,true,false,false,false
crates/arcweft-runtime-accelerator/src/external.rs,49553,1259,1213,production,true,false,false,false
crates/arcweft-runtime-accelerator/src/inference.rs,66806,2010,1829,production,true,false,false,true
crates/arcweft-runtime-accelerator/src/lib.rs,41726,1285,1141,production,true,false,false,false
crates/arcweft-runtime-accelerator/src/math/browser_webgpu/auto_adapter.rs,18607,525,499,production,true,false,false,false
crates/arcweft-runtime-accelerator/src/math/browser_webgpu/context.rs,70375,1862,1781,production,true,false,false,false
crates/arcweft-runtime-accelerator/src/math/browser_webgpu.rs,17150,626,506,production,true,false,false,false
crates/arcweft-runtime-accelerator/src/math/browser_webgpu_policy.rs,9490,273,225,production,true,false,false,false
crates/arcweft-runtime-accelerator/src/math/tests.rs,42195,1102,986,test,true,true,false,false
crates/arcweft-runtime-accelerator/src/math/wgpu_backend.rs,48359,1398,1338,production,true,false,false,false
crates/arcweft-runtime-accelerator/src/math.rs,86092,2340,2190,production,true,false,false,false
crates/arcweft-runtime-accelerator/src/tests.rs,98898,2465,2307,test,true,true,false,false
crates/arcweft-runtime-codegen/Cargo.toml,298,17,14,text,false,false,false,false
crates/arcweft-runtime-codegen/src/artifact.rs,3121,106,91,production,true,false,false,false
crates/arcweft-runtime-codegen/src/awbc_region.rs,11194,322,299,production,true,false,false,false
crates/arcweft-runtime-codegen/src/cache.rs,4606,119,106,production,true,false,false,false
crates/arcweft-runtime-codegen/src/lib.rs,329,13,7,production,true,false,false,false
crates/arcweft-runtime-codegen/src/policy.rs,2029,85,74,production,true,false,false,false
crates/arcweft-runtime-codegen/src/region.rs,14899,429,399,production,true,false,false,false
crates/arcweft-runtime-codegen/src/tests.rs,14887,422,385,test,true,true,false,false
crates/arcweft-runtime-driver/Cargo.toml,930,34,30,text,false,false,false,false
crates/arcweft-runtime-driver/src/clock.rs,2318,79,64,production,true,false,false,true
crates/arcweft-runtime-driver/src/dialogue/store.rs,19836,540,501,production,true,false,false,false
crates/arcweft-runtime-driver/src/dialogue.rs,11492,393,321,production,true,false,false,false
crates/arcweft-runtime-driver/src/display/tests.rs,38467,1126,1044,test,true,true,false,false
crates/arcweft-runtime-driver/src/display.rs,37395,1015,948,production,true,false,false,false
crates/arcweft-runtime-driver/src/fx_runtime.rs,18785,525,492,production,true,false,false,true
crates/arcweft-runtime-driver/src/generation_runtime.rs,8364,243,180,production,true,false,false,true
crates/arcweft-runtime-driver/src/lib.rs,550,20,13,production,true,false,false,false
crates/arcweft-runtime-driver/src/presentation_handles.rs,39458,1171,1081,production,true,false,false,true
crates/arcweft-runtime-driver/src/session/axis_seed.rs,2124,62,53,production,true,false,false,false
crates/arcweft-runtime-driver/src/session/construction.rs,18201,486,462,production,true,false,false,false
crates/arcweft-runtime-driver/src/session/environment.rs,13606,369,332,production,true,false,false,true
crates/arcweft-runtime-driver/src/session/fx.rs,2226,65,55,production,true,false,false,false
crates/arcweft-runtime-driver/src/session/hot_swap.rs,17328,403,381,production,true,false,false,true
crates/arcweft-runtime-driver/src/session/lifecycle.rs,4794,141,110,production,true,false,false,false
crates/arcweft-runtime-driver/src/session/persistence.rs,19881,454,439,production,true,false,false,false
crates/arcweft-runtime-driver/src/session/replay/execute.rs,31200,834,796,production,true,false,false,false
crates/arcweft-runtime-driver/src/session/replay/model.rs,8130,213,194,production,true,false,false,false
crates/arcweft-runtime-driver/src/session/replay/record.rs,13097,324,306,production,true,false,false,false
crates/arcweft-runtime-driver/src/session/replay.rs,130,7,4,production,true,false,false,false
crates/arcweft-runtime-driver/src/session/root_command.rs,10611,298,266,production,true,false,false,false
crates/arcweft-runtime-driver/src/session/text_control.rs,4159,95,87,production,true,false,false,true
crates/arcweft-runtime-driver/src/session/virtualization.rs,3005,81,68,production,true,false,false,false
crates/arcweft-runtime-driver/src/session.rs,47826,1240,1153,production,true,false,false,false
crates/arcweft-runtime-driver/src/session_save.rs,14351,358,325,production,true,false,false,false
crates/arcweft-runtime-driver/src/swap/tests.rs,25877,690,638,test,true,true,false,false
crates/arcweft-runtime-driver/src/swap.rs,27957,854,769,production,true,false,false,false
crates/arcweft-runtime-driver/src/task.rs,15000,451,387,production,true,false,false,true
crates/arcweft-runtime-driver/src/text_control_writeback.rs,3692,116,94,production,true,false,false,false
crates/arcweft-runtime-driver/src/view_projection.rs,11675,336,318,production,true,false,false,false
crates/arcweft-runtime-driver/src/view_runtime/axis_seed.rs,17463,468,432,production,true,false,false,false
crates/arcweft-runtime-driver/src/view_runtime/axis_seed_tests.rs,32793,895,852,test,true,true,false,false
crates/arcweft-runtime-driver/src/view_runtime/catalog/fingerprint.rs,9013,250,231,production,true,false,false,false
crates/arcweft-runtime-driver/src/view_runtime/catalog.rs,21787,573,533,production,true,false,false,false
crates/arcweft-runtime-driver/src/view_runtime/dialogue_acceptance_tests.rs,14369,376,343,test,true,true,false,false
crates/arcweft-runtime-driver/src/view_runtime/evaluator/support.rs,4898,151,142,production,true,false,false,false
crates/arcweft-runtime-driver/src/view_runtime/evaluator/text.rs,12400,325,317,production,true,false,false,false
crates/arcweft-runtime-driver/src/view_runtime/evaluator.rs,67276,1642,1594,production,true,false,false,false
crates/arcweft-runtime-driver/src/view_runtime/owner.rs,9711,278,254,production,true,false,false,false
crates/arcweft-runtime-driver/src/view_runtime/owner_tests.rs,3922,135,125,test,true,true,false,false
crates/arcweft-runtime-driver/src/view_runtime/part.rs,2688,81,70,production,true,false,false,true
crates/arcweft-runtime-driver/src/view_runtime/replacement/reconcile.rs,6628,188,179,production,true,false,false,false
crates/arcweft-runtime-driver/src/view_runtime/replacement.rs,16519,450,409,production,true,false,false,true
crates/arcweft-runtime-driver/src/view_runtime/style_scope.rs,15253,446,398,production,true,false,false,true
crates/arcweft-runtime-driver/src/view_runtime/value.rs,17622,444,424,production,true,false,false,false
crates/arcweft-runtime-driver/src/view_runtime.rs,51419,1343,1217,production,true,false,false,false
crates/arcweft-runtime-driver/tests/awbc_product_session.rs,32740,912,840,test,true,true,false,false
crates/arcweft-runtime-driver/tests/dialogue_restore/mod.rs,7824,226,214,test,true,true,false,false
crates/arcweft-runtime-driver/tests/dialogue_view_store.rs,10258,271,254,test,true,true,false,false
crates/arcweft-runtime-driver/tests/root_command_dispatch.rs,50983,1439,1341,test,true,true,false,false
crates/arcweft-runtime-driver/tests/session.rs,117415,3203,2993,test,true,true,false,false
crates/arcweft-runtime-driver/tests/view_runtime.rs,96397,2659,2554,test,true,true,false,false
crates/arcweft-runtime-host/Cargo.toml,1108,38,34,text,false,false,false,false
crates/arcweft-runtime-host/src/activity_host.rs,9752,317,274,production,true,false,false,true
crates/arcweft-runtime-host/src/bundle_runner/session.rs,8014,214,183,production,true,false,false,false
crates/arcweft-runtime-host/src/bundle_runner.rs,41691,1181,1100,production,true,false,false,true
crates/arcweft-runtime-host/src/capabilities.rs,11632,339,265,production,true,false,false,true
crates/arcweft-runtime-host/src/clipboard_host.rs,5085,161,140,production,true,false,false,false
crates/arcweft-runtime-host/src/lib.rs,2463,51,48,production,true,false,false,false
crates/arcweft-runtime-host/src/native_system.rs,839,25,22,production,true,false,false,false
crates/arcweft-runtime-host/src/native_task.rs,30576,890,803,production,true,false,false,true
crates/arcweft-runtime-host/src/presentation_dispatch.rs,36012,1066,958,production,true,false,false,true
crates/arcweft-runtime-host/src/stats.rs,6646,173,164,production,true,false,false,false
crates/arcweft-runtime-host/src/view_frame.rs,20099,658,594,production,true,false,false,true
crates/arcweft-runtime-host/tests/awbc_product_runner.rs,255,7,6,test,true,true,false,false
crates/arcweft-runtime-host/tests/bundle_runner.rs,12144,347,317,test,true,true,false,false
crates/arcweft-runtime-host/tests/dependency_direction.rs,5029,173,160,test,true,true,false,false
crates/arcweft-runtime-host/tests/view_interaction_dispatch.rs,6524,199,189,test,true,true,false,false
crates/arcweft-runtime-plan/Cargo.toml,762,30,26,text,false,false,false,false
crates/arcweft-runtime-plan/src/assertion.rs,2727,68,53,production,true,false,false,true
crates/arcweft-runtime-plan/src/assertion_identity.rs,5508,152,121,production,true,false,false,true
crates/arcweft-runtime-plan/src/assertion_lower.rs,3902,117,99,production,true,false,false,false
crates/arcweft-runtime-plan/src/audio.rs,12305,299,271,production,true,false,false,false
crates/arcweft-runtime-plan/src/awbc_lower/audio.rs,11639,318,308,production,true,false,false,false
crates/arcweft-runtime-plan/src/awbc_lower/expr.rs,43626,1184,1143,production,true,false,false,false
crates/arcweft-runtime-plan/src/awbc_lower/flow.rs,81431,2194,2102,production,true,false,false,false
crates/arcweft-runtime-plan/src/awbc_lower/frame.rs,5932,206,179,production,true,false,false,false
crates/arcweft-runtime-plan/src/awbc_lower/inventory.rs,54553,1398,1312,production,true,false,false,false
crates/arcweft-runtime-plan/src/awbc_lower/line.rs,903,29,25,production,true,false,false,false
crates/arcweft-runtime-plan/src/awbc_lower/pattern.rs,5956,158,152,production,true,false,false,false
crates/arcweft-runtime-plan/src/awbc_lower/source.rs,18956,478,462,production,true,false,false,false
crates/arcweft-runtime-plan/src/awbc_lower/tests.rs,21281,611,578,test,true,true,false,false
crates/arcweft-runtime-plan/src/awbc_lower/trait_method.rs,9716,266,250,production,true,false,false,false
crates/arcweft-runtime-plan/src/awbc_lower.rs,5418,170,141,production,true,false,false,false
crates/arcweft-runtime-plan/src/errors.rs,12757,395,330,production,true,false,false,false
crates/arcweft-runtime-plan/src/expr/desugar.rs,2835,72,70,production,true,false,false,false
crates/arcweft-runtime-plan/src/expr/effect/tests.rs,3297,97,84,test,true,true,false,false
crates/arcweft-runtime-plan/src/expr/effect.rs,14261,385,358,production,true,false,false,false
crates/arcweft-runtime-plan/src/expr/enum_constructor.rs,2804,98,91,production,true,false,false,false
crates/arcweft-runtime-plan/src/expr/named_callable.rs,6786,193,181,production,true,false,false,false
crates/arcweft-runtime-plan/src/expr/tests.rs,32696,961,849,test,true,true,false,false
crates/arcweft-runtime-plan/src/expr.rs,84592,2384,2246,production,true,false,false,false
crates/arcweft-runtime-plan/src/flow/binding.rs,578,27,22,production,true,false,false,false
crates/arcweft-runtime-plan/src/flow/closure_metadata.rs,1018,34,25,production,true,false,false,false
crates/arcweft-runtime-plan/src/flow/optimizer/usage.rs,19190,512,496,production,true,false,false,false
crates/arcweft-runtime-plan/src/flow/optimizer.rs,10307,326,305,production,true,false,false,false
crates/arcweft-runtime-plan/src/flow/presentation.rs,3946,126,116,production,true,false,false,false
crates/arcweft-runtime-plan/src/flow/pure_helpers.rs,798,26,25,production,true,false,false,false
crates/arcweft-runtime-plan/src/flow/record_projection.rs,12699,357,341,production,true,false,false,false
crates/arcweft-runtime-plan/src/flow/syntax_helpers.rs,3233,104,95,production,true,false,false,false
crates/arcweft-runtime-plan/src/flow/tests.rs,19361,575,545,test,true,true,false,false
crates/arcweft-runtime-plan/src/flow/value_block.rs,895,34,29,production,true,false,false,false
crates/arcweft-runtime-plan/src/flow.rs,77020,2105,1946,production,true,false,false,false
crates/arcweft-runtime-plan/src/function_values.rs,29112,875,820,production,true,false,false,false
crates/arcweft-runtime-plan/src/fx/sampler.rs,19807,533,509,production,true,false,false,false
crates/arcweft-runtime-plan/src/fx/value_lowering.rs,23033,605,566,production,true,false,false,false
crates/arcweft-runtime-plan/src/fx.rs,21751,612,581,production,true,false,false,true
crates/arcweft-runtime-plan/src/host_request.rs,24195,649,602,production,true,false,false,true
crates/arcweft-runtime-plan/src/labels.rs,8035,226,211,production,true,false,false,false
crates/arcweft-runtime-plan/src/lib.rs,374,20,20,production,true,false,false,false
crates/arcweft-runtime-plan/src/line_task.rs,30355,828,770,production,true,false,false,false
crates/arcweft-runtime-plan/src/lowering_context.rs,7540,238,219,production,true,false,false,false
crates/arcweft-runtime-plan/src/pattern.rs,5735,151,137,production,true,false,false,true
crates/arcweft-runtime-plan/src/pure.rs,29965,851,772,production,true,false,false,true
crates/arcweft-runtime-plan/src/render_text/attrs.rs,6428,210,184,production,true,false,false,false
crates/arcweft-runtime-plan/src/render_text/character_profile.rs,5757,185,171,production,true,false,false,false
crates/arcweft-runtime-plan/src/render_text/contributions.rs,13898,407,386,production,true,false,false,false
crates/arcweft-runtime-plan/src/render_text/dialogue_context.rs,6629,183,169,production,true,false,false,false
crates/arcweft-runtime-plan/src/render_text/fx/builtins/inventory.rs,4558,116,106,production,true,false,false,false
crates/arcweft-runtime-plan/src/render_text/fx/builtins/program/attrs.rs,6297,197,177,production,true,false,false,false
crates/arcweft-runtime-plan/src/render_text/fx/builtins/program/value_expr.rs,5846,190,159,production,true,false,false,false
crates/arcweft-runtime-plan/src/render_text/fx/builtins/program.rs,21834,601,577,production,true,false,false,false
crates/arcweft-runtime-plan/src/render_text/fx/builtins.rs,10285,266,239,production,true,false,false,true
crates/arcweft-runtime-plan/src/render_text/fx/contributions.rs,7163,188,179,production,true,false,false,false
crates/arcweft-runtime-plan/src/render_text/fx/expander.rs,11187,297,277,production,true,false,false,false
crates/arcweft-runtime-plan/src/render_text/fx/tests.rs,4467,150,141,test,true,true,false,false
crates/arcweft-runtime-plan/src/render_text/fx.rs,8380,231,214,production,true,false,false,false
crates/arcweft-runtime-plan/src/render_text/helpers.rs,1080,30,26,production,true,false,false,false
crates/arcweft-runtime-plan/src/render_text/inline_failure.rs,5673,156,142,production,true,false,false,false
crates/arcweft-runtime-plan/src/render_text/line.rs,10671,277,262,production,true,false,false,false
crates/arcweft-runtime-plan/src/render_text/raw.rs,12292,347,325,production,true,false,false,false
crates/arcweft-runtime-plan/src/render_text/speaker_preset.rs,6086,186,174,production,true,false,false,false
crates/arcweft-runtime-plan/src/render_text/style_block.rs,6004,184,171,production,true,false,false,false
crates/arcweft-runtime-plan/src/render_text/style_expr.rs,8982,255,236,production,true,false,false,false
crates/arcweft-runtime-plan/src/render_text/tag.rs,24349,669,633,production,true,false,false,true
crates/arcweft-runtime-plan/src/render_text/tests.rs,54216,1720,1606,test,true,true,false,false
crates/arcweft-runtime-plan/src/render_text.rs,693,27,22,production,true,false,false,false
crates/arcweft-runtime-plan/src/source.rs,20394,531,506,production,true,false,false,true
crates/arcweft-runtime-plan/src/trait_methods.rs,11447,299,286,production,true,false,false,false
crates/arcweft-runtime-plan/src/typed_evidence.rs,9904,299,258,production,true,false,false,false
crates/arcweft-runtime-plan/tests/assertion_identity.rs,5779,191,183,test,true,true,false,false
crates/arcweft-runtime-plan/tests/awbc_product_parity.rs,77868,2310,2166,test,true,true,false,false
crates/arcweft-runtime-plan/tests/iterator_witness_awbc.rs,11272,310,291,test,true,true,false,false
crates/arcweft-runtime-plan/tests/runtime_plan.rs,60561,2007,1828,test,true,true,false,false
crates/arcweft-runtime-scheduler/Cargo.toml,276,16,13,text,false,false,false,false
crates/arcweft-runtime-scheduler/src/lib.rs,23039,643,572,production,true,false,false,true
crates/arcweft-rust-abi/Cargo.toml,369,19,16,text,false,false,false,false
crates/arcweft-rust-abi/src/display.rs,5702,144,138,production,true,false,false,false
crates/arcweft-rust-abi/src/identity.rs,9070,289,244,production,true,false,false,true
crates/arcweft-rust-abi/src/lib.rs,4289,126,93,production,true,false,false,false
crates/arcweft-rust-abi/src/model.rs,7932,270,225,production,true,false,false,false
crates/arcweft-rust-abi/src/tests.rs,6849,200,186,test,true,true,false,false
crates/arcweft-rust-abi/src/validation.rs,18418,557,518,production,true,false,false,false
crates/arcweft-rust-abi-build/Cargo.toml,301,15,13,text,false,false,false,false
crates/arcweft-rust-abi-build/src/lib.rs,7640,230,185,production,true,false,false,true
crates/arcweft-rust-abi-macros/Cargo.toml,416,22,18,text,false,false,false,false
crates/arcweft-rust-abi-macros/src/lib.rs,18126,500,471,production,true,false,false,false
crates/arcweft-rust-abi-macros/tests/compile_fail.rs,3550,117,105,test,true,true,false,false
crates/arcweft-rust-abi-macros/tests/export.rs,4279,134,122,test,true,true,false,false
crates/arcweft-rust-abi-macros/tests/ui/reject_const_generic_type.rs,142,8,6,test,true,true,false,false
crates/arcweft-rust-abi-macros/tests/ui/reject_generic_export.rs,126,8,6,test,true,true,false,false
crates/arcweft-rust-abi-macros/tests/ui/reject_lifetime_generic_type.rs,132,8,6,test,true,true,false,false
crates/arcweft-rust-abi-macros/tests/ui/reject_reference_export.rs,164,8,6,test,true,true,false,false
crates/arcweft-rust-abi-macros/tests/ui/reject_reference_field.rs,130,8,6,test,true,true,false,false
crates/arcweft-rust-abi-macros/tests/ui/reject_reference_return.rs,165,8,6,test,true,true,false,false
crates/arcweft-rust-abi-macros/tests/ui/reject_self_receiver_export.rs,192,12,9,test,true,true,false,false
crates/arcweft-save/Cargo.toml,431,20,17,text,false,false,false,false
crates/arcweft-save/src/lib.rs,24236,767,697,production,true,false,false,false
crates/arcweft-save/tests/public_api.rs,183,5,5,test,true,true,false,false
crates/arcweft-save/tests/strict_decode.rs,8475,339,303,test,true,true,false,false
crates/arcweft-save/tests/ui/permissive_typed_json_decoder_removed.rs,114,5,4,test,true,true,false,false
crates/arcweft-serde-bridge/Cargo.toml,441,18,16,text,false,false,false,false
crates/arcweft-serde-bridge/src/lib.rs,1282,31,20,production,true,false,false,false
crates/arcweft-source/Cargo.toml,380,21,17,text,false,false,false,false
crates/arcweft-source/src/diagnostic.rs,13996,484,420,production,true,false,false,true
crates/arcweft-source/src/document.rs,23122,690,592,production,true,false,false,true
crates/arcweft-source/src/identity.rs,2868,90,64,production,true,false,false,true
crates/arcweft-source/src/lib.rs,2522,106,86,production,true,false,false,false
crates/arcweft-test/Cargo.toml,512,21,18,text,false,false,false,false
crates/arcweft-test/src/agent.rs,8564,254,227,production,true,false,false,true
crates/arcweft-test/src/lib.rs,4967,166,136,production,true,false,false,true
crates/arcweft-text-layout/Cargo.toml,475,22,18,text,false,false,false,false
crates/arcweft-text-layout/data/jlreq_pair_adjustments.txt,2338,26,25,text,false,false,false,false
crates/arcweft-text-layout/data/jlreq_punctuation_ranges.txt,9444,202,201,text,false,false,false,false
crates/arcweft-text-layout/src/config.rs,5405,143,110,production,true,false,false,false
crates/arcweft-text-layout/src/document_hash.rs,8108,234,213,production,true,false,false,false
crates/arcweft-text-layout/src/document_layout.rs,34184,968,907,production,true,false,false,false
crates/arcweft-text-layout/src/document_ruby.rs,21350,606,573,production,true,false,false,false
crates/arcweft-text-layout/src/geometry.rs,2173,88,58,production,true,false,false,false
crates/arcweft-text-layout/src/jlreq_punctuation.rs,14353,371,342,production,true,false,false,true
crates/arcweft-text-layout/src/jlreq_punctuation_data.rs,34583,1285,1268,generated,true,false,true,false
crates/arcweft-text-layout/src/lib.rs,1687,43,36,production,true,false,false,false
crates/arcweft-text-layout/src/model.rs,1025,28,16,production,true,false,false,false
crates/arcweft-text-layout/src/shaping.rs,7165,228,183,production,true,false,false,true
crates/arcweft-text-layout/src/text_layout.rs,4962,162,130,production,true,false,false,false
crates/arcweft-text-layout/src/vertical_break/model.rs,9256,267,204,production,true,false,false,false
crates/arcweft-text-layout/src/vertical_break/planner.rs,25886,801,744,production,true,false,false,false
crates/arcweft-text-layout/src/vertical_break/tests.rs,11369,400,365,test,true,true,false,false
crates/arcweft-text-layout/src/vertical_break.rs,781,20,12,production,true,false,false,false
crates/arcweft-text-layout/src/vertical_clusters.rs,8082,225,208,production,true,false,false,false
crates/arcweft-text-layout/src/vertical_orientation.rs,357456,12399,12383,generated,true,false,true,false
crates/arcweft-text-layout/tests/document_layout.rs,19648,611,568,test,true,true,false,false
crates/arcweft-text-layout/tests/fixtures/vertical_break_quality/v1/manifest.json,13801,334,334,test,false,true,false,false
crates/arcweft-text-layout/tests/vertical_break_quality.rs,8531,263,242,test,true,true,false,false
crates/arcweft-tooling/Cargo.toml,561,25,21,text,false,false,false,false
crates/arcweft-tooling/src/agent_repl.rs,29050,916,829,production,true,false,false,true
crates/arcweft-tooling/src/code_actions.rs,1273,48,44,production,true,false,false,false
crates/arcweft-tooling/src/dialogue_content.rs,16430,456,435,production,true,false,false,false
crates/arcweft-tooling/src/edit.rs,1796,55,51,production,true,false,false,false
crates/arcweft-tooling/src/format/view.rs,3954,116,103,production,true,false,false,false
crates/arcweft-tooling/src/format.rs,1532,39,35,production,true,false,false,false
crates/arcweft-tooling/src/lib.rs,410,16,10,production,true,false,false,false
crates/arcweft-tooling/src/model.rs,2970,97,79,production,true,false,false,false
crates/arcweft-tooling/src/rich_text_canonicalization.rs,6950,217,201,production,true,false,false,false
crates/arcweft-tooling/src/style_environment.rs,34388,950,871,production,true,false,false,false
crates/arcweft-tooling/src/tests.rs,10593,319,288,test,true,true,false,false
crates/arcweft-tooling/tests/capability_policy.rs,1290,43,34,test,true,true,false,false
crates/arcweft-tooling/tests/public_api.rs,249,6,6,test,true,true,false,false
crates/arcweft-tooling/tests/style_environment.rs,13962,409,389,test,true,true,false,false
crates/arcweft-tooling/tests/support/mod.rs,672,22,21,test,true,true,false,false
crates/arcweft-tooling/tests/ui/format_source_removed.rs,110,5,4,test,true,true,false,false
crates/arcweft-tooling/tests/ui/source_code_actions_requires_document.rs,108,5,4,test,true,true,false,false
crates/arcweft-tooling/tests/view_export_part.rs,1839,32,25,test,true,true,false,false
crates/arcweft-verify/Cargo.toml,566,25,21,text,false,false,false,false
crates/arcweft-verify/src/assertion.rs,1092,27,23,production,true,false,false,false
crates/arcweft-verify/src/contract_smt.rs,26127,724,677,production,true,false,false,true
crates/arcweft-verify/src/insertion.rs,4785,146,118,production,true,false,false,true
crates/arcweft-verify/src/lib.rs,65290,1905,1735,production,true,false,false,false
crates/arcweft-verify/src/runtime_type.rs,35878,991,919,production,true,false,false,true
crates/arcweft-verify/src/smt.rs,29507,954,826,production,true,false,false,true
crates/arcweft-verify/src/tests.rs,21705,706,647,test,true,true,false,false
crates/arcweft-verify-lsp/Cargo.toml,622,27,23,text,false,false,false,false
crates/arcweft-verify-lsp/src/lib.rs,68170,1810,1630,production,true,false,false,true
crates/arcweft-verify-oxiz/Cargo.toml,348,19,16,text,false,false,false,false
crates/arcweft-verify-oxiz/src/lib.rs,12077,338,314,production,true,false,false,true
crates/arcweft-verify-z3/Cargo.toml,297,17,14,text,false,false,false,false
crates/arcweft-verify-z3/src/lib.rs,11556,343,309,production,true,false,false,true
crates/arcweft-view/Cargo.toml,531,25,21,text,false,false,false,false
crates/arcweft-view/src/dialogue.rs,3438,144,116,production,true,false,false,false
crates/arcweft-view/src/display.rs,16608,483,436,production,true,false,false,false
crates/arcweft-view/src/entity.rs,6861,242,201,production,true,false,false,false
crates/arcweft-view/src/fragment.rs,8068,272,214,production,true,false,false,false
crates/arcweft-view/src/frame.rs,2896,107,91,production,true,false,false,false
crates/arcweft-view/src/fx.rs,10665,367,310,production,true,false,false,true
crates/arcweft-view/src/geometry/box_model.rs,24681,769,728,production,true,false,false,false
crates/arcweft-view/src/geometry/consumer.rs,4696,139,128,production,true,false,false,false
crates/arcweft-view/src/geometry/error.rs,7407,240,224,production,true,false,false,false
crates/arcweft-view/src/geometry/primitives.rs,23563,759,692,production,true,false,false,false
crates/arcweft-view/src/geometry/revision.rs,21767,664,589,production,true,false,false,false
crates/arcweft-view/src/geometry.rs,3031,69,58,production,true,false,false,false
crates/arcweft-view/src/handler.rs,3697,131,109,production,true,false,false,false
crates/arcweft-view/src/image.rs,11707,454,374,production,true,false,false,false
crates/arcweft-view/src/layout.rs,4912,192,154,production,true,false,false,false
crates/arcweft-view/src/lib.rs,8064,171,162,production,true,false,false,false
crates/arcweft-view/src/motion.rs,16817,540,474,production,true,false,false,false
crates/arcweft-view/src/part.rs,15502,493,420,production,true,false,false,true
crates/arcweft-view/src/presentation_image.rs,10682,284,257,production,true,false,false,true
crates/arcweft-view/src/program.rs,34929,1037,920,production,true,false,false,true
crates/arcweft-view/src/reactive.rs,3211,114,93,production,true,false,false,false
crates/arcweft-view/src/semantics.rs,4605,181,149,production,true,false,false,false
crates/arcweft-view/src/style/axis.rs,22922,764,660,production,true,false,false,true
crates/arcweft-view/src/style/cascade.rs,10064,317,273,production,true,false,false,false
crates/arcweft-view/src/style/computed.rs,18765,540,474,production,true,false,false,false
crates/arcweft-view/src/style/environment.rs,17518,549,491,production,true,false,false,false
crates/arcweft-view/src/style/property/geometry.rs,4174,118,116,production,true,false,false,false
crates/arcweft-view/src/style/property.rs,38630,1133,1051,production,true,false,false,false
crates/arcweft-view/src/style/resolver/axis.rs,5633,171,162,production,true,false,false,false
crates/arcweft-view/src/style/resolver/cache.rs,11114,322,286,production,true,false,false,false
crates/arcweft-view/src/style/resolver/environment.rs,1692,58,48,production,true,false,false,false
crates/arcweft-view/src/style/resolver/matching.rs,6365,176,166,production,true,false,false,false
crates/arcweft-view/src/style/resolver/provider.rs,20768,569,537,production,true,false,false,true
crates/arcweft-view/src/style/resolver.rs,29285,799,727,production,true,false,false,false
crates/arcweft-view/src/style/selector/codec.rs,1598,52,46,production,true,false,false,false
crates/arcweft-view/src/style/selector.rs,7858,272,227,production,true,false,false,false
crates/arcweft-view/src/style/sheet/codec.rs,3835,137,123,production,true,false,false,false
crates/arcweft-view/src/style/sheet.rs,32260,1027,902,production,true,false,false,false
crates/arcweft-view/src/style/trace.rs,4296,158,137,production,true,false,false,false
crates/arcweft-view/src/style/value/codec.rs,3876,132,117,production,true,false,false,false
crates/arcweft-view/src/style/value.rs,25794,923,801,production,true,false,false,false
crates/arcweft-view/src/style.rs,6612,193,166,production,true,false,false,false
crates/arcweft-view/src/tests/display_frame.rs,7150,238,228,test,true,true,false,false
crates/arcweft-view/src/tests/entity_reactive_registry.rs,7462,240,215,test,true,true,false,false
crates/arcweft-view/src/tests/fragment_layout.rs,5970,212,201,test,true,true,false,false
crates/arcweft-view/src/tests/image.rs,3918,131,123,test,true,true,false,false
crates/arcweft-view/src/tests/semantics.rs,4004,134,123,test,true,true,false,false
crates/arcweft-view/src/tests.rs,96,5,5,test,true,true,false,false
crates/arcweft-view/src/text_field/policy_tests.rs,6280,172,160,test,true,true,false,false
crates/arcweft-view/src/text_field/tests.rs,2912,92,81,test,true,true,false,false
crates/arcweft-view/src/text_field.rs,40103,1194,1083,production,true,false,false,false
crates/arcweft-view/src/text_source.rs,3180,133,105,production,true,false,false,false
crates/arcweft-view/src/value_program.rs,26986,849,761,production,true,false,false,true
crates/arcweft-view/src/view/identity.rs,11431,362,298,production,true,false,false,true
crates/arcweft-view/src/view/registry.rs,8445,270,214,production,true,false,false,true
crates/arcweft-view/src/view.rs,3136,98,69,production,true,false,false,false
crates/arcweft-view/src/virtualization.rs,21264,622,537,production,true,false,false,false
crates/arcweft-view/tests/computed_style.rs,30460,990,947,test,true,true,false,false
crates/arcweft-view/tests/geometry_contract.rs,24095,723,686,test,true,true,false,false
crates/arcweft-view/tests/interaction_routing.rs,13861,426,407,test,true,true,false,false
crates/arcweft-view/tests/logical_axes.rs,7602,249,241,test,true,true,false,false
crates/arcweft-view/tests/logical_axis_cascade.rs,17041,496,473,test,true,true,false,false
crates/arcweft-view/tests/logical_axis_host_seed.rs,3681,107,100,test,true,true,false,false
crates/arcweft-view/tests/logical_axis_provider.rs,62091,2118,2066,test,true,true,false,false
crates/arcweft-view/tests/motion_transitions.rs,5189,170,151,test,true,true,false,false
crates/arcweft-view/tests/style_environment.rs,19179,611,579,test,true,true,false,false
crates/arcweft-view/tests/style_metadata.rs,12393,338,314,test,true,true,false,false
crates/arcweft-view/tests/style_sheet.rs,31606,942,897,test,true,true,false,false
crates/arcweft-view/tests/virtualization.rs,10137,334,310,test,true,true,false,false
deny.toml,501,29,27,text,false,false,false,false
docs/00-overview/README.md,476,14,11,text,false,false,false,false
docs/00-overview/architecture.md,6139,131,90,text,false,false,false,false
docs/00-overview/code-fences.md,1896,54,40,text,false,false,false,false
docs/00-overview/crate-map.md,12991,263,247,text,false,false,false,false
docs/00-overview/decisions.md,11669,344,251,text,false,false,false,false
docs/00-overview/feature-matrix.md,5568,105,89,text,false,false,false,false
docs/00-overview/implementation-guide.md,3834,153,108,text,false,false,false,false
docs/00-overview/naming.md,6968,268,204,text,false,false,false,false
docs/00-overview/roadmap.md,1866,79,59,text,false,false,false,false
docs/00-overview/runtime-boundary-refactor.md,20365,676,503,text,false,false,false,false
docs/00-overview/terminology.md,1451,22,21,text,false,false,false,false
docs/01-language/README.md,2138,36,35,text,false,false,false,false
docs/01-language/adt.md,1927,103,76,text,false,false,false,false
docs/01-language/await-need-result.md,6033,234,173,text,false,false,false,false
docs/01-language/block-scopes.md,6402,277,213,text,false,false,false,false
docs/01-language/character-dialogue.md,3842,166,130,text,false,false,false,false
docs/01-language/contracts.md,2424,110,88,text,false,false,false,false
docs/01-language/control-transfer-return-out-yield.md,4446,193,146,text,false,false,false,false
docs/01-language/dialogue-calls-scopes-cancellation.md,20829,809,617,text,false,false,false,false
docs/01-language/dialogue-character-methods-and-views.md,23528,894,667,text,false,false,false,false
docs/01-language/dialogue-control-tags-and-ruby.md,24185,697,531,text,false,false,false,false
docs/01-language/dialogue-line-handles-and-returns.md,11269,440,326,text,false,false,false,false
docs/01-language/dialogue-views-and-hooks.md,7443,229,186,text,false,false,false,false
docs/01-language/entries-and-capabilities.md,8467,319,245,text,false,false,false,false
docs/01-language/error-trace-context.md,6226,281,221,text,false,false,false,false
docs/01-language/expression-control-flow.md,3789,245,185,text,false,false,false,false
docs/01-language/functions-and-pipeline.md,8152,278,205,text,false,false,false,false
docs/01-language/grammar.md,33665,784,654,text,false,false,false,false
docs/01-language/hooks-and-memoization.md,4436,117,90,text,false,false,false,false
docs/01-language/ids-and-references.md,15357,523,403,text,false,false,false,false
docs/01-language/literals-and-primitives.md,8611,353,272,text,false,false,false,false
docs/01-language/localization-dialogue.md,15196,573,426,text,false,false,false,false
docs/01-language/macros-precompile.md,1716,86,64,text,false,false,false,false
docs/01-language/modules.md,4495,172,134,text,false,false,false,false
docs/01-language/never-bottom-type.md,3284,169,123,text,false,false,false,false
docs/01-language/parsing.md,2593,88,69,text,false,false,false,false
docs/01-language/patterns-and-bindings.md,3564,159,118,text,false,false,false,false
docs/01-language/proofs-and-unsafe-audits.md,7324,222,167,text,false,false,false,false
docs/01-language/result-option-context.md,6673,261,198,text,false,false,false,false
docs/01-language/scenario-surface-syntax.md,18816,691,520,text,false,false,false,false
docs/01-language/semicolon-policy.md,2086,127,88,text,false,false,false,false
docs/01-language/standard-types-and-prelude.md,9327,348,279,text,false,false,false,false
docs/01-language/state-flow-reducer.md,3044,129,103,text,false,false,false,false
docs/01-language/syntax.md,7142,238,182,text,false,false,false,false
docs/01-language/traits-seq-ranges.md,11080,455,351,text,false,false,false,false
docs/01-language/types-and-effects.md,1908,120,88,text,false,false,false,false
docs/02-runtime/README.md,772,17,16,text,false,false,false,false
docs/02-runtime/activity.md,2374,88,69,text,false,false,false,false
docs/02-runtime/async-scheduler.md,7693,235,200,text,false,false,false,false
docs/02-runtime/control-flow-runtime.md,5429,203,160,text,false,false,false,false
docs/02-runtime/core.md,20682,492,425,text,false,false,false,false
docs/02-runtime/cranelift-jit.md,13298,283,241,text,false,false,false,false
docs/02-runtime/device-streams.md,6650,253,196,text,false,false,false,false
docs/02-runtime/error-diagnostics-stacktrace.md,4792,223,183,text,false,false,false,false
docs/02-runtime/executable-runtime-core.md,47135,1037,875,text,false,false,false,false
docs/02-runtime/hooks-memoization.md,3542,94,73,text,false,false,false,false
docs/02-runtime/layered-input.md,12791,562,429,text,false,false,false,false
docs/02-runtime/memory-ipc.md,1337,77,61,text,false,false,false,false
docs/02-runtime/plugins.md,6100,151,129,text,false,false,false,false
docs/02-runtime/product-awbc-runtime-step-parity.md,9821,229,176,text,false,false,false,false
docs/02-runtime/runtime-step-and-executors.md,7961,225,184,text,false,false,false,false
docs/02-runtime/save-replay.md,1585,77,62,text,false,false,false,false
docs/02-runtime/streams-generators.md,7151,276,207,text,false,false,false,false
docs/03-presentation/README.md,1099,23,22,text,false,false,false,false
docs/03-presentation/audio.md,9559,405,314,text,false,false,false,false
docs/03-presentation/capture-devices.md,15058,423,322,text,false,false,false,false
docs/03-presentation/character-stage.md,14049,533,408,text,false,false,false,false
docs/03-presentation/device-generator-and-usb.md,10901,392,301,text,false,false,false,false
docs/03-presentation/device-io-usb.md,6621,265,202,text,false,false,false,false
docs/03-presentation/html-servo-dom.md,1630,72,53,text,false,false,false,false
docs/03-presentation/image-presentation-objects.md,5975,139,117,text,false,false,false,false
docs/03-presentation/layered-rendering.md,8659,400,320,text,false,false,false,false
docs/03-presentation/layers-and-input.md,18508,737,573,text,false,false,false,false
docs/03-presentation/layers.md,14630,574,451,text,false,false,false,false
docs/03-presentation/render-input-layers.md,17122,788,611,text,false,false,false,false
docs/03-presentation/rich-text-effects-transforms.md,15533,357,281,text,false,false,false,false
docs/03-presentation/text-presentation-objects.md,10522,206,176,text,false,false,false,false
docs/03-presentation/text-typesetting.md,7377,221,180,text,false,false,false,false
docs/03-presentation/touch-virtual-controller.md,6167,245,190,text,false,false,false,false
docs/03-presentation/usb-devices.md,773,24,18,text,false,false,false,false
docs/03-presentation/vector-svg.md,1459,93,75,text,false,false,false,false
docs/03-presentation/view-input-text-field.md,1332,37,27,text,false,false,false,false
docs/03-presentation/view-reactive.md,10642,251,202,text,false,false,false,false
docs/03-presentation/virtual-controller.md,860,25,19,text,false,false,false,false
docs/03-presentation/wgpu-renderer.md,1353,65,51,text,false,false,false,false
docs/03-presentation/wgsl-shaders.md,2319,110,91,text,false,false,false,false
docs/04-tooling/README.md,328,9,8,text,false,false,false,false
docs/04-tooling/agent-debug-mcp-cli.md,23664,437,402,text,false,false,false,false
docs/04-tooling/agent-observe-capture-contract.md,23133,513,432,text,false,false,false,false
docs/04-tooling/cli.md,86566,1432,1301,text,false,false,false,false
docs/04-tooling/graph-rag-jj.md,2395,141,119,text,false,false,false,false
docs/04-tooling/logging-signal-test-bench.md,4250,180,135,text,false,false,false,false
docs/04-tooling/lsp.md,13585,294,256,text,false,false,false,false
docs/04-tooling/verification.md,5720,173,143,text,false,false,false,false
docs/05-build-and-security/README.md,289,8,6,text,false,false,false,false
docs/05-build-and-security/authored-resource-storage.md,6226,126,102,text,false,false,false,false
docs/05-build-and-security/device-generator.md,6137,287,210,text,false,false,false,false
docs/05-build-and-security/native-web-build.md,5612,145,119,text,false,false,false,false
docs/05-build-and-security/packaging.md,12620,282,253,text,false,false,false,false
docs/05-build-and-security/product-awfb-bytecode.md,1226,18,13,text,false,false,false,false
docs/05-build-and-security/security.md,6843,163,111,text,false,false,false,false
docs/README.md,4752,77,66,text,false,false,false,false
docs/design/cross-platform-clipboard-text-control-contract.md,15668,305,224,text,false,false,false,false
docs/design/seq-04-5-deferred-runtime-bytecode-link.md,2241,31,19,text,false,false,false,false
docs/design/seq-06.10-cross-backend-text-raster-parity.md,8038,227,174,text,false,false,false,false
docs/design/seq-06.10a-styled-paragraph-layout.md,4606,113,75,text,false,false,false,false
docs/design/seq-06.10b-styled-paragraph-raster-evidence-closure.md,4856,86,58,text,false,false,false,false
docs/design/seq-06.11a-css-computed-style-direct-paint-extractor.md,6590,181,133,text,false,false,false,false
docs/design/seq-06.11a-unsupported-css-diagnostics.md,2046,57,44,text,false,false,false,false
docs/design/seq-06.11b-frame-paint-contract.md,4729,128,94,text,false,false,false,false
docs/design/seq-06.11b-view-scene-compositor-player-path-integration.md,2727,64,52,text,false,false,false,false
docs/design/seq-06.12-css-layout-cascade-coverage.md,5556,130,96,text,false,false,false,false
docs/design/seq-06.12-css-layout-cascade-support-matrix.md,5601,50,45,text,false,false,false,false
docs/design/seq-06.13-css-motion-effects-coverage-design.md,7891,174,130,text,false,false,false,false
docs/design/seq-06.13a-clip-path-mask-render-closure-design.md,4646,139,100,text,false,false,false,false
docs/design/seq-06.13b-box-shadow-and-blend-render-closure-design.md,2248,60,47,text,false,false,false,false
docs/design/seq-06.13c-vector-clip-advanced-mask-render-closure-design.md,10550,192,120,text,false,false,false,false
docs/design/seq-06.13d-css-box-shadow-lowering-design.md,5216,134,102,text,false,false,false,false
docs/design/seq-06.13e-css-inset-box-shadow-rendering-design.md,5470,131,100,text,false,false,false,false
docs/design/seq-06.13e.2-per-corner-elliptical-box-shadow-radius-contract-design.md,7150,179,137,text,false,false,false,false
docs/design/seq-06.16.4-runtime-control-style-contract.md,8109,184,144,text,false,false,false,false
docs/design/seq-06.16.4.1-runtime-control-backdrop-filter-contract.md,5325,164,122,text,false,false,false,false
docs/design/seq-06.16.6-scoped-presentation-resource-handles.md,14623,390,305,text,false,false,false,false
docs/design/seq-06.9a-ui-compositing-scene-contract-design.md,6725,167,128,text,false,false,false,false
docs/design/seq-06.9b-wgpu-ui-compositor-effects-design.md,3731,88,66,text,false,false,false,false
docs/design/seq-06.9c-compositing-capture-goldens-design.md,3354,84,62,text,false,false,false,false
docs/design/seq06.14-responsive-stage-placement.md,7516,134,96,text,false,false,false,false
docs/design/seq06.15-awchar-character-stage-runtime-lsp.md,7546,149,104,text,false,false,false,false
docs/design/unified-text-dialogue-view-fx-final-design-2026-07-12.md,26994,646,512,text,false,false,false,false
docs/design/view-text-control-layout-bounds-resource-contract-2026-07-04.md,5704,149,112,text,false,false,false,false
docs/examples/README.md,821,18,17,text,false,false,false,false
docs/examples/audio.md,1324,45,34,text,false,false,false,false
docs/examples/capture-devices.md,3187,119,96,text,false,false,false,false
docs/examples/concise-dialogue-and-localization.md,5584,187,147,text,false,false,false,false
docs/examples/control-flow-patterns.arcw.md,1690,68,54,text,false,false,false,false
docs/examples/device-io-usb.md,1910,81,64,text,false,false,false,false
docs/examples/device-usb-virtual-controller.md,3902,150,119,text,false,false,false,false
docs/examples/error-context.arcw.md,1351,44,34,text,false,false,false,false
docs/examples/hooks-memoization.md,1167,38,32,text,false,false,false,false
docs/examples/layered-scene-input.md,1812,88,68,text,false,false,false,false
docs/examples/layers-input.md,1870,91,73,text,false,false,false,false
docs/examples/opening-flow.md,1392,47,35,text,false,false,false,false
docs/examples/product-awfb-awbc-v1-manifest.json,367,17,17,text,false,false,false,false
docs/examples/reactive-view.md,590,25,23,text,false,false,false,false
docs/examples/scope-relative-ids.md,2690,95,73,text,false,false,false,false
docs/examples/shader.md,749,29,25,text,false,false,false,false
docs/examples/touch-virtual-controller.md,1432,64,53,text,false,false,false,false
docs/examples/usb-and-virtual-controller.md,3564,146,119,text,false,false,false,false
docs/examples/usb-devices-and-virtual-controller.md,3546,157,119,text,false,false,false,false
docs/examples/virtual-controller.md,1498,65,51,text,false,false,false,false
docs/fixtures/native/modern_feedback_view_runtime_control_style_smoke.json,3095,157,157,text,false,false,false,false
docs/fixtures/native/seq06_13d_box_shadow_smoke.json,1019,28,28,text,false,false,false,false
docs/fixtures/native/seq06_13e1_inset_box_shadow_exact_golden.json,3213,85,85,text,false,false,false,false
docs/fixtures/native/seq06_13e2_per_corner_elliptical_box_shadow_smoke.json,1062,30,30,text,false,false,false,false
docs/fixtures/native/seq06_13e_inset_box_shadow_smoke.json,1229,31,31,text,false,false,false,false
docs/fixtures/native-style/seq06.13e-inset-box-shadow-card.arcw,1011,40,39,text,false,false,false,false
docs/fixtures/retained-view/seq06_13c_retained_view_fixture.rs,3919,93,87,production,true,false,false,false
docs/fixtures/web/modern_feedback_view_runtime_control_style_smoke.json,3089,157,157,text,false,false,false,false
docs/fixtures/web/seq06_13d_box_shadow_smoke.json,1019,28,28,text,false,false,false,false
docs/fixtures/web/seq06_13e1_inset_box_shadow_exact_golden.json,4122,96,96,text,false,false,false,false
docs/fixtures/web/seq06_13e2_per_corner_elliptical_box_shadow_smoke.json,1059,30,30,text,false,false,false,false
docs/fixtures/web/seq06_13e_inset_box_shadow_smoke.json,1226,31,31,text,false,false,false,false
docs/implementation/2026-06-27-view-style-text-input-wgpu-post-seq02.4-plan.md,4665,77,60,text,false,false,false,false
docs/implementation/2026-06-28-seq-02-6-02-7-adapter-validation.md,2857,68,56,text,false,false,false,false
docs/implementation/2026-06-28-seq-02-6-02-7-awfr-signing-boundary.md,8479,244,184,text,false,false,false,false
docs/implementation/2026-06-28-seq-02-6-02-7-remaining-work.md,3344,71,48,text,false,false,false,false
docs/implementation/2026-06-28-seq-02.4.1-view-style-text-input-resource-codecs.md,9819,242,182,text,false,false,false,false
docs/implementation/2026-06-29-seq-02-10-remote-publication-backend.md,6899,156,127,text,false,false,false,false
docs/implementation/2026-06-30-css-style-parity-startup-scale-profile.md,4491,110,83,text,false,false,false,false
docs/implementation/2026-06-30-reactive-view-style-sample.md,4873,98,76,text,false,false,false,false
docs/implementation/2026-07-01-agent-observe-player-path-convergence.md,3462,74,55,text,false,false,false,false
docs/implementation/2026-07-02-dsl-trait-impl-associated-type-substrate.md,3371,63,47,text,false,false,false,false
docs/implementation/2026-07-02-runtime-range-iterator-and-numeric-defaults.md,3165,59,46,text,false,false,false,false
docs/implementation/2026-07-03-dsl-text-input-submit-flow.md,3152,56,48,text,false,false,false,false
docs/implementation/2026-07-03-seq-08.3.1-awbc-trait-method-call-table-and-vm-closure.md,3560,50,40,text,false,false,false,false
docs/implementation/2026-07-04-component-scoped-render-capture.md,2656,44,33,text,false,false,false,false
docs/implementation/2026-07-04-text-control-visual-navigation-and-component-capture.md,2925,67,52,text,false,false,false,false
docs/implementation/2026-07-05-runtime-control-css-radius-filter-frame-fit.md,6299,100,88,text,false,false,false,false
docs/implementation/2026-07-06-dialogue-speaker-display-label.md,1555,38,27,text,false,false,false,false
docs/implementation/2026-07-07-call-select-unification-refactor.md,2368,31,23,text,false,false,false,false
docs/implementation/2026-07-07-functions-closures-pipeline-language-stack.md,132892,1938,1839,text,false,false,false,false
docs/implementation/2026-07-08-samples-dsl-canonical-decl-identity.md,3509,74,58,text,false,false,false,false
docs/implementation/2026-07-08-selectable-static-view-text-blocks.md,2344,40,26,text,false,false,false,false
docs/implementation/2026-07-14-aw-ah-009-character-nominal-type-identity.md,12800,226,179,text,false,false,false,false
docs/implementation/2026-07-15-proof-concurrency-borrow-kind-substrate.md,2635,45,37,text,false,false,false,false
docs/implementation/2026-07-15-proof-concurrency-v6.1-surface-hir-identity.md,14668,243,223,text,false,false,false,false
docs/implementation/2026-07-16-aw-ah-009-1-1-character-nominal-registration-production-reconciliation.md,7440,131,110,text,false,false,false,false
docs/implementation/2026-07-16-aw-ah-009-2-1-1-launch-profile-overlay.md,6006,120,95,text,false,false,false,false
docs/implementation/2026-07-16-aw-ah-009-2-1-character-definition-source-index.md,7745,126,108,text,false,false,false,false
docs/implementation/2026-07-16-aw-ah-009-3-2-accepted-hir-request-lifecycle.md,7932,129,113,text,false,false,false,false
docs/implementation/2026-07-16-aw-ah-009-3-production-reconciliation-audit.md,9545,147,118,text,false,false,false,false
docs/implementation/2026-07-16-aw-ah-009-3-signature-help-decided-substrate.md,6508,129,105,text,false,false,false,false
docs/implementation/2026-07-16-current-grammar-parser-cleanup.md,4649,76,63,text,false,false,false,false
docs/implementation/2026-07-16-lang-01-scaffold-declaration-removal.md,5175,117,96,text,false,false,false,false
docs/implementation/2026-07-16-native-style-trace-decided-substrate.md,7335,135,108,text,false,false,false,false
docs/implementation/2026-07-16-proof-concurrency-v6-1-1-stage-0-event-builder.md,5112,102,85,text,false,false,false,false
docs/implementation/2026-07-16-proof-concurrency-v6-1-1-stage-1-bracket-call-expressions.md,3683,80,63,text,false,false,false,false
docs/implementation/2026-07-16-proof-concurrency-v6-1-1-stage-1-closure-expressions.md,3173,72,56,text,false,false,false,false
docs/implementation/2026-07-16-proof-concurrency-v6-1-1-stage-1-control-expressions.md,3488,77,61,text,false,false,false,false
docs/implementation/2026-07-16-proof-concurrency-v6-1-1-stage-1-declaration-diagnostics.md,3016,68,52,text,false,false,false,false
docs/implementation/2026-07-16-proof-concurrency-v6-1-1-stage-1-dialogue-context.md,4369,95,76,text,false,false,false,false
docs/implementation/2026-07-16-proof-concurrency-v6-1-1-stage-1-document-lexer.md,3816,74,60,text,false,false,false,false
docs/implementation/2026-07-16-proof-concurrency-v6-1-1-stage-1-expression-events.md,3341,74,58,text,false,false,false,false
docs/implementation/2026-07-16-proof-concurrency-v6-1-1-stage-1-function-grammar.md,4474,93,73,text,false,false,false,false
docs/implementation/2026-07-16-proof-concurrency-v6-1-1-stage-1-header-recovery.md,3367,75,59,text,false,false,false,false
docs/implementation/2026-07-16-proof-concurrency-v6-1-1-stage-1-item-dispatch.md,4701,98,78,text,false,false,false,false
docs/implementation/2026-07-16-proof-concurrency-v6-1-1-stage-1-multiline-declarations.md,2769,61,47,text,false,false,false,false
docs/implementation/2026-07-16-proof-concurrency-v6-1-1-stage-1-outer-prefixes.md,3183,70,56,text,false,false,false,false
docs/implementation/2026-07-16-proof-concurrency-v6-1-1-stage-1-predicate-proof-shadow.md,5436,107,88,text,false,false,false,false
docs/implementation/2026-07-16-proof-concurrency-v6-1-1-stage-1-record-block-expressions.md,3551,81,64,text,false,false,false,false
docs/implementation/2026-07-16-proof-concurrency-v6-1-1-stage-1-statement-context-correction.md,2483,57,44,text,false,false,false,false
docs/implementation/2026-07-16-proof-concurrency-v6-1-1-stage-1-statement-events.md,3996,93,72,text,false,false,false,false
docs/implementation/2026-07-16-proof-concurrency-v6-1-1-stage-1-type-pattern-events.md,3986,87,68,text,false,false,false,false
docs/implementation/2026-07-16-removed-borrow-block-final-deletion.md,2668,54,42,text,false,false,false,false
docs/implementation/2026-07-16-top-level-declaration-reduction.md,7190,144,112,text,false,false,false,false
docs/implementation/2026-07-17-aw-ah-009-2-1-3-shared-query-budget-cut-1.md,5862,107,89,text,false,false,false,false
docs/implementation/2026-07-17-aw-ah-009-2-1-3-shared-query-budget-sema-cuts-2-4.md,12951,205,177,text,false,false,false,false
docs/implementation/2026-07-17-aw-ah-009-3-3-callable-catalog-cut-1.md,6622,135,108,text,false,false,false,false
docs/implementation/2026-07-17-aw-ah-009-3-3-callable-catalog-cut-2-and-curried-correction.md,13958,258,205,text,false,false,false,false
docs/implementation/2026-07-17-aw-ah-009-3-3-callable-catalog-cut-3-registered-free-project-environment.md,8619,166,137,text,false,false,false,false
docs/implementation/2026-07-17-lang-01-2-agent-artifact-stage-4.md,2478,53,40,text,false,false,false,false
docs/implementation/2026-07-17-lang-01-2-binding-validation-stage-2.md,8800,129,105,text,false,false,false,false
docs/implementation/2026-07-17-lang-01-2-entry-binding-stage-1.md,16949,290,248,text,false,false,false,false
docs/implementation/2026-07-17-lang-01-2-runtime-stage-3.md,14220,213,177,text,false,false,false,false
docs/implementation/2026-07-17-lang-01-4-typed-resource-shadow-grammar-cut-1a.md,6199,125,104,text,false,false,false,false
docs/implementation/2026-07-17-lang-01-6-verification-trust-signing-policy-cut-1a.md,3151,75,57,text,false,false,false,false
docs/implementation/2026-07-17-lang-01-6-verification-trust-wire-model-cut-1b.md,5231,104,84,text,false,false,false,false
docs/implementation/2026-07-17-proof-concurrency-v6-1-1-stage-1-extern-capability.md,6913,139,112,text,false,false,false,false
docs/implementation/2026-07-17-proof-concurrency-v6-1-1-stage-1-flow-header.md,5408,111,89,text,false,false,false,false
docs/implementation/2026-07-17-proof-concurrency-v6-1-1-stage-1-module-use-grammar.md,3750,81,63,text,false,false,false,false
docs/implementation/2026-07-17-proof-concurrency-v6-1-1-stage-1-nominal-types.md,4727,104,82,text,false,false,false,false
docs/implementation/2026-07-17-proof-concurrency-v6-1-1-stage-1-test-bench.md,5964,117,95,text,false,false,false,false
docs/implementation/2026-07-17-proof-concurrency-v6-1-1-stage-1-trait-impl.md,5500,113,90,text,false,false,false,false
docs/implementation/2026-07-17-proof-concurrency-v6-1-1-stage-1-transaction-budgets.md,5736,119,97,text,false,false,false,false
docs/implementation/2026-07-18-aw-ah-009-3-3-2-typed-external-project-binding-path-publication.md,10516,180,154,text,false,false,false,false
docs/implementation/2026-07-18-lang-01-2-stage-5-6-final-audit.md,22631,400,339,text,false,false,false,false
docs/implementation/2026-07-18-lang-01-3-1-external-stream-source-elimination-cut-0.md,8362,163,129,text,false,false,false,false
docs/implementation/2026-07-18-proof-concurrency-v6-1-1-1-capability-policy-declaration.md,18838,320,269,text,false,false,false,false
docs/implementation/2026-07-19-aw-ah-009-4-cut1-character-dialogue-domain.md,15506,294,255,text,false,false,false,false
docs/implementation/2026-07-20-aw-ah-009-2-1-source-index-completion.md,8565,154,132,text,false,false,false,false
docs/implementation/2026-07-20-aw-ah-009-3-1-call-surface-production.md,16382,349,305,text,false,false,false,false
docs/implementation/2026-07-20-aw-ah-009-3-1-cut1-call-surface-types.md,8078,158,129,text,false,false,false,false
docs/implementation/2026-07-20-aw-ah-009-3-3-callable-catalog-cut-4-argument-schema-mapper.md,4584,121,91,text,false,false,false,false
docs/implementation/2026-07-20-aw-ah-009-3-3-callable-catalog-shared-resolver.md,4904,102,84,text,false,false,false,false
docs/implementation/2026-07-20-aw-ah-009-3-focused-call-target-facts.md,6135,127,106,text,false,false,false,false
docs/implementation/2026-07-20-aw-ah-009-4-1-1-dialogue-view-character-projection-intake.md,7188,171,135,text,false,false,false,false
docs/implementation/2026-07-20-aw-ah-009-4-1-2-tts-provider-intake.md,5266,117,94,text,false,false,false,false
docs/implementation/2026-07-20-aw-ah-009-4-2-private-cut-2.md,6245,137,109,text,false,false,false,false
docs/implementation/2026-07-20-aw-ah-009.4.1-intake-reconciliation.md,12496,308,235,text,false,false,false,false
docs/implementation/2026-07-20-lang-01-4-1-retained-identity-wip.md,7199,145,119,text,false,false,false,false
docs/implementation/2026-07-20-lang-01-4-generic-resource-registry-substrate-cut-2a.md,14273,284,238,text,false,false,false,false
docs/implementation/2026-07-20-lang-01-4-production-reconciliation.md,4624,92,74,text,false,false,false,false
docs/implementation/2026-07-20-lang-01-5-1-1-dialogue-profile-presentation-owner-intake.md,9044,180,149,text,false,false,false,false
docs/implementation/2026-07-20-lang-01-5-1-single-manifest-decoder-wip.md,29098,507,448,text,false,false,false,false
docs/implementation/2026-07-20-lang-01-6-trusted-proof-surface-diagnostics-cut-1c.md,9109,178,145,text,false,false,false,false
docs/implementation/2026-07-20-lang-01.1.1-await-source-slice.md,5100,107,85,text,false,false,false,false
docs/implementation/2026-07-20-proof-concurrency-v6-1-1-2-retained-global-identity-implementation.md,12309,201,174,text,false,false,false,false
docs/implementation/2026-07-20-proof-concurrency-v6-1-1-incremental-responsibility-split.md,3339,68,55,text,false,false,false,false
docs/implementation/2026-07-20-proof-concurrency-v6-1-1-stage-1-entry-grammar.md,4375,83,70,text,false,false,false,false
docs/implementation/2026-07-20-proof-stage1-remaining-row-audit.md,14838,145,124,text,false,false,false,false
docs/implementation/2026-07-20-proof-style-shadow-grammar.md,4583,95,73,text,false,false,false,false
docs/implementation/2026-07-20-regular-project-top-level-statement-removal.md,6776,149,122,text,false,false,false,false
docs/implementation/2026-07-20-view-same-line-modifier-chain-parser.md,3616,84,64,text,false,false,false,false
docs/implementation/2026-07-21-aw-ah-007-008-private-rich-text-grammar.md,11182,190,157,text,false,false,false,false
docs/implementation/2026-07-21-aw-ah-007-008-rich-text-owner-schema-cut-2.md,8237,160,130,text,false,false,false,false
docs/implementation/2026-07-21-aw-ah-007-008-rich-text-schema-boundary-cut-1.md,5064,113,90,text,false,false,false,false
docs/implementation/2026-07-21-aw-ah-009-3-bounded-native-signature-cache.md,14963,325,258,text,false,false,false,false
docs/implementation/2026-07-21-aw-ah-009-3-native-lsp-query-bridge.md,11226,257,207,text,false,false,false,false
docs/implementation/2026-07-21-aw-ah-009-3-semantic-selection-and-resource-accounting.md,26733,467,394,text,false,false,false,false
docs/implementation/2026-07-21-aw-ah-009-4-3-source-site-line-identity-intake.md,16477,302,241,text,false,false,false,false
docs/implementation/2026-07-21-cargo-workspace-dependency-centralization.md,5353,130,102,text,false,false,false,false
docs/implementation/2026-07-21-lang-01-1-1-1-selected-contract-gap-audit.md,16532,359,293,text,false,false,false,false
docs/implementation/2026-07-21-lang-01-5-1-1-dialogue-profile-admission-substrate.md,4058,84,68,text,false,false,false,false
docs/implementation/2026-07-21-lang-01-5-1-1-view-product-compiler-move.md,11909,232,201,text,false,false,false,false
docs/implementation/2026-07-21-lang-01-6-authority-wire-acceptance-test-closure-cut-1d.md,3587,87,65,text,false,false,false,false
docs/implementation/2026-07-21-proof-concurrency-v6-1-1-stage-2-private-identity-attachment.md,8168,150,125,text,false,false,false,false
docs/implementation/2026-07-21-proof-concurrency-v6-1-1-stage-3-private-attached-accessors.md,7700,149,122,text,false,false,false,false
docs/implementation/2026-07-21-proof-concurrency-v6-1-1-stage-3-private-bound-expression-fragment.md,5502,111,88,text,false,false,false,false
docs/implementation/2026-07-21-proof-concurrency-v6-1-1-stage-3-private-bound-fragment-families.md,8193,151,123,text,false,false,false,false
docs/implementation/2026-07-21-proof-concurrency-v6-1-1-stage-3-private-bound-parse-product.md,8071,160,128,text,false,false,false,false
docs/implementation/2026-07-21-proof-concurrency-v6-1-1-stage-3-private-typed-inventory.md,9941,200,164,text,false,false,false,false
docs/implementation/2026-07-21-proof-public-switch-readiness.md,18824,276,228,text,false,false,false,false
docs/implementation/2026-07-21-redelivered-contract-adjudication.md,3806,90,64,text,false,false,false,false
docs/implementation/2026-07-21-tier2-dialogue-agent-harness-current-main-revalidation.md,3430,89,69,text,false,false,false,false
docs/implementation/2026-07-22-lang-01-1-1-1-direct-try-propagation.md,7929,153,129,text,false,false,false,false
docs/implementation/2026-07-22-lang-01-1-1-2-1-entity-family-projection.md,5003,97,80,text,false,false,false,false
docs/implementation/2026-07-22-lang-01-1-1-2-project-nominal-resolution-intake.md,12773,235,197,text,false,false,false,false
docs/implementation/2026-07-22-lang-01-1-1-direct-style-suspension-generator.md,7995,137,116,text,false,false,false,false
docs/implementation/2026-07-22-lang-01-5-1-1-checked-dialogue-profile-admission.md,6986,130,105,text,false,false,false,false
docs/implementation/2026-07-22-reviews-zip-intake-audit.md,16498,105,91,text,false,false,false,false
docs/implementation/2026-07-23-lang-01-1-1-2-2-adapter-callable-nominal-publication.md,7948,139,121,text,false,false,false,false
docs/implementation/2026-07-24-aw-ah-009-3-3-3-1-dispatch-intake.md,4047,86,66,text,false,false,false,false
docs/implementation/2026-07-24-aw-ah-009-3-focused-boundary-follow-up.md,12477,247,207,text,false,false,false,false
docs/implementation/2026-07-24-aw-ah-009-3-package-chain-intake.md,4110,68,54,text,false,false,false,false
docs/implementation/2026-07-24-aw-ah-009-3-static-capacity-associated-callee-blocker.md,5933,123,100,text,false,false,false,false
docs/implementation/2026-07-24-aw-ah-009-4-1-2-1-tts-runtime-envelope-intake.md,5884,111,91,text,false,false,false,false
docs/implementation/2026-07-24-lang-01-1-1-awbc-direct-suspension-kernel.md,8120,121,105,text,false,false,false,false
docs/implementation/2026-07-24-lang-01-1-1-suspension-diagnostics.md,4974,91,76,text,false,false,false,false
docs/implementation/2026-07-24-lang-01-3-1-2-2-curried-stream-intake.md,3625,79,58,text,false,false,false,false
docs/implementation/2026-07-24-lang-01-5-1-3-generated-artifact-runtime-binding-intake.md,3858,83,67,text,false,false,false,false
docs/implementation/2026-07-24-proof-concurrency-v6-1-1-runtime-assertion-identity-primitive.md,5308,102,82,text,false,false,false,false
docs/implementation/2026-07-25-aw-ah-009-4-3-speaker-derived-id-tooling-deletion.md,8297,170,141,text,false,false,false,false
docs/implementation/2026-07-25-lang-01-1-1-3-1-1-trait-validator-resolver-family-intake.md,5455,112,87,text,false,false,false,false
docs/implementation/2026-07-25-lang-01-1-1-3-1-checked-callable-catalog-intake.md,5335,107,82,text,false,false,false,false
docs/implementation/2026-07-25-lang-01-1-1-3-effect-trait-intake.md,4752,103,78,text,false,false,false,false
docs/implementation/2026-07-25-lang-01-3-1-2-2-1-curried-stream-wire-intake.md,4678,103,83,text,false,false,false,false
docs/implementation/2026-07-25-lang-01-5-1-authored-external-module-deletion.md,11846,209,174,text,false,false,false,false
docs/implementation/2026-07-25-proof-concurrency-v6-1-1-2-authored-asset-declaration-deletion.md,9973,156,127,text,false,false,false,false
docs/implementation/2026-07-25-proof-concurrency-v6-1-1-exact-syntax-transaction-lease.md,7122,152,123,text,false,false,false,false
docs/implementation/2026-07-25-proof-concurrency-v6-1-1-incremental-dual-parse-deletion.md,10017,210,173,text,false,false,false,false
docs/implementation/2026-07-25-proof-concurrency-v6-1-1-obsolete-incremental-identity-deletion.md,7534,159,125,text,false,false,false,false
docs/implementation/2026-07-25-proof-concurrency-v6-1-1-standalone-parse-document-deletion.md,5338,125,101,text,false,false,false,false
docs/implementation/2026-07-25-proof-stage-3-deletion-driven-authority-switch.md,14325,256,219,text,false,false,false,false
docs/implementation/2026-07-26-proof-01.1.1.4-return-intake.md,3739,75,59,text,false,false,false,false
docs/implementation/2026-07-26-proof-adapter-sema-dependency-deletion.md,7543,147,119,text,false,false,false,false
docs/implementation/2026-07-26-proof-hir-local-schema-decisions.md,3974,80,64,text,false,false,false,false
docs/implementation/2026-07-26-proof-module-preserving-projection-deletion.md,5697,115,91,text,false,false,false,false
docs/implementation/2026-07-26-proof-obsolete-call-assertion-deletion.md,3554,81,69,text,false,false,false,false
docs/implementation/2026-07-26-proof-obsolete-dialogue-canonicalizer-deletion.md,5975,115,97,text,false,false,false,false
docs/implementation/2026-07-26-proof-raw-id-materializer-authority-deletion.md,5387,125,98,text,false,false,false,false
docs/implementation/2026-07-26-proof-runtime-assertion-guard-seed-decision.md,5956,137,109,text,false,false,false,false
docs/implementation/2026-07-26-proof-source-revision-authority-deletion.md,7031,134,109,text,false,false,false,false
docs/implementation/2026-07-26-proof-style-project-projection-deletion.md,6835,181,142,text,false,false,false,false
docs/implementation/2026-07-26-proof-unsafe-audit-raw-range-deletion.md,3944,80,65,text,false,false,false,false
docs/implementation/2026-07-26-proof-view-project-projection-deletion.md,4697,99,81,text,false,false,false,false
docs/implementation/2026-07-27-proof-attached-if-let-unsafe-audit-syntax.md,5872,109,93,text,false,false,false,false
docs/implementation/2026-07-27-proof-attached-source-syntax.md,8773,153,134,text,false,false,false,false
docs/implementation/2026-07-27-proof-compiler-source-free-hir-facade-deletion.md,4314,91,72,text,false,false,false,false
docs/implementation/2026-07-27-proof-compiler-text-parse-facade-deletion.md,6716,126,106,text,false,false,false,false
docs/implementation/2026-07-27-proof-detached-test-facade-deletion.md,7310,136,111,text,false,false,false,false
docs/implementation/2026-07-27-proof-lsp-diagnostic-exact-source-lease.md,8333,162,129,text,false,false,false,false
docs/implementation/2026-07-27-proof-lsp-feature-exact-source-lease.md,6791,131,106,text,false,false,false,false
docs/implementation/2026-07-27-proof-lsp-inlay-semantic-fallback-deletion.md,4406,89,71,text,false,false,false,false
docs/implementation/2026-07-27-proof-lsp-source-document-lease-reader-deletion.md,4979,92,78,text,false,false,false,false
docs/implementation/2026-07-27-proof-project-loader-detached-parse-deletion.md,4550,87,74,text,false,false,false,false
docs/implementation/2026-07-27-proof-strict-typed-save-reader-deletion.md,4340,92,76,text,false,false,false,false
docs/implementation/2026-07-27-proof-tooling-formatter-text-authority-deletion.md,5459,100,85,text,false,false,false,false
docs/implementation/2026-07-27-proof-unbound-fragment-exact-attachment.md,7455,142,117,text,false,false,false,false
docs/implementation/README.md,131028,1878,1852,text,false,false,false,false
docs/implementation/adhoc-audit-implementation-ready-fixes-2026-07-13.md,12278,202,173,text,false,false,false,false
docs/implementation/agent-repl-cell-transaction-2026-06-28.md,3455,63,44,text,false,false,false,false
docs/implementation/agent-script-final-completion-audit.md,6091,73,61,text,false,false,false,false
docs/implementation/agent-script-implementation.md,110642,500,488,text,false,false,false,false
docs/implementation/agent-trace-publication-identity-2026-07-19.md,3433,72,60,text,false,false,false,false
docs/implementation/agents-policy-audit-2026-06-27.md,17630,235,160,text,false,false,false,false
docs/implementation/agents-policy-audit-response-2026-06-27.md,15808,253,211,text,false,false,false,false
docs/implementation/arcw-project-architecture-2026-06-23.md,8033,135,105,text,false,false,false,false
docs/implementation/audio-cpal-v3.md,4854,101,84,text,false,false,false,false
docs/implementation/authored-resource-storage-2026-07-10.md,9542,170,145,text,false,false,false,false
docs/implementation/aw-ah-003-sema-backed-speaker-canonicalization-2026-07-14.md,9080,175,144,text,false,false,false,false
docs/implementation/aw-ah-007-008-typed-rich-text-attribute-validation-delivery-status-2026-07-14.md,6735,125,102,text,false,false,false,false
docs/implementation/character-psd-import.md,7627,150,123,text,false,false,false,false
docs/implementation/cli-run-project-manifest-2026-06-23.md,1537,33,25,text,false,false,false,false
docs/implementation/component-text-control-layout-bounds-resource-contract-2026-07-04.md,4740,89,75,text,false,false,false,false
docs/implementation/component-text-input-native-interactive-smoke-2026-07-04.md,10858,207,159,text,false,false,false,false
docs/implementation/component-text-input-unification-2026-07-04.md,8653,143,127,text,false,false,false,false
docs/implementation/content-policy-rewrite-2026-06-22.md,2809,50,38,text,false,false,false,false
docs/implementation/content-policy-stabilization-2026-06-23.md,3207,46,35,text,false,false,false,false
docs/implementation/css-style-parity-sample-2026-06-29.md,4675,104,80,text,false,false,false,false
docs/implementation/current-work-status-2026-07-08.md,9716,194,164,text,false,false,false,false
docs/implementation/current-work-status-2026-07-09.md,10832,194,170,text,false,false,false,false
docs/implementation/current-work-status-2026-07-10.md,5535,96,83,text,false,false,false,false
docs/implementation/data-codec-dependency-selection.md,2099,24,20,text,false,false,false,false
docs/implementation/data-codecs-reflection-adr-0008.md,3486,107,82,text,false,false,false,false
docs/implementation/data-format-coverage.md,3604,58,49,text,false,false,false,false
docs/implementation/design-readiness-and-dispatch-2026-07-15.md,7342,137,107,text,false,false,false,false
docs/implementation/design-readiness-and-dispatch-2026-07-16.md,8500,149,119,text,false,false,false,false
docs/implementation/desktop-adapters.md,10561,195,146,text,false,false,false,false
docs/implementation/diagnostics-renderer-foundation-2026-06-29.md,3369,80,62,text,false,false,false,false
docs/implementation/dialogue-control-playback-2026-07-10.md,13168,241,201,text,false,false,false,false
docs/implementation/dialogue-view-id-acceptance-boundary-2026-07-19.md,8046,167,140,text,false,false,false,false
docs/implementation/effect-system.md,3353,59,52,text,false,false,false,false
docs/implementation/environment-product-source-contract-correction-2026-07-18.md,21812,384,338,text,false,false,false,false
docs/implementation/executable-runtime-core-2026-06-24.md,6208,138,115,text,false,false,false,false
docs/implementation/first-order-effect-lowering.md,2787,57,48,text,false,false,false,false
docs/implementation/fixture-regeneration.md,6587,132,103,text,false,false,false,false
docs/implementation/function-stack-apply-spread-runtime-substrate-2026-07-09.md,4170,82,65,text,false,false,false,false
docs/implementation/function-stack-awbc-control-expression-parity-2026-07-09.md,7086,113,93,text,false,false,false,false
docs/implementation/function-stack-awbc-expression-apply-suspension-boundary-2026-07-09.md,3025,64,50,text,false,false,false,false
docs/implementation/function-stack-awbc-resume-function-snapshot-2026-07-10.md,3292,70,57,text,false,false,false,false
docs/implementation/function-stack-checked-executable-lowering-2026-07-10.md,7036,119,104,text,false,false,false,false
docs/implementation/function-stack-closure-effect-callable-evidence-2026-07-09.md,1335,30,23,text,false,false,false,false
docs/implementation/function-stack-closure-effect-row-audit-2026-07-09.md,15451,217,184,text,false,false,false,false
docs/implementation/function-stack-closure-effect-row-lsp-hover-2026-07-09.md,1707,35,28,text,false,false,false,false
docs/implementation/function-stack-closure-expected-effect-row-bound-2026-07-09.md,1897,48,36,text,false,false,false,false
docs/implementation/function-stack-current-gap-map-2026-07-09.md,16937,224,203,text,false,false,false,false
docs/implementation/function-stack-current-state-2026-07-09.md,23770,292,260,text,false,false,false,false
docs/implementation/function-stack-current-status-2026-07-08.md,13584,249,217,text,false,false,false,false
docs/implementation/function-stack-data-last-callable-kind-partial-rejection-2026-07-09.md,1544,42,31,text,false,false,false,false
docs/implementation/function-stack-data-last-fixed-spread-fallback-2026-07-09.md,3820,74,56,text,false,false,false,false
docs/implementation/function-stack-data-last-unsupported-source-partial-2026-07-09.md,3201,68,53,text,false,false,false,false
docs/implementation/function-stack-effect-callable-report-api-2026-07-09.md,1115,27,20,text,false,false,false,false
docs/implementation/function-stack-effect-row-artifact-closed-input-2026-07-09.md,2311,57,42,text,false,false,false,false
docs/implementation/function-stack-effect-row-closed-boundary-2026-07-09.md,3154,74,56,text,false,false,false,false
docs/implementation/function-stack-effect-row-curried-higher-order-timing-2026-07-09.md,6047,114,95,text,false,false,false,false
docs/implementation/function-stack-effect-row-lsp-hover-2026-07-09.md,2573,59,45,text,false,false,false,false
docs/implementation/function-stack-effect-row-partial-closure-timing-2026-07-09.md,1443,40,27,text,false,false,false,false
docs/implementation/function-stack-effect-row-raw-lsp-hover-2026-07-09.md,2787,61,48,text,false,false,false,false
docs/implementation/function-stack-effect-row-report-boundary-2026-07-09.md,4784,97,78,text,false,false,false,false
docs/implementation/function-stack-effect-row-returned-closure-no-effect-2026-07-09.md,1180,31,22,text,false,false,false,false
docs/implementation/function-stack-effect-trace-report-2026-07-09.md,2919,63,49,text,false,false,false,false
docs/implementation/function-stack-expr-path-split-2026-07-09.md,1055,27,19,text,false,false,false,false
docs/implementation/function-stack-expression-source-range-coverage-2026-07-08.md,5000,87,70,text,false,false,false,false
docs/implementation/function-stack-final-state-2026-07-10.md,5464,100,85,text,false,false,false,false
docs/implementation/function-stack-function-type-effect-rows-2026-07-09.md,2352,48,41,text,false,false,false,false
docs/implementation/function-stack-function-value-fixed-spread-apply-2026-07-09.md,3112,70,52,text,false,false,false,false
docs/implementation/function-stack-goal-completion-audit-2026-07-08.md,11341,113,97,text,false,false,false,false
docs/implementation/function-stack-lsp-performed-effect-trace-2026-07-09.md,1178,34,25,text,false,false,false,false
docs/implementation/function-stack-method-value-rejection-2026-07-09.md,2046,51,37,text,false,false,false,false
docs/implementation/function-stack-non-helper-callable-inventory-2026-07-08.md,7617,84,66,text,false,false,false,false
docs/implementation/function-stack-non-helper-callable-kind-rejection-2026-07-09.md,2959,62,48,text,false,false,false,false
docs/implementation/function-stack-non-helper-source-function-values-2026-07-09.md,28394,362,321,text,false,false,false,false
docs/implementation/function-stack-pipe-control-expression-rhs-2026-07-09.md,3677,74,61,text,false,false,false,false
docs/implementation/function-stack-pipe-single-evaluation-staged-application-2026-07-10.md,3101,67,54,text,false,false,false,false
docs/implementation/function-stack-prefix-source-partial-rejection-2026-07-09.md,1395,37,26,text,false,false,false,false
docs/implementation/function-stack-request-split-audit-2026-07-08.md,2994,69,52,text,false,false,false,false
docs/implementation/function-stack-signature-fixed-spread-apply-2026-07-09.md,3509,76,57,text,false,false,false,false
docs/implementation/function-stack-source-function-pipe-bodies-2026-07-09.md,3200,67,52,text,false,false,false,false
docs/implementation/function-stack-source-function-top-level-aliases-2026-07-09.md,3261,69,52,text,false,false,false,false
docs/implementation/function-stack-source-function-type-effect-row-syntax-2026-07-09.md,1414,33,26,text,false,false,false,false
docs/implementation/function-stack-source-function-unaccepted-source-call-rejection-2026-07-09.md,2044,48,36,text,false,false,false,false
docs/implementation/function-stack-spread-contract-closure-2026-07-09.md,4672,77,64,text,false,false,false,false
docs/implementation/function-stack-spread-rejection-boundary-2026-07-09.md,4026,81,64,text,false,false,false,false
docs/implementation/function-stack-status-rollup-2026-07-09.md,25420,354,310,text,false,false,false,false
docs/implementation/function-stack-unsupported-bare-source-function-values-2026-07-09.md,4259,87,70,text,false,false,false,false
docs/implementation/fx-function-presentation-graph-2026-07-11.md,4917,89,75,text,false,false,false,false
docs/implementation/image-animation-goal-audit.md,7151,80,65,text,false,false,false,false
docs/implementation/image-animation-policy.md,20639,360,329,text,false,false,false,false
docs/implementation/incremental-hot-swap-bundle-2026-06-23.md,59499,839,810,text,false,false,false,false
docs/implementation/incremental-hot-swap-completion-audit-2026-06-24.md,5697,71,56,text,false,false,false,false
docs/implementation/independent-cleanup-inventory-2026-07-10.md,11447,178,144,text,false,false,false,false
docs/implementation/integrated-execution-2026-06-24.md,7036,130,118,text,false,false,false,false
docs/implementation/lang-01.5-phase1-metadata-substrate-2026-07-17.md,8147,136,112,text,false,false,false,false
docs/implementation/layout-scaling-units-and-capture-2026-06-24.md,4733,98,80,text,false,false,false,false
docs/implementation/legacy-ui-view-rename-concrete-targets-2026-07-09.md,3558,93,70,text,false,false,false,false
docs/implementation/lint-allow-tracker.md,9122,138,112,text,false,false,false,false
docs/implementation/maintainability-audit-2026-07-10.md,31616,512,437,text,false,false,false,false
docs/implementation/modern-feedback-view-reveal-scope-2026-07-09.md,5526,100,79,text,false,false,false,false
docs/implementation/modern-feedback-view-translucent-depth-2026-07-04.md,4297,91,72,text,false,false,false,false
docs/implementation/native-cli-player-boundaries.md,19272,318,295,text,false,false,false,false
docs/implementation/native-environment-style-condition-2026-07-16.md,13616,225,190,text,false,false,false,false
docs/implementation/native-ime-focus-loss-2026-07-06.md,4421,85,68,text,false,false,false,false
docs/implementation/native-ime-renderer-editor-geometry-normalization-2026-07-07.md,5951,98,68,text,false,false,false,false
docs/implementation/native-only-style-path-2026-07-13.md,14813,277,228,text,false,false,false,false
docs/implementation/native-rich-text-player.md,42311,594,562,text,false,false,false,false
docs/implementation/numeric-fast-path-bench-inventory.md,23919,250,222,text,false,false,false,false
docs/implementation/numeric-literal-final-model-2026-07-10.md,4001,72,60,text,false,false,false,false
docs/implementation/owned-window-driver-audit.md,6710,88,73,text,false,false,false,false
docs/implementation/parser-recovery-payload-producer-final-contract-2026-07-19.md,17287,265,228,text,false,false,false,false
docs/implementation/performance-snapshot.md,87731,1247,1133,text,false,false,false,false
docs/implementation/persistent-file-grants-multitarget-2026-06-22.md,3530,77,60,text,false,false,false,false
docs/implementation/persistent-file-grants-redesign-ce9ea4-2026-06-23.md,3073,65,54,text,false,false,false,false
docs/implementation/phase-0-1-workspace.md,48995,520,481,text,false,false,false,false
docs/implementation/player-frame-semantic-action-target-backlog-2026-07-08.md,3623,84,63,text,false,false,false,false
docs/implementation/player-native-windowed-path-clippy-cleanup-2026-06-29.md,1544,40,31,text,false,false,false,false
docs/implementation/player-scene-input-split-2026-07-09.md,2926,76,57,text,false,false,false,false
docs/implementation/pro-review30-audit.md,6244,85,70,text,false,false,false,false
docs/implementation/pro-review33-completion-audit.md,8495,217,174,text,false,false,false,false
docs/implementation/project-rs-wrapper-review-2026-06-21.md,3471,71,61,text,false,false,false,false
docs/implementation/project-wide-typed-diagnostics-2026-06-29.md,2953,65,50,text,false,false,false,false
docs/implementation/proof-concurrency-v6-integration-audit-2026-07-15.md,5241,106,85,text,false,false,false,false
docs/implementation/proof-concurrency-v6-line-delay-elapsed-2026-07-15.md,2343,49,39,text,false,false,false,false
docs/implementation/proof-concurrency-v6-progress-nonterminal-2026-07-15.md,2508,55,42,text,false,false,false,false
docs/implementation/refactor-checklist.md,4398,98,80,text,false,false,false,false
docs/implementation/relative-runtime-id-boundaries-2026-07-07.md,6975,148,120,text,false,false,false,false
docs/implementation/repl-adapter-formatting-host-follow-up-2026-06-28.md,4228,85,58,text,false,false,false,false
docs/implementation/repl-commands-agent-runner-2026-06-28.md,5870,129,100,text,false,false,false,false
docs/implementation/repl-executor-tiering-warm-codegen-2026-06-28.md,3036,72,56,text,false,false,false,false
docs/implementation/request-2026-06-27-seq-02.4.1-view-style-text-input-resource-codec.md,4536,97,79,text,false,false,false,false
docs/implementation/rich-text-decoration-declarations-2026-07-11.md,12330,194,172,text,false,false,false,false
docs/implementation/rich-text-object-goal-audit.md,7111,82,67,text,false,false,false,false
docs/implementation/rich-text-object-visual-evidence.md,4718,53,42,text,false,false,false,false
docs/implementation/runtime-acceleration-goal-gap.md,9295,238,173,text,false,false,false,false
docs/implementation/runtime-control-rounded-shadow-font-parity-2026-07-06.md,6392,114,93,text,false,false,false,false
docs/implementation/runtime-let-block-scope-receive-2026-07-09.md,13182,297,232,text,false,false,false,false
docs/implementation/scoped-presentation-handles-final-ui-syntax-2026-07-06.md,108780,1773,1475,text,false,false,false,false
docs/implementation/seq-01-1-through-01-3-implementation-2026-06-24.md,7715,165,126,text,false,false,false,false
docs/implementation/seq-01-4-runtime-driver-host-executor-migration-2026-06-25.md,3092,66,54,text,false,false,false,false
docs/implementation/seq-01-5-product-awfb-bytecode-migration-2026-06-25.md,7043,116,95,text,false,false,false,false
docs/implementation/seq-01-6-1-product-awbc-runtime-step-parity-closure-2026-06-26.md,89478,1947,1510,text,false,false,false,false
docs/implementation/seq-01-6-1-product-awbc-runtime-step-parity-test-matrix-2026-06-26.md,6422,100,84,text,false,false,false,false
docs/implementation/seq-01-6-2-product-awbc-audio-payload-parity-2026-06-26.md,7852,167,125,text,false,false,false,false
docs/implementation/seq-01-6-product-awbc-build-parity-legacy-audit-2026-06-25.md,7713,179,146,text,false,false,false,false
docs/implementation/seq-01-remaining-01-4-01-5-and-open-items-2026-06-24.md,12781,297,220,text,false,false,false,false
docs/implementation/seq-02-1-common-resource-wire-codec-2026-06-27.md,20681,365,295,text,false,false,false,false
docs/implementation/seq-02-2-runtime-resource-codecs-2026-06-27.md,17259,377,308,text,false,false,false,false
docs/implementation/seq-02-3-4-product-catalog-resource-codecs-2026-06-27.md,6588,140,109,text,false,false,false,false
docs/implementation/seq-02-5-patch-schema-2-direct-replacement-2026-06-27.md,12040,238,189,text,false,false,false,false
docs/implementation/seq-02-8-overlay-production-application-2026-06-28.md,23202,229,175,text,false,false,false,false
docs/implementation/seq-02-9-release-trust-e2e-fixtures-2026-06-28.md,2633,59,47,text,false,false,false,false
docs/implementation/seq-02-product-artifact-patch-signing-first-cut-2026-06-27.md,13855,179,158,text,false,false,false,false
docs/implementation/seq-03-5-windowed-runtime-owner-scene-integration-2026-06-28.md,4236,62,47,text,false,false,false,false
docs/implementation/seq-03-6-multi-entry-generation-runtime-api-2026-06-28.md,7016,126,106,text,false,false,false,false
docs/implementation/seq-03-7-windowed-live-patch-smoke-fixtures-2026-06-28.md,9128,181,143,text,false,false,false,false
docs/implementation/seq-03-8-windowed-live-patch-ingress-adapter-2026-06-28.md,6152,132,110,text,false,false,false,false
docs/implementation/seq-03-8-windowed-live-patch-ingress-closure-audit-2026-06-28.md,2667,58,44,text,false,false,false,false
docs/implementation/seq-03-generation-runtime-windowed-owner-2026-06-28.md,5874,109,93,text,false,false,false,false
docs/implementation/seq-04-1-awbo-parse-hir-codec-2026-06-28.md,6052,150,106,text,false,false,false,false
docs/implementation/seq-04-2-persistent-query-read-through-soft-miss-2026-06-28.md,7705,165,124,text,false,false,false,false
docs/implementation/seq-04-3-persistent-query-write-through-buildsnapshot-2026-06-28.md,9076,158,105,text,false,false,false,false
docs/implementation/seq-04-4-cache-explain-query-evidence-2026-06-28.md,9796,235,185,text,false,false,false,false
docs/implementation/seq-04-5-interface-runtime-bytecode-link-reuse-2026-06-28.md,4497,86,54,text,false,false,false,false
docs/implementation/seq-04-6-module-aware-sema-typecheck-cache-gates-2026-06-29.md,2915,66,50,text,false,false,false,false
docs/implementation/seq-04-8-1-bytecode-link-actual-reuse-boundary-2026-06-30.md,4088,78,61,text,false,false,false,false
docs/implementation/seq-04-8-2-full-build-orchestration-actual-builder-integration-2026-06-30.md,6041,117,97,text,false,false,false,false
docs/implementation/seq-04-8-3-bytecode-link-producer-identity-closure-2026-07-01.md,3116,53,41,text,false,false,false,false
docs/implementation/seq-04-8-4-normal-build-cli-goldens-cache-evidence-2026-07-02.md,4286,96,74,text,false,false,false,false
docs/implementation/seq-04-8-bytecode-unit-link-plan-cache-gates-2026-06-29.md,2191,54,40,text,false,false,false,false
docs/implementation/seq-05.2.2-runtime-driver-task-ownership-2026-06-28.md,4954,93,76,text,false,false,false,false
docs/implementation/seq-05.4.1-mcp-repl-command-result-adapter-2026-06-29.md,3527,62,41,text,false,false,false,false
docs/implementation/seq-06-15-awchar-character-stage-runtime-lsp-2026-07-03.md,6312,118,94,text,false,false,false,false
docs/implementation/seq-06-16-player-rendered-text-submit-button-2026-07-03.md,2733,56,43,text,false,false,false,false
docs/implementation/seq-06-layout-capture-visual-goldens-2026-06-28.md,5821,121,103,text,false,false,false,false
docs/implementation/seq-06.10-cross-backend-text-raster-parity-2026-06-30.md,8458,230,170,text,false,false,false,false
docs/implementation/seq-06.10a-styled-paragraph-layout-2026-06-30.md,6033,112,81,text,false,false,false,false
docs/implementation/seq-06.10b-styled-paragraph-raster-evidence-closure-2026-07-01.md,6133,91,64,text,false,false,false,false
docs/implementation/seq-06.11a-css-computed-style-direct-paint-extractor-2026-06-30.md,3828,72,51,text,false,false,false,false
docs/implementation/seq-06.11b-view-scene-compositor-player-path-integration-2026-06-30.md,4554,98,78,text,false,false,false,false
docs/implementation/seq-06.11d.4.1-native-logical-axis-core-2026-07-14.md,14098,211,179,text,false,false,false,false
docs/implementation/seq-06.11d.4.1.1-native-logical-axis-host-seed-provider-invalidation-2026-07-15.md,11211,143,120,text,false,false,false,false
docs/implementation/seq-06.11d.4.1.2-native-physical-box-geometry-implementation-2026-07-16.md,10053,190,157,text,false,false,false,false
docs/implementation/seq-06.11d.4.1.2.1-native-physical-box-geometry-production-reconciliation-2026-07-17.md,15268,267,234,text,false,false,false,false
docs/implementation/seq-06.11d.4.2.2.2-expression-parser-diagnostic-ownership-audit-correction-2026-07-19.md,26911,443,366,text,false,false,false,false
docs/implementation/seq-06.12-css-layout-cascade-coverage-2026-07-02.md,2861,63,47,text,false,false,false,false
docs/implementation/seq-06.12-css-layout-cascade-coverage-2026-07-09.md,3116,73,56,text,false,false,false,false
docs/implementation/seq-06.12-css-layout-cascade-future-work-2026-07-02.md,1455,25,23,text,false,false,false,false
docs/implementation/seq-06.13-css-motion-effects-coverage-2026-07-03.md,8327,207,155,text,false,false,false,false
docs/implementation/seq-06.13-css-motion-effects-coverage-matrix.md,5107,42,40,text,false,false,false,false
docs/implementation/seq-06.13b-box-shadow-and-blend-render-closure-2026-07-03.md,4769,93,75,text,false,false,false,false
docs/implementation/seq-06.13b-support-matrix.md,1321,16,15,text,false,false,false,false
docs/implementation/seq-06.13c-css-mask-clip-support-matrix.md,3389,32,30,text,false,false,false,false
docs/implementation/seq-06.13c-vector-clip-advanced-mask-render-closure-2026-07-03.md,8078,166,112,text,false,false,false,false
docs/implementation/seq-06.13d-css-box-shadow-lowering-2026-07-03.md,5828,153,113,text,false,false,false,false
docs/implementation/seq-06.13d-css-box-shadow-support-matrix.md,2209,24,22,text,false,false,false,false
docs/implementation/seq-06.13e-css-inset-box-shadow-rendering-2026-07-03.md,9501,202,152,text,false,false,false,false
docs/implementation/seq-06.13e-css-inset-box-shadow-support-matrix.md,2392,23,21,text,false,false,false,false
docs/implementation/seq-06.13e.1-inset-box-shadow-pinned-png-golden-promotion-2026-07-04.md,10955,178,145,text,false,false,false,false
docs/implementation/seq-06.13e.1.1-web-exact-png-readback-harness-2026-07-04.md,12756,232,194,text,false,false,false,false
docs/implementation/seq-06.13e.2-per-corner-elliptical-box-shadow-radius-contract-2026-07-04.md,11296,226,171,text,false,false,false,false
docs/implementation/seq-06.13e.2-per-corner-elliptical-box-shadow-radius-support-matrix.md,3060,26,24,text,false,false,false,false
docs/implementation/seq-06.16.4-modern-feedback-view-style-to-runtime-control-rendering-2026-07-04.md,9667,140,109,text,false,false,false,false
docs/implementation/seq-06.16.4.1-runtime-control-backdrop-filter-2026-07-04.md,7919,146,125,text,false,false,false,false
docs/implementation/seq-06.16.6-scoped-presentation-resource-handles-2026-07-06.md,10034,216,172,text,false,false,false,false
docs/implementation/seq-06.16.6.1-save-load-scoped-presentation-handles-2026-07-06.md,4392,85,59,text,false,false,false,false
docs/implementation/seq-06.16.6.2-scroll-axis-virtualization-retained-content-2026-07-09.md,10468,174,153,text,false,false,false,false
docs/implementation/seq-06.4k.1.1-product-runtime-text-control-emission-2026-06-29.md,2807,63,49,text,false,false,false,false
docs/implementation/seq-06.4k.1.2-runtime-text-control-submit-writeback-2026-06-29.md,3122,68,54,text,false,false,false,false
docs/implementation/seq-06.5-selected-capture-resource-metadata-2026-06-28.md,4287,68,45,text,false,false,false,false
docs/implementation/seq-06.6-visual-smoke-golden-fixtures-2026-06-28.md,6741,145,115,text,false,false,false,false
docs/implementation/seq-06.7-exact-native-golden-drift-stabilization-2026-06-28.md,9435,230,176,text,false,false,false,false
docs/implementation/seq-06.7.1-exact-native-golden-baseline-promotion-review-2026-06-28/DECISION.md,2145,68,51,text,false,false,false,false
docs/implementation/seq-06.7.1-exact-native-golden-baseline-promotion-review-2026-06-28/IMPLEMENTATION.md,1630,37,28,text,false,false,false,false
docs/implementation/seq-06.7.1-exact-native-golden-baseline-promotion-review-2026-06-28/README.md,2158,38,31,text,false,false,false,false
docs/implementation/seq-06.7.1-exact-native-golden-baseline-promotion-review-2026-06-28/REQUEST.md,4781,133,100,text,false,false,false,false
docs/implementation/seq-06.7.1-exact-native-golden-baseline-promotion-review-2026-06-28/REVIEW.md,5898,144,107,text,false,false,false,false
docs/implementation/seq-06.7.1-exact-native-golden-baseline-promotion-review-2026-06-28/SHA256SUMS.txt,3284,28,28,text,false,false,false,false
docs/implementation/seq-06.7.1-exact-native-golden-baseline-promotion-review-2026-06-28/SOURCE_INVENTORY.md,4152,56,45,text,false,false,false,false
docs/implementation/seq-06.7.1-exact-native-golden-baseline-promotion-review-2026-06-28/docs/implementation/seq-06.7.1-exact-native-golden-baseline-promotion-review-2026-06-28.md,2208,57,44,text,false,false,false,false
docs/implementation/seq-06.7.1-exact-native-golden-baseline-promotion-review-2026-06-28/evidence/README.md,710,16,12,text,false,false,false,false
docs/implementation/seq-06.7.1-exact-native-golden-baseline-promotion-review-2026-06-28/evidence/candidate/vertical_tutr_golden.candidate.png.MISSING.md,581,16,11,text,false,false,false,false
docs/implementation/seq-06.7.1-exact-native-golden-baseline-promotion-review-2026-06-28/evidence/environment/package-generation.environment.json,513,19,19,text,false,false,false,false
docs/implementation/seq-06.7.1-exact-native-golden-baseline-promotion-review-2026-06-28/evidence/environment/pinned-run-not-executed.environment.json,2394,79,79,text,false,false,false,false
docs/implementation/seq-06.7.1-exact-native-golden-baseline-promotion-review-2026-06-28/evidence/environment/required-pinned-windows-run.expected.json,699,30,30,text,false,false,false,false
docs/implementation/seq-06.7.1-exact-native-golden-baseline-promotion-review-2026-06-28/evidence/imq/vertical_tutr_golden.imq.not-run.json,822,25,25,text,false,false,false,false
docs/implementation/seq-06.7.1-exact-native-golden-baseline-promotion-review-2026-06-28/evidence/imq/vertical_tutr_golden.seq06.6-drift.json,644,19,19,text,false,false,false,false
docs/implementation/seq-06.7.1-exact-native-golden-baseline-promotion-review-2026-06-28/evidence/observe/vertical_tutr_golden.observe.not-run.json,582,8,8,text,false,false,false,false
docs/implementation/seq-06.7.1-exact-native-golden-baseline-promotion-review-2026-06-28/evidence/source-snapshots/docs/implementation/fixture-regeneration.excerpt.md,693,13,10,text,false,false,false,false
docs/implementation/seq-06.7.1-exact-native-golden-baseline-promotion-review-2026-06-28/evidence/source-snapshots/docs/implementation/seq-06.7-exact-native-golden-drift-stabilization.excerpt.md,754,12,8,text,false,false,false,false
docs/implementation/seq-06.7.1-exact-native-golden-baseline-promotion-review-2026-06-28/evidence/source-snapshots/docs/implementation/test-execution-policy.excerpt.md,981,21,16,text,false,false,false,false
docs/implementation/seq-06.7.1-exact-native-golden-baseline-promotion-review-2026-06-28/evidence/source-snapshots/exact-native-golden-policy.json,6021,130,130,text,false,false,false,false
docs/implementation/seq-06.7.1-exact-native-golden-baseline-promotion-review-2026-06-28/evidence/source-snapshots/tests/fixtures/native_capture/README.excerpt.md,1015,9,7,test,false,true,false,false
docs/implementation/seq-06.7.1-exact-native-golden-baseline-promotion-review-2026-06-28/evidence/source-snapshots/tests/fixtures/native_capture/vertical_tutr_golden.arcw,515,20,17,test,false,true,false,false
docs/implementation/seq-06.7.1-exact-native-golden-baseline-promotion-review-2026-06-28/evidence/source-snapshots/vertical_tutr_golden.seq06.6-drift.json,644,19,19,text,false,false,false,false
docs/implementation/seq-06.7.1-exact-native-golden-baseline-promotion-review-2026-06-28/verification/VALIDATION.md,2204,76,58,text,false,false,false,false
docs/implementation/seq-06.7.1-exact-native-golden-baseline-promotion-review-2026-06-28.md,3846,96,74,text,false,false,false,false
docs/implementation/seq-06.7.2-exact-native-golden-baseline-promotion-2026-06-28.md,4473,105,80,text,false,false,false,false
docs/implementation/seq-06.8-visual-evidence-ci-integration-disabled-design-2026-06-28.md,6558,109,71,text,false,false,false,false
docs/implementation/seq-06.9a-ui-compositing-scene-contract-2026-06-29.md,6828,175,136,text,false,false,false,false
docs/implementation/seq-06.9b-wgpu-ui-compositor-effects-2026-06-29.md,6064,122,99,text,false,false,false,false
docs/implementation/seq-06.9c-compositing-capture-goldens-2026-06-29.md,3564,83,63,text,false,false,false,false
docs/implementation/seq-08-2-standard-iterator-intoiterator-on-trait-substrate-2026-07-03.md,4926,114,91,text,false,false,false,false
docs/implementation/seq05-0-agent-repl-runtime-tiers-dispatch-2026-06-28.md,2573,73,49,text,false,false,false,false
docs/implementation/seq05-4-2-1-mcp-lsp-cli-local-command-result-adapters-2026-06-29.md,3777,90,65,text,false,false,false,false
docs/implementation/seq05-4-2-cli-repl-inspection-debug-command-adapter-2026-06-29.md,5091,124,95,text,false,false,false,false
docs/implementation/seq05-4-3-lsp-repl-command-result-adapter-2026-06-30.md,5714,160,123,text,false,false,false,false
docs/implementation/seq05-4-repl-host-adapter-integration-2026-06-29.md,6628,122,85,text,false,false,false,false
docs/implementation/seq06-1-view-style-text-input-wgpu-substrate.md,4780,100,80,text,false,false,false,false
docs/implementation/seq06-11c-final-style-component-view-dsl-2026-07-03.md,3359,66,57,text,false,false,false,false
docs/implementation/seq06-11d-1-typed-style-2026-07-13.md,6581,127,109,text,false,false,false,false
docs/implementation/seq06-16-8-cross-platform-clipboard-text-control-capability.md,7885,200,140,text,false,false,false,false
docs/implementation/seq06-2-takumi-css-scene-to-wgpu-lowering.md,6419,141,107,text,false,false,false,false
docs/implementation/seq06-3-platform-ime-adapters-textfield-session-integration.md,6728,134,110,text,false,false,false,false
docs/implementation/seq06-4a1-web-editcontext-player-owned-glue.md,3286,53,39,text,false,false,false,false
docs/implementation/seq06-4a2-web-editcontext-caret-geometry-selection.md,1935,22,15,text,false,false,false,false
docs/implementation/seq06-4a3-web-player-runtime-text-input-bridge.md,4066,100,76,text,false,false,false,false
docs/implementation/seq06-4a4-old-dom-ime-sample-historical.md,407,12,9,text,false,false,false,false
docs/implementation/seq06-4a4-web-ime-player-rendered-sample-2026-06-29.md,2748,62,49,text,false,false,false,false
docs/implementation/seq06-4abc-platform-text-input-adapters.md,5061,102,86,text,false,false,false,false
docs/implementation/seq06-4b-2-windows-tsf-real-ime-window-integration-closure.md,4507,94,73,text,false,false,false,false
docs/implementation/seq06-4c-2-macos-nstextinputclient-real-ime-window-integration-closure.md,2907,48,35,text,false,false,false,false
docs/implementation/seq06-4g-06-4a2-integrated-application-2026-06-28.md,3807,92,71,text,false,false,false,false
docs/implementation/seq06-4g-cross-platform-text-editing-behavior.md,2279,27,18,text,false,false,false,false
docs/implementation/seq06-4h-web-editcontext-real-ime-validation.md,4716,112,86,text,false,false,false,false
docs/implementation/seq06-4i-renderer-backed-text-editor-geometry.md,1579,25,20,text,false,false,false,false
docs/implementation/seq06-4j-1-cross-platform-native-ime-player-rendered-sample-and-validation-2026-06-29.md,2361,51,40,text,false,false,false,false
docs/implementation/seq06-4j-native-player-platform-text-input-bridge.md,9227,174,139,text,false,false,false,false
docs/implementation/seq06-4k-2-scene-windowed-owned-window-runtime-migration-2026-06-30.md,4953,71,53,text,false,false,false,false
docs/implementation/seq06-4k-player-text-input-windowed-path-convergence-2026-06-29.md,5536,112,84,text,false,false,false,false
docs/implementation/seq06-4k1-real-text-control-schema-to-prepared-frame-2026-06-29.md,4463,70,50,text,false,false,false,false
docs/implementation/seq06-ime-caret-selection-gap-analysis-2026-06-28.md,3320,63,51,text,false,false,false,false
docs/implementation/seq06-ime-css-font-sample-2026-06-28.md,3115,78,59,text,false,false,false,false
docs/implementation/seq06.14-responsive-stage-placement.md,7675,107,78,text,false,false,false,false
docs/implementation/seq06.17-focus-navigation-controller-dsl-2026-07-03.md,8109,142,98,text,false,false,false,false
docs/implementation/seq08-3-2-iterator-method-body-source-closure-2026-07-03.md,3280,54,36,text,false,false,false,false
docs/implementation/seq08-3-trait-method-body-runtime-dispatch-2026-07-03.md,4577,90,74,text,false,false,false,false
docs/implementation/solver-contracts-2026-06-23/README.md,2984,87,68,text,false,false,false,false
docs/implementation/solver-contracts-2026-06-23/STRUCTURAL_AUDIT.md,5109,80,65,text,false,false,false,false
docs/implementation/structural-audit-size-error-refactor-2026-07-04.md,4031,91,67,text,false,false,false,false
docs/implementation/structure-audit-2026-06-21/violations.md,17121,512,256,text,false,false,false,false
docs/implementation/structure-audit-audio-cpal-v3/violations.md,17507,524,262,text,false,false,false,false
docs/implementation/structure-audit-content-policy-rewrite-2026-06-23/violations.md,17702,528,265,text,false,false,false,false
docs/implementation/structure-audit-content-policy-stabilization-2026-06-23/violations.md,17704,530,265,text,false,false,false,false
docs/implementation/structure-audit-incremental-hot-swap-2026-06-23/violations.md,19503,582,292,text,false,false,false,false
docs/implementation/structure-audit-integrated-execution-2026-06-24/violations.md,19505,584,292,text,false,false,false,false
docs/implementation/structure-audit-layout-scaling-units-and-capture-2026-06-24/violations.md,19503,582,292,text,false,false,false,false
docs/implementation/structure-audit-persistent-file-grants-2026-06-22/violations.md,17702,528,265,text,false,false,false,false
docs/implementation/structure-audit-persistent-file-grants-redesign-ce9ea4-2026-06-23/violations.md,17702,528,265,text,false,false,false,false
docs/implementation/structure-audit-view-interaction-routing-2026-06-22/violations.md,17703,529,265,text,false,false,false,false
docs/implementation/structure-audit-web-sample-ui-2026-06-23/violations.md,18298,547,274,text,false,false,false,false
docs/implementation/structure-audits/adhoc-audit-implementation-ready-2026-07-13/audit-context.md,5041,83,71,text,false,false,false,false
docs/implementation/structure-audits/adhoc-audit-implementation-ready-2026-07-13/violations.md,25410,757,379,text,false,false,false,false
docs/implementation/structure-audits/authored-resource-storage-2026-07-10/violations.md,30827,919,460,text,false,false,false,false
docs/implementation/structure-audits/aw-ah-003-sema-backed-speaker-canonicalization/violations.md,25584,763,382,text,false,false,false,false
docs/implementation/structure-audits/aw-ah-007-008-private-rich-text-grammar-2026-07-21/violations.md,26754,799,400,text,false,false,false,false
docs/implementation/structure-audits/aw-ah-007-008-rich-text-owner-schema-cut-2-2026-07-21/violations.md,26344,787,394,text,false,false,false,false
docs/implementation/structure-audits/aw-ah-007-008-rich-text-schema-cut-1-2026-07-21/violations.md,26344,787,394,text,false,false,false,false
docs/implementation/structure-audits/aw-ah-009-1-1-production-reconciliation/violations.md,25208,751,376,text,false,false,false,false
docs/implementation/structure-audits/aw-ah-009-2-1-1-exact-topology-2026-07-16/violations.md,25804,769,385,text,false,false,false,false
docs/implementation/structure-audits/aw-ah-009-2-1-1-launch-profile-selection-2026-07-16/violations.md,26010,775,388,text,false,false,false,false
docs/implementation/structure-audits/aw-ah-009-2-1-1-source-backed-decode-2026-07-16/violations.md,26010,775,388,text,false,false,false,false
docs/implementation/structure-audits/aw-ah-009-2-1-3-request-budget-cut1/violations.md,26168,781,391,text,false,false,false,false
docs/implementation/structure-audits/aw-ah-009-2-1-3-shared-query-budget/violations.md,25774,769,385,text,false,false,false,false
docs/implementation/structure-audits/aw-ah-009-2-1-character-definition-source-index/violations.md,26010,775,388,text,false,false,false,false
docs/implementation/structure-audits/aw-ah-009-3-1-cut1-call-surface-types/violations.md,26564,793,397,text,false,false,false,false
docs/implementation/structure-audits/aw-ah-009-3-2-accepted-hir-request-lifecycle/violations.md,25968,775,388,text,false,false,false,false
docs/implementation/structure-audits/aw-ah-009-3-3-callable-catalog-2026-07-17/violations.md,26168,781,391,text,false,false,false,false
docs/implementation/structure-audits/aw-ah-009-3-3-callable-catalog-cut-2-2026-07-17/violations.md,25774,769,385,text,false,false,false,false
docs/implementation/structure-audits/aw-ah-009-3-3-final-2026-07-20/violations.md,25948,775,388,text,false,false,false,false
docs/implementation/structure-audits/aw-ah-009-3-decided-substrate/violations.md,25817,769,385,text,false,false,false,false
docs/implementation/structure-audits/aw-ah-009-3-gap2-bounded-signature-cache-2026-07-21/violations.md,26344,787,394,text,false,false,false,false
docs/implementation/structure-audits/aw-ah-009-3-production-reconciliation-2026-07-16/violations.md,26010,775,388,text,false,false,false,false
docs/implementation/structure-audits/aw-ah-009-3-semantic-selection-2026-07-21/violations.md,27545,823,412,text,false,false,false,false
docs/implementation/structure-audits/aw-ah-009-4-3-speaker-derived-id-tooling-deletion-2026-07-25/violations.md,29383,877,439,text,false,false,false,false
docs/implementation/structure-audits/aw-ah-009-4-cut1/violations.md,26564,793,397,text,false,false,false,false
docs/implementation/structure-audits/aw-ah-009-character-nominal-type-identity/violations.md,25584,763,382,text,false,false,false,false
docs/implementation/structure-audits/aw-ah-012-canonical-presentation-spellings/violations.md,25386,757,379,text,false,false,false,false
docs/implementation/structure-audits/aw-ah-015-vertical-break-quality/violations.md,25584,763,382,text,false,false,false,false
docs/implementation/structure-audits/call-select-unification-2026-07-08/violations.md,29966,894,448,text,false,false,false,false
docs/implementation/structure-audits/checked-dialogue-profile-2026-07-22/violations.md,27952,835,418,text,false,false,false,false
docs/implementation/structure-audits/dialogue-control-playback-2026-07-10/violations.md,30480,907,454,text,false,false,false,false
docs/implementation/structure-audits/dialogue-view-hardening-vertical-style-2026-07-13/README.md,3556,57,46,text,false,false,false,false
docs/implementation/structure-audits/dialogue-view-hardening-vertical-style-2026-07-13/violations.md,25216,751,376,text,false,false,false,false
docs/implementation/structure-audits/executable-runtime-core-2026-06-24/violations.md,19888,596,298,text,false,false,false,false
docs/implementation/structure-audits/function-enum-shorthand-2026-07-08/violations.md,30401,907,454,text,false,false,false,false
docs/implementation/structure-audits/function-expression-source-ranges-2026-07-08/violations.md,30402,908,454,text,false,false,false,false
docs/implementation/structure-audits/function-stack-apply-spread-runtime-substrate-2026-07-09/violations.md,30412,907,454,text,false,false,false,false
docs/implementation/structure-audits/function-stack-awbc-expression-apply-suspension-boundary-2026-07-09/violations.md,30412,907,454,text,false,false,false,false
docs/implementation/structure-audits/function-stack-checked-executable-lowering-2026-07-10/violations.md,30085,895,448,text,false,false,false,false
docs/implementation/structure-audits/function-stack-closure-effect-callable-evidence-2026-07-09/violations.md,30804,919,460,text,false,false,false,false
docs/implementation/structure-audits/function-stack-closure-effect-row-lsp-hover-2026-07-09/violations.md,30804,919,460,text,false,false,false,false
docs/implementation/structure-audits/function-stack-closure-expected-effect-row-bound-2026-07-09/violations.md,30804,919,460,text,false,false,false,false
docs/implementation/structure-audits/function-stack-closure-expected-effect-row-lsp-hover-2026-07-09/violations.md,30804,919,460,text,false,false,false,false
docs/implementation/structure-audits/function-stack-data-last-callable-kind-partial-rejection-2026-07-09/violations.md,30401,907,454,text,false,false,false,false
docs/implementation/structure-audits/function-stack-data-last-fixed-spread-fallback-2026-07-09/violations.md,30412,907,454,text,false,false,false,false
docs/implementation/structure-audits/function-stack-data-last-unaccepted-source-call-rejection-2026-07-09/violations.md,30401,907,454,text,false,false,false,false
docs/implementation/structure-audits/function-stack-data-last-unsupported-source-partial-2026-07-09/violations.md,30412,907,454,text,false,false,false,false
docs/implementation/structure-audits/function-stack-effect-callable-report-api-2026-07-09/violations.md,30804,919,460,text,false,false,false,false
docs/implementation/structure-audits/function-stack-effect-row-artifact-closed-input-2026-07-09/violations.md,30400,906,454,text,false,false,false,false
docs/implementation/structure-audits/function-stack-effect-row-borrowed-capture-evidence-2026-07-09/violations.md,30412,907,454,text,false,false,false,false
docs/implementation/structure-audits/function-stack-effect-row-captured-function-aliases-2026-07-09/violations.md,30412,907,454,text,false,false,false,false
docs/implementation/structure-audits/function-stack-effect-row-closed-boundary-2026-07-09/violations.md,30401,907,454,text,false,false,false,false
docs/implementation/structure-audits/function-stack-effect-row-curried-higher-order-timing-2026-07-09/violations.md,30401,907,454,text,false,false,false,false
docs/implementation/structure-audits/function-stack-effect-row-lsp-hover-2026-07-09/violations.md,30400,906,454,text,false,false,false,false
docs/implementation/structure-audits/function-stack-effect-row-owned-report-2026-07-09/violations.md,30805,920,460,text,false,false,false,false
docs/implementation/structure-audits/function-stack-effect-row-partial-closure-timing-2026-07-09/violations.md,30401,907,454,text,false,false,false,false
docs/implementation/structure-audits/function-stack-effect-row-public-facade-2026-07-09/violations.md,30804,919,460,text,false,false,false,false
docs/implementation/structure-audits/function-stack-effect-row-raw-lsp-hover-2026-07-09/violations.md,30804,919,460,text,false,false,false,false
docs/implementation/structure-audits/function-stack-effect-row-report-boundary-2026-07-09/violations.md,30400,906,454,text,false,false,false,false
docs/implementation/structure-audits/function-stack-effect-row-returned-closure-no-effect-2026-07-09/violations.md,30401,907,454,text,false,false,false,false
docs/implementation/structure-audits/function-stack-effect-trace-report-2026-07-09/violations.md,30400,906,454,text,false,false,false,false
docs/implementation/structure-audits/function-stack-expr-path-split-2026-07-09/violations.md,30804,919,460,text,false,false,false,false
docs/implementation/structure-audits/function-stack-function-type-effect-rows-2026-07-09/error-exception.md,1459,37,27,text,false,false,false,false
docs/implementation/structure-audits/function-stack-function-type-effect-rows-2026-07-09/violations.md,30793,919,460,text,false,false,false,false
docs/implementation/structure-audits/function-stack-function-value-fixed-spread-apply-2026-07-09/violations.md,30411,906,454,text,false,false,false,false
docs/implementation/structure-audits/function-stack-lsp-performed-effect-trace-2026-07-09/violations.md,30401,907,454,text,false,false,false,false
docs/implementation/structure-audits/function-stack-method-value-rejection-2026-07-09/violations.md,30401,907,454,text,false,false,false,false
docs/implementation/structure-audits/function-stack-non-helper-callable-kind-rejection-2026-07-09/violations.md,30412,907,454,text,false,false,false,false
docs/implementation/structure-audits/function-stack-pipe-control-expression-rhs-2026-07-09/violations.md,30413,908,454,text,false,false,false,false
docs/implementation/structure-audits/function-stack-prefix-source-partial-rejection-2026-07-09/violations.md,30401,907,454,text,false,false,false,false
docs/implementation/structure-audits/function-stack-signature-fixed-spread-apply-2026-07-09/violations.md,30412,907,454,text,false,false,false,false
docs/implementation/structure-audits/function-stack-source-function-exact-call-fixed-point-2026-07-09/violations.md,30412,907,454,text,false,false,false,false
docs/implementation/structure-audits/function-stack-source-function-pipe-bodies-2026-07-09/violations.md,30401,907,454,text,false,false,false,false
docs/implementation/structure-audits/function-stack-source-function-top-level-aliases-2026-07-09/violations.md,30400,906,454,text,false,false,false,false
docs/implementation/structure-audits/function-stack-source-function-type-effect-row-syntax-2026-07-09/violations.md,30804,919,460,text,false,false,false,false
docs/implementation/structure-audits/function-stack-source-function-unaccepted-source-call-rejection-2026-07-09/violations.md,30401,907,454,text,false,false,false,false
docs/implementation/structure-audits/function-stack-spread-contract-closure-2026-07-09/violations.md,30412,907,454,text,false,false,false,false
docs/implementation/structure-audits/function-stack-spread-rejection-boundary-2026-07-09/violations.md,30412,907,454,text,false,false,false,false
docs/implementation/structure-audits/function-stack-unsupported-bare-source-function-values-2026-07-09/violations.md,30412,907,454,text,false,false,false,false
docs/implementation/structure-audits/fx-function-presentation-graph-2026-07-11/README.md,1726,31,26,text,false,false,false,false
docs/implementation/structure-audits/fx-function-presentation-graph-2026-07-11/violations.md,30095,895,448,text,false,false,false,false
docs/implementation/structure-audits/lang-01-1-1-1-try-syntax-cut-1/audit-context.md,5883,88,78,text,false,false,false,false
docs/implementation/structure-audits/lang-01-1-1-1-try-syntax-cut-1/violations.md,27545,823,412,text,false,false,false,false
docs/implementation/structure-audits/lang-01-1-1-2-project-nominal-resolution-2026-07-22/violations.md,27729,829,415,text,false,false,false,false
docs/implementation/structure-audits/lang-01-4-typed-resource-shadow-grammar-cut-1a-2026-07-17/violations.md,25774,769,385,text,false,false,false,false
docs/implementation/structure-audits/lang-01-5-1-1-admission-substrate-2026-07-21/violations.md,26754,799,400,text,false,false,false,false
docs/implementation/structure-audits/lang-01-5-1-1-nominal-manifest-2026-07-21/audit-context.md,5952,90,80,text,false,false,false,false
docs/implementation/structure-audits/lang-01-5-1-1-nominal-manifest-2026-07-21/violations.md,26344,787,394,text,false,false,false,false
docs/implementation/structure-audits/lang-01-5-1-1-view-product-compiler-move-2026-07-21/violations.md,27545,823,412,text,false,false,false,false
docs/implementation/structure-audits/lang-01-5-1-2-safe-binary-2026-07-22/audit-context.md,2591,42,34,text,false,false,false,false
docs/implementation/structure-audits/lang-01-5-1-2-safe-binary-2026-07-22/violations.md,27737,829,415,text,false,false,false,false
docs/implementation/structure-audits/lang-01-6-verification-trust-signing-policy-cut-1a-2026-07-17/violations.md,25774,769,385,text,false,false,false,false
docs/implementation/structure-audits/lang-01-6-verification-trust-wire-model-cut-1b-2026-07-17/violations.md,25774,769,385,text,false,false,false,false
docs/implementation/structure-audits/lang-01-scaffold-declaration-removal-2026-07-16/violations.md,25804,769,385,text,false,false,false,false
docs/implementation/structure-audits/legacy-ui-view-rename-concrete-targets-2026-07-09/violations.md,30782,919,460,text,false,false,false,false
docs/implementation/structure-audits/modern-feedback-rich-text-web-multiline-2026-07-10/violations.md,30828,920,460,text,false,false,false,false
docs/implementation/structure-audits/native-only-style-path/violations.md,25386,757,379,text,false,false,false,false
docs/implementation/structure-audits/native-physical-box-geometry-2026-07-16/violations.md,25817,769,385,text,false,false,false,false
docs/implementation/structure-audits/proof-adapter-sema-dependency-deletion-2026-07-26/violations.md,29371,877,439,text,false,false,false,false
docs/implementation/structure-audits/proof-attached-if-let-unsafe-audit-syntax-2026-07-27/violations.md,28965,865,433,text,false,false,false,false
docs/implementation/structure-audits/proof-attached-source-syntax-2026-07-27/violations.md,28965,865,433,text,false,false,false,false
docs/implementation/structure-audits/proof-compiler-text-parse-facade-deletion-2026-07-27/violations.md,28965,865,433,text,false,false,false,false
docs/implementation/structure-audits/proof-concurrency-surface-identity-2026-07-15/violations.md,25817,769,385,text,false,false,false,false
docs/implementation/structure-audits/proof-concurrency-v6-1-1-incremental-responsibility-split-2026-07-20/violations.md,26152,781,391,text,false,false,false,false
docs/implementation/structure-audits/proof-concurrency-v6-1-1-stage-0-2026-07-16/violations.md,25817,769,385,text,false,false,false,false
docs/implementation/structure-audits/proof-concurrency-v6-1-1-stage-1-bracket-call-expressions-2026-07-16/violations.md,26010,775,388,text,false,false,false,false
docs/implementation/structure-audits/proof-concurrency-v6-1-1-stage-1-budgets-2026-07-17/violations.md,25774,769,385,text,false,false,false,false
docs/implementation/structure-audits/proof-concurrency-v6-1-1-stage-1-budgets-baseline-2026-07-17/violations.md,25774,769,385,text,false,false,false,false
docs/implementation/structure-audits/proof-concurrency-v6-1-1-stage-1-closure-expressions-2026-07-16/violations.md,26010,775,388,text,false,false,false,false
docs/implementation/structure-audits/proof-concurrency-v6-1-1-stage-1-control-expressions-2026-07-16/violations.md,26010,775,388,text,false,false,false,false
docs/implementation/structure-audits/proof-concurrency-v6-1-1-stage-1-declaration-diagnostics-2026-07-16/violations.md,25804,769,385,text,false,false,false,false
docs/implementation/structure-audits/proof-concurrency-v6-1-1-stage-1-dialogue-context-2026-07-16/violations.md,25804,769,385,text,false,false,false,false
docs/implementation/structure-audits/proof-concurrency-v6-1-1-stage-1-entry/violations.md,26564,793,397,text,false,false,false,false
docs/implementation/structure-audits/proof-concurrency-v6-1-1-stage-1-expression-events-2026-07-16/violations.md,26010,775,388,text,false,false,false,false
docs/implementation/structure-audits/proof-concurrency-v6-1-1-stage-1-extern-capability-2026-07-17/violations.md,25774,769,385,text,false,false,false,false
docs/implementation/structure-audits/proof-concurrency-v6-1-1-stage-1-flow-header-2026-07-17/violations.md,25774,769,385,text,false,false,false,false
docs/implementation/structure-audits/proof-concurrency-v6-1-1-stage-1-function-grammar-2026-07-16/violations.md,25778,769,385,text,false,false,false,false
docs/implementation/structure-audits/proof-concurrency-v6-1-1-stage-1-header-recovery-2026-07-16/violations.md,26010,775,388,text,false,false,false,false
docs/implementation/structure-audits/proof-concurrency-v6-1-1-stage-1-item-dispatch-2026-07-16/violations.md,26010,775,388,text,false,false,false,false
docs/implementation/structure-audits/proof-concurrency-v6-1-1-stage-1-lexer-2026-07-16/violations.md,25817,769,385,text,false,false,false,false
docs/implementation/structure-audits/proof-concurrency-v6-1-1-stage-1-module-use-grammar-2026-07-17/violations.md,26168,781,391,text,false,false,false,false
docs/implementation/structure-audits/proof-concurrency-v6-1-1-stage-1-multiline-declarations-2026-07-16/violations.md,26010,775,388,text,false,false,false,false
docs/implementation/structure-audits/proof-concurrency-v6-1-1-stage-1-nominal-types-2026-07-17/violations.md,26168,781,391,text,false,false,false,false
docs/implementation/structure-audits/proof-concurrency-v6-1-1-stage-1-outer-prefixes-2026-07-16/violations.md,26010,775,388,text,false,false,false,false
docs/implementation/structure-audits/proof-concurrency-v6-1-1-stage-1-predicate-proof-2026-07-16/violations.md,26010,775,388,text,false,false,false,false
docs/implementation/structure-audits/proof-concurrency-v6-1-1-stage-1-record-block-expressions-2026-07-16/violations.md,26010,775,388,text,false,false,false,false
docs/implementation/structure-audits/proof-concurrency-v6-1-1-stage-1-statement-context-correction-2026-07-16/violations.md,26010,775,388,text,false,false,false,false
docs/implementation/structure-audits/proof-concurrency-v6-1-1-stage-1-statement-events-2026-07-16/violations.md,26010,775,388,text,false,false,false,false
docs/implementation/structure-audits/proof-concurrency-v6-1-1-stage-1-test-bench-2026-07-17/violations.md,25774,769,385,text,false,false,false,false
docs/implementation/structure-audits/proof-concurrency-v6-1-1-stage-1-test-bench-baseline-2026-07-17/violations.md,25774,769,385,text,false,false,false,false
docs/implementation/structure-audits/proof-concurrency-v6-1-1-stage-1-trait-impl-2026-07-17/violations.md,25774,769,385,text,false,false,false,false
docs/implementation/structure-audits/proof-concurrency-v6-1-1-stage-1-type-pattern-events-2026-07-16/violations.md,26010,775,388,text,false,false,false,false
docs/implementation/structure-audits/proof-concurrency-v6-1-1-stage-3-private-accessors-2026-07-21/violations.md,26344,787,394,text,false,false,false,false
docs/implementation/structure-audits/proof-concurrency-v6-1-1-stage-3-private-bound-expression-fragment-2026-07-21/violations.md,26344,787,394,text,false,false,false,false
docs/implementation/structure-audits/proof-concurrency-v6-1-1-stage-3-private-bound-fragment-families-2026-07-21/violations.md,26344,787,394,text,false,false,false,false
docs/implementation/structure-audits/proof-concurrency-v6-1-1-stage-3-private-bound-product-2026-07-21/violations.md,26344,787,394,text,false,false,false,false
docs/implementation/structure-audits/proof-concurrency-v6-1-1-stage-3-private-inventory-2026-07-21/violations.md,26344,787,394,text,false,false,false,false
docs/implementation/structure-audits/proof-detached-test-facade-deletion-2026-07-27/violations.md,29381,877,439,text,false,false,false,false
docs/implementation/structure-audits/proof-lsp-diagnostic-exact-source-lease-2026-07-27/violations.md,29381,877,439,text,false,false,false,false
docs/implementation/structure-audits/proof-lsp-feature-exact-source-lease-2026-07-27/violations.md,29381,877,439,text,false,false,false,false
docs/implementation/structure-audits/proof-lsp-inlay-semantic-fallback-deletion-2026-07-27/violations.md,28965,865,433,text,false,false,false,false
docs/implementation/structure-audits/proof-lsp-source-document-lease-reader-deletion-2026-07-27/violations.md,28965,865,433,text,false,false,false,false
docs/implementation/structure-audits/proof-obsolete-dialogue-canonicalizer-deletion-2026-07-26/violations.md,28965,865,433,text,false,false,false,false
docs/implementation/structure-audits/proof-project-loader-detached-parse-deletion-2026-07-27/violations.md,28965,865,433,text,false,false,false,false
docs/implementation/structure-audits/proof-raw-id-materializer-deletion-2026-07-26/README.md,4259,66,52,text,false,false,false,false
docs/implementation/structure-audits/proof-raw-id-materializer-deletion-2026-07-26/violations.md,29371,877,439,text,false,false,false,false
docs/implementation/structure-audits/proof-runtime-assertion-guard-seed-2026-07-26/README.md,2036,33,26,text,false,false,false,false
docs/implementation/structure-audits/proof-runtime-assertion-guard-seed-2026-07-26/violations.md,29371,877,439,text,false,false,false,false
docs/implementation/structure-audits/proof-source-revision-authority-deletion-2026-07-26/violations.md,29371,877,439,text,false,false,false,false
docs/implementation/structure-audits/proof-stage3-exact-syntax-transaction-lease-2026-07-25/violations.md,29383,877,439,text,false,false,false,false
docs/implementation/structure-audits/proof-stage3-incremental-dual-parser-deletion-2026-07-25/violations.md,29383,877,439,text,false,false,false,false
docs/implementation/structure-audits/proof-stage3-standalone-parse-document-deletion-2026-07-25/violations.md,29383,877,439,text,false,false,false,false
docs/implementation/structure-audits/proof-strict-typed-save-reader-deletion-2026-07-27/violations.md,28965,865,433,text,false,false,false,false
docs/implementation/structure-audits/proof-tooling-formatter-text-authority-deletion-2026-07-27/violations.md,28965,865,433,text,false,false,false,false
docs/implementation/structure-audits/proof-unbound-fragment-exact-attachment-2026-07-27/violations.md,29381,877,439,text,false,false,false,false
docs/implementation/structure-audits/removed-borrow-block-2026-07-16/README.md,2081,32,26,text,false,false,false,false
docs/implementation/structure-audits/removed-borrow-block-2026-07-16/violations.md,25380,757,379,text,false,false,false,false
docs/implementation/structure-audits/rich-text-decoration-declarations-2026-07-11/violations.md,30289,901,451,text,false,false,false,false
docs/implementation/structure-audits/seq-01-1-through-01-3-2026-06-24/violations.md,19888,596,298,text,false,false,false,false
docs/implementation/structure-audits/seq-06-14-responsive-stage-placement-2026-07-03/violations.md,25891,774,388,text,false,false,false,false
docs/implementation/structure-audits/seq-06.11d.4.1-native-logical-axis/violations.md,25584,763,382,text,false,false,false,false
docs/implementation/structure-audits/seq-06.16.6.2-scroll-axis-virtualization-retained-content-2026-07-09/violations.md,30288,901,451,text,false,false,false,false
docs/implementation/structure-audits/seq06-11d-1-typed-style-2026-07-13/audit-context.md,3200,61,52,text,false,false,false,false
docs/implementation/structure-audits/seq06-11d-1-typed-style-2026-07-13/violations.md,25410,757,379,text,false,false,false,false
docs/implementation/structure-audits/top-level-declaration-reduction-2026-07-16/violations.md,26010,775,388,text,false,false,false,false
docs/implementation/structure-audits/unified-text-builtin-fx-compiler-2026-07-12/README.md,3397,44,37,text,false,false,false,false
docs/implementation/structure-audits/unified-text-builtin-fx-compiler-2026-07-12/violations.md,25809,769,385,text,false,false,false,false
docs/implementation/structure-audits/unified-text-canonical-batch-only-2026-07-12/README.md,12522,138,120,text,false,false,false,false
docs/implementation/structure-audits/unified-text-canonical-batch-only-2026-07-12/violations.md,26397,787,394,text,false,false,false,false
docs/implementation/structure-audits/unified-text-dialogue-staging-removal-2026-07-12/README.md,4300,67,57,text,false,false,false,false
docs/implementation/structure-audits/unified-text-dialogue-staging-removal-2026-07-12/violations.md,26831,799,400,text,false,false,false,false
docs/implementation/structure-audits/unified-text-dialogue-view-final-2026-07-13/README.md,12122,174,144,text,false,false,false,false
docs/implementation/structure-audits/unified-text-dialogue-view-final-2026-07-13/violations.md,25809,769,385,text,false,false,false,false
docs/implementation/structure-audits/unified-text-direct-view-text-2026-07-12/violations.md,28890,859,430,text,false,false,false,false
docs/implementation/structure-audits/unified-text-executable-view-bundle-2026-07-12/violations.md,28890,859,430,text,false,false,false,false
docs/implementation/structure-audits/unified-text-final-design-2026-07-12/violations.md,30095,895,448,text,false,false,false,false
docs/implementation/structure-audits/unified-text-fx-contracts-2026-07-12/README.md,3697,64,52,text,false,false,false,false
docs/implementation/structure-audits/unified-text-fx-contracts-2026-07-12/violations.md,29103,865,433,text,false,false,false,false
docs/implementation/structure-audits/unified-text-layer-capture-identity-2026-07-12/README.md,1901,33,26,text,false,false,false,false
docs/implementation/structure-audits/unified-text-layer-capture-identity-2026-07-12/violations.md,25809,769,385,text,false,false,false,false
docs/implementation/structure-audits/unified-text-legacy-layout-removal-2026-07-12/README.md,5429,83,67,text,false,false,false,false
docs/implementation/structure-audits/unified-text-legacy-layout-removal-2026-07-12/violations.md,25809,769,385,text,false,false,false,false
docs/implementation/structure-audits/unified-text-persistent-textbox-store-2026-07-12/violations.md,26831,799,400,text,false,false,false,false
docs/implementation/structure-audits/unified-text-prepared-batch-2026-07-12/violations.md,28890,859,430,text,false,false,false,false
docs/implementation/structure-audits/unified-text-rich-dialogue-prepared-2026-07-12/violations.md,28890,859,430,text,false,false,false,false
docs/implementation/structure-audits/unified-text-shaped-layout-2026-07-12/violations.md,29103,865,433,text,false,false,false,false
docs/implementation/structure-audits/unified-text-shaped-vertical-regression-2026-07-12/README.md,5568,78,65,text,false,false,false,false
docs/implementation/structure-audits/unified-text-shaped-vertical-regression-2026-07-12/violations.md,26397,787,394,text,false,false,false,false
docs/implementation/structure-audits/unified-text-shared-capture-2026-07-12/violations.md,26831,799,400,text,false,false,false,false
docs/implementation/structure-audits/unified-text-shared-fx-compositor-2026-07-12/violations.md,28890,859,430,text,false,false,false,false
docs/implementation/structure-audits/unified-text-textbox-height-removal-2026-07-12/README.md,2360,38,31,text,false,false,false,false
docs/implementation/structure-audits/unified-text-textbox-height-removal-2026-07-12/violations.md,25809,769,385,text,false,false,false,false
docs/implementation/structure-audits/unified-text-textbox-view-composition-2026-07-12/README.md,3939,61,51,text,false,false,false,false
docs/implementation/structure-audits/unified-text-textbox-view-composition-2026-07-12/violations.md,26831,799,400,text,false,false,false,false
docs/implementation/structure-audits/unified-text-typed-richtext-fx-2026-07-12/violations.md,28890,859,430,text,false,false,false,false
docs/implementation/structure-audits/unified-text-view-definitions-2026-07-12/README.md,5536,68,58,text,false,false,false,false
docs/implementation/structure-audits/unified-text-view-definitions-2026-07-12/violations.md,28890,859,430,text,false,false,false,false
docs/implementation/structure-audits/unified-text-view-prepared-sources-2026-07-12/README.md,10764,125,107,text,false,false,false,false
docs/implementation/structure-audits/unified-text-view-prepared-sources-2026-07-12/violations.md,28664,853,427,text,false,false,false,false
docs/implementation/structure-audits/unified-text-view-runtime-session-2026-07-12/violations.md,28454,847,424,text,false,false,false,false
docs/implementation/structure-audits/unified-text-view-value-runtime-2026-07-12/violations.md,28890,859,430,text,false,false,false,false
docs/implementation/structure-audits/unified-text-visual-parity-2026-07-12/README.md,6495,90,75,text,false,false,false,false
docs/implementation/structure-audits/unified-text-visual-parity-2026-07-12/violations.md,26397,787,394,text,false,false,false,false
docs/implementation/structure-audits/view-exported-part-correction-increment1-2026-07-17/violations.md,25778,769,385,text,false,false,false,false
docs/implementation/structure-audits/view-exported-part-correction-increment2-2026-07-17/violations.md,25774,769,385,text,false,false,false,false
docs/implementation/structure-audits/view-resource-naming-taxonomy-css-scroll-policy-2026-07-09/violations.md,30782,919,460,text,false,false,false,false
docs/implementation/structure-audits/view-resource-rename-2026-07-08/violations.md,29976,896,448,text,false,false,false,false
docs/implementation/structure-refactor-2026-06-21.md,14752,247,228,text,false,false,false,false
docs/implementation/test-execution-policy.md,29941,465,392,text,false,false,false,false
docs/implementation/test-workspace-profile-2026-06-27.md,3925,95,74,text,false,false,false,false
docs/implementation/text-control-advanced-editing-and-web-glue-2026-07-08.md,2592,51,39,text,false,false,false,false
docs/implementation/text-control-selection-policy-2026-07-04.md,3577,68,58,text,false,false,false,false
docs/implementation/text-control-shaped-caret-geometry-2026-07-06.md,3615,61,53,text,false,false,false,false
docs/implementation/tier2-agent-harness-reconciliation-2026-07-19.md,18991,396,317,text,false,false,false,false
docs/implementation/typed-parser-error-kind-reconciliation-2026-07-18.md,13719,270,212,text,false,false,false,false
docs/implementation/unified-text-dialogue-view-fx-2026-07-12.md,14122,288,233,text,false,false,false,false
docs/implementation/unit-number-image-decl-design-2026-06-27.md,6161,115,87,text,false,false,false,false
docs/implementation/unsafe-audit-cli-repair-path-convergence-2026-06-30.md,5086,99,80,text,false,false,false,false
docs/implementation/verifier-action-diagnostics-2026-06-29.md,3440,66,49,text,false,false,false,false
docs/implementation/verifier-obligation-insertion-spans-2026-06-29.md,4603,93,72,text,false,false,false,false
docs/implementation/vertical-break-quality-policy-2026-07-14/README.md,12403,253,196,text,false,false,false,false
docs/implementation/vertical-break-quality-policy-2026-07-14/VALIDATION.md,3579,69,58,text,false,false,false,false
docs/implementation/vertical-break-quality-policy-2026-07-14/corpus-baseline.md,2523,52,43,text,false,false,false,false
docs/implementation/vertical-longterm-design-20260612/Cargo.toml,419,20,17,text,false,false,false,false
docs/implementation/vertical-longterm-design-20260612/README.md,2002,45,33,text,false,false,false,false
docs/implementation/vertical-longterm-design-20260612/VALIDATION.md,832,23,17,text,false,false,false,false
docs/implementation/vertical-longterm-design-20260612/crates/arcweft-text-layout-design/Cargo.toml,266,13,11,text,false,false,false,false
docs/implementation/vertical-longterm-design-20260612/crates/arcweft-text-layout-design/src/hit_test.rs,1818,63,55,test,true,true,false,false
docs/implementation/vertical-longterm-design-20260612/crates/arcweft-text-layout-design/src/lib.rs,1086,25,17,production,true,false,false,false
docs/implementation/vertical-longterm-design-20260612/crates/arcweft-text-layout-design/src/line_break.rs,3862,135,113,production,true,false,false,true
docs/implementation/vertical-longterm-design-20260612/crates/arcweft-text-layout-design/src/model.rs,1557,50,41,production,true,false,false,false
docs/implementation/vertical-longterm-design-20260612/crates/arcweft-text-layout-design/src/pipeline.rs,4603,117,103,production,true,false,false,true
docs/implementation/vertical-longterm-design-20260612/crates/arcweft-text-layout-design/src/segmentation.rs,2299,62,51,production,true,false,false,true
docs/implementation/vertical-longterm-design-20260612/crates/arcweft-text-layout-design/src/shaping.rs,3770,111,95,production,true,false,false,true
docs/implementation/vertical-longterm-design-20260612/crates/arcweft-text-layout-design/src/style.rs,1977,80,67,production,true,false,false,false
docs/implementation/vertical-longterm-design-20260612/crates/arcweft-text-layout-design/src/unicode_orientation.rs,3158,91,77,production,true,false,false,true
docs/implementation/vertical-longterm-design-20260612/crates/glyphon-layout-ext-api/Cargo.toml,198,12,10,text,false,false,false,false
docs/implementation/vertical-longterm-design-20260612/crates/glyphon-layout-ext-api/src/color.rs,601,28,24,production,true,false,false,false
docs/implementation/vertical-longterm-design-20260612/crates/glyphon-layout-ext-api/src/geom.rs,5034,208,167,production,true,false,false,true
docs/implementation/vertical-longterm-design-20260612/crates/glyphon-layout-ext-api/src/glyph.rs,4657,167,137,production,true,false,false,true
docs/implementation/vertical-longterm-design-20260612/crates/glyphon-layout-ext-api/src/lib.rs,619,18,12,production,true,false,false,false
docs/implementation/vertical-longterm-design-20260612/crates/glyphon-layout-ext-api/src/renderer.rs,1049,35,25,production,true,false,false,false
docs/implementation/vertical-longterm-design-20260612/docs/adrs/ADR-001-glypharea-not-textarea-writing-mode.md,1254,44,30,text,false,false,false,false
docs/implementation/vertical-longterm-design-20260612/docs/adrs/ADR-002-engine-rotates-sideways-runs.md,948,36,24,text,false,false,false,false
docs/implementation/vertical-longterm-design-20260612/docs/adrs/ADR-003-layout-sans-io-renderer-gpu-adapter.md,984,37,25,text,false,false,false,false
docs/implementation/vertical-longterm-design-20260612/docs/algorithms/00-pipeline.md,4332,177,134,text,false,false,false,false
docs/implementation/vertical-longterm-design-20260612/docs/algorithms/01-segmentation-orientation.md,4352,152,117,text,false,false,false,false
docs/implementation/vertical-longterm-design-20260612/docs/algorithms/02-shaping-vertical-features.md,4739,173,134,text,false,false,false,false
docs/implementation/vertical-longterm-design-20260612/docs/algorithms/03-line-breaking-columns.md,3762,171,129,text,false,false,false,false
docs/implementation/vertical-longterm-design-20260612/docs/algorithms/04-ruby-text-combine.md,4210,171,130,text,false,false,false,false
docs/implementation/vertical-longterm-design-20260612/docs/algorithms/05-hit-testing-selection.md,3136,134,101,text,false,false,false,false
docs/implementation/vertical-longterm-design-20260612/docs/algorithms/06-cache-invalidation.md,3075,113,84,text,false,false,false,false
docs/implementation/vertical-longterm-design-20260612/docs/api/rust-api.md,5366,171,134,text,false,false,false,false
docs/implementation/vertical-longterm-design-20260612/docs/architecture.md,8301,255,203,text,false,false,false,false
docs/implementation/vertical-longterm-design-20260612/docs/arcweft-integration.md,3609,126,95,text,false,false,false,false
docs/implementation/vertical-longterm-design-20260612/docs/patches/glyphon-upstream-patch-sketch.md,2363,117,87,text,false,false,false,false
docs/implementation/vertical-longterm-design-20260612/docs/renderer-extension.md,3463,119,91,text,false,false,false,false
docs/implementation/vertical-longterm-design-20260612/docs/roadmap.md,1925,56,42,text,false,false,false,false
docs/implementation/vertical-longterm-design-20260612/examples/vertical_rl_dialogue_flow.md,1679,84,71,text,false,false,false,false
docs/implementation/vertical-text-implementation-policy.md,50855,719,708,text,false,false,false,false
docs/implementation/view-exported-part-authoring-intake-2026-07-15.md,7428,123,101,text,false,false,false,false
docs/implementation/view-exported-part-production-contract-correction-2026-07-16.md,34522,617,512,text,false,false,false,false
docs/implementation/view-exported-part-production-reconciliation-2026-07-16.md,8115,146,120,text,false,false,false,false
docs/implementation/view-interaction-routing-2026-06-22.md,3485,71,58,text,false,false,false,false
docs/implementation/view-resource-naming-taxonomy-css-scroll-policy-2026-07-09.md,4554,96,72,text,false,false,false,false
docs/implementation/view-resource-rename-2026-07-08.md,10179,165,150,text,false,false,false,false
docs/implementation/visual-sample-review-issues/2026-06-15/README.md,18766,79,63,text,false,false,false,false
docs/implementation/visual-sample-review-issues/2026-06-15/capture-results.json,4512,131,131,text,false,false,false,false
docs/implementation/visual-sample-review-issues/2026-06-15/issue-011-html-ruby-baseline.html,1520,67,62,text,false,false,false,false
docs/implementation/visual-sample-review-issues/2026-06-15/issue-012-html-vertical-ruby-baseline-metrics.json,2062,89,89,text,false,false,false,false
docs/implementation/visual-sample-review-issues/2026-06-15/issue-012-html-vertical-ruby-baseline.html,2848,127,115,text,false,false,false,false
docs/implementation/visual-sample-review-issues/2026-06-15/issue-015-html-vertical-ruby-punctuation-baseline-metrics.json,3053,156,156,text,false,false,false,false
docs/implementation/visual-sample-review-issues/2026-06-15/issue-015-html-vertical-ruby-punctuation-baseline.html,4181,161,144,text,false,false,false,false
docs/implementation/visual-sample-review-issues/2026-06-16/README.md,1850,27,23,text,false,false,false,false
docs/implementation/visual-sample-review-issues/2026-06-16/horizontal-ruby-html-comparison.json,1753,79,79,text,false,false,false,false
docs/implementation/visual-sample-review-issues/2026-06-16/html-horizontal-ruby-reference-bboxes.json,3655,218,218,text,false,false,false,false
docs/implementation/visual-sample-review-issues/2026-06-16/html-horizontal-ruby-reference.html,1372,54,50,text,false,false,false,false
docs/implementation/visual-sample-review-issues/2026-06-17/README.md,51176,65,61,text,false,false,false,false
docs/implementation/visual-sample-review-issues/2026-06-18/README.md,7294,24,20,text,false,false,false,false
docs/implementation/visual-sample-review-issues/2026-06-18/proxy-hotspot-capture-metadata.json,2420,113,113,text,false,false,false,false
docs/implementation/visual-sample-review-issues/2026-06-18/proxy-param-choice-presentation-tree.json,18532,626,626,text,false,false,false,false
docs/implementation/warning-structured-diagnostics-2026-06-21.md,2617,58,45,text,false,false,false,false
docs/implementation/wasm-browser-native-runner-migration.md,7711,150,127,text,false,false,false,false
docs/implementation/wasm-browser-runtime-debug-2026-07-11.md,6512,122,102,text,false,false,false,false
docs/implementation/zip-gap-audit-2026-06-21.md,21940,324,310,text,false,false,false,false
docs/implementation/zip-gap-open-items-2026-06-21.md,25553,459,413,text,false,false,false,false
docs/implementation/zip-gap-unimplemented-items-2026-06-22.md,24593,478,394,text,false,false,false,false
docs/implementation/zundamon-awchar-migration-plan.md,1281,45,34,text,false,false,false,false
docs/implementation/zundamon-observe-resolution-character-debug-2026-07-03.md,5106,125,94,text,false,false,false,false
docs/reviews/README.md,2036,42,34,text,false,false,false,false
docs/reviews/designs/2026-06-28-seq-06-layout-capture-visual-goldens.md,12584,271,217,text,false,false,false,false
docs/reviews/pro_review1.md,22527,670,495,text,false,false,false,false
docs/reviews/pro_review10.md,24274,938,713,text,false,false,false,false
docs/reviews/pro_review11.md,62235,3442,2511,text,false,false,false,false
docs/reviews/pro_review12.md,29045,1227,890,text,false,false,false,false
docs/reviews/pro_review13.md,5908,55,30,text,false,false,false,false
docs/reviews/pro_review14.md,23120,1097,800,text,false,false,false,false
docs/reviews/pro_review15.md,10303,149,109,text,false,false,false,false
docs/reviews/pro_review16.md,12802,207,139,text,false,false,false,false
docs/reviews/pro_review17.md,16331,338,235,text,false,false,false,false
docs/reviews/pro_review18.md,36984,1600,1192,text,false,false,false,false
docs/reviews/pro_review19.md,12828,330,247,text,false,false,false,false
docs/reviews/pro_review2.md,36930,1584,1139,text,false,false,false,false
docs/reviews/pro_review20.md,27174,1102,756,text,false,false,false,false
docs/reviews/pro_review21.md,42877,1439,1086,text,false,false,false,false
docs/reviews/pro_review22.md,16320,584,407,text,false,false,false,false
docs/reviews/pro_review23.md,11209,284,199,text,false,false,false,false
docs/reviews/pro_review24.md,8444,181,132,text,false,false,false,false
docs/reviews/pro_review25.md,17410,443,329,text,false,false,false,false
docs/reviews/pro_review26.md,17799,416,293,text,false,false,false,false
docs/reviews/pro_review27.md,6399,50,37,text,false,false,false,false
docs/reviews/pro_review28.md,13010,325,215,text,false,false,false,false
docs/reviews/pro_review29.md,20053,755,515,text,false,false,false,false
docs/reviews/pro_review3.md,34088,1381,1058,text,false,false,false,false
docs/reviews/pro_review30.md,56235,1247,839,text,false,false,false,false
docs/reviews/pro_review31.md,46223,2122,1613,text,false,false,false,false
docs/reviews/pro_review32.md,33065,697,519,text,false,false,false,false
docs/reviews/pro_review33.md,10452,286,200,text,false,false,false,false
docs/reviews/pro_review34.md,3261,78,65,text,false,false,false,false
docs/reviews/pro_review4.md,10703,511,368,text,false,false,false,false
docs/reviews/pro_review5.md,12919,89,58,text,false,false,false,false
docs/reviews/pro_review6.md,21204,824,586,text,false,false,false,false
docs/reviews/pro_review7.md,8514,62,42,text,false,false,false,false
docs/reviews/pro_review8.md,33623,915,683,text,false,false,false,false
docs/reviews/pro_review9.md,31989,1495,1089,text,false,false,false,false
docs/reviews/requests/2026-05-21-launch-profile-and-adapter-context.md,6976,221,163,text,false,false,false,false
docs/reviews/requests/2026-05-31-performance-improvement-advice.md,7992,196,153,text,false,false,false,false
docs/reviews/requests/2026-06-02-browser-webgpu-math-best-practices.md,6562,175,133,text,false,false,false,false
docs/reviews/requests/2026-06-24-awbc-executable-compact-table-design.md,5145,120,97,text,false,false,false,false
docs/reviews/requests/2026-06-24-code-generational-hot-swap-design.md,4311,104,84,text,false,false,false,false
docs/reviews/requests/2026-06-24-layout-fit-mode-coordinate-contract.md,2143,46,37,text,false,false,false,false
docs/reviews/requests/2026-06-24-layout-units-text-fitting-and-shared-capture.md,2049,45,36,text,false,false,false,false
docs/reviews/requests/2026-06-24-patch-target-manifest-signature-design.md,4955,117,93,text,false,false,false,false
docs/reviews/requests/2026-06-24-persistent-compiler-query-cache-design.md,5663,128,104,text,false,false,false,false
docs/reviews/requests/2026-06-24-product-resource-section-codecs-design.md,4805,112,88,text,false,false,false,false
docs/reviews/requests/2026-06-24-seq-01-executable-runtime-core.md,5916,158,124,text,false,false,false,false
docs/reviews/requests/2026-06-24-seq-01.1-runtime-plan-awbc-lowering.md,4694,109,85,text,false,false,false,false
docs/reviews/requests/2026-06-24-seq-01.2-compact-vm-and-parity-harness.md,4069,101,79,text,false,false,false,false
docs/reviews/requests/2026-06-24-seq-01.3-full-script-compiled-region-lowering.md,3529,93,72,text,false,false,false,false
docs/reviews/requests/2026-06-24-seq-01.4-runtime-driver-host-executor-migration.md,3554,92,70,text,false,false,false,false
docs/reviews/requests/2026-06-24-seq-01.5-product-awfb-bytecode-migration.md,11841,299,237,text,false,false,false,false
docs/reviews/requests/2026-06-24-seq-02-product-artifact-patch-signing.md,8032,183,146,text,false,false,false,false
docs/reviews/requests/2026-06-24-seq-03-generation-runtime-windowed-live-patch.md,6777,160,126,text,false,false,false,false
docs/reviews/requests/2026-06-24-seq-04-persistent-compiler-query-cache.md,6852,161,124,text,false,false,false,false
docs/reviews/requests/2026-06-24-seq-05-agent-repl-runtime-tiers.md,6000,149,114,text,false,false,false,false
docs/reviews/requests/2026-06-24-seq-06-layout-capture-visual-goldens.md,5231,138,104,text,false,false,false,false
docs/reviews/requests/2026-06-24-windowed-native-live-patch-design.md,5088,118,94,text,false,false,false,false
docs/reviews/requests/2026-06-25-seq-01.4.1-compact-awbc-runtime-step-parity.md,5184,102,83,text,false,false,false,false
docs/reviews/requests/2026-06-25-seq-01.6-product-awbc-build-parity-and-legacy-audit.md,12378,242,204,text,false,false,false,false
docs/reviews/requests/2026-06-25-seq-01.6.1-product-awbc-runtime-step-parity-closure.md,5278,128,93,text,false,false,false,false
docs/reviews/requests/2026-06-26-seq-01.6.2-product-awbc-audio-payload-parity.md,4682,95,79,text,false,false,false,false
docs/reviews/requests/2026-06-27-seq-02.1-common-resource-wire-codec-and-resource-codec-plan.md,5945,128,103,text,false,false,false,false
docs/reviews/requests/2026-06-27-seq-02.2-runtime-types-entrypoints-adapter-requirements-codecs.md,5014,116,93,text,false,false,false,false
docs/reviews/requests/2026-06-27-seq-02.3-content-presentation-entity-resource-codecs.md,4912,111,89,text,false,false,false,false
docs/reviews/requests/2026-06-27-seq-02.4-shader-ui-audio-debug-contract-resource-codecs.md,5027,115,93,text,false,false,false,false
docs/reviews/requests/2026-06-27-seq-02.4.1-view-style-text-input-resource-codec.md,4536,97,79,text,false,false,false,false
docs/reviews/requests/2026-06-27-seq-02.5-patch-v2-compatibility-and-materialization.md,5173,113,91,text,false,false,false,false
docs/reviews/requests/2026-06-27-seq-02.6-awfr-release-archive-and-external-payload-carrier.md,4549,109,86,text,false,false,false,false
docs/reviews/requests/2026-06-27-seq-02.7-signing-policy-redesign.md,4655,110,88,text,false,false,false,false
docs/reviews/requests/2026-06-27-seq-02.8-overlay-production-application.md,4346,102,80,text,false,false,false,false
docs/reviews/requests/2026-06-27-seq-06.1-view-style-text-input-wgpu-direct-rendering.md,4085,88,72,text,false,false,false,false
docs/reviews/requests/2026-06-27-seq-06.2-takumi-css-scene-to-wgpu-lowering.md,4089,82,67,text,false,false,false,false
docs/reviews/requests/2026-06-27-seq-06.3-platform-ime-adapters-and-textfield-session-integration.md,4175,86,71,text,false,false,false,false
docs/reviews/requests/2026-06-28-seq-02-6-02-7-follow-up-adapter-and-policy-wiring.md,1587,24,18,text,false,false,false,false
docs/reviews/requests/2026-06-28-seq-02.6-02.7-awfr-publish-trust-verifier-package.md,10454,207,178,text,false,false,false,false
docs/reviews/requests/2026-06-28-seq-02.8-final-overlay-production-application-package.md,10048,203,175,text,false,false,false,false
docs/reviews/requests/2026-06-28-seq-03-remaining-package-dispatch.md,3088,74,54,text,false,false,false,false
docs/reviews/requests/2026-06-28-seq-03.5-windowed-runtime-owner-scene-integration-package.md,4195,92,74,text,false,false,false,false
docs/reviews/requests/2026-06-28-seq-03.6-multi-entry-generation-runtime-api-package.md,3667,84,67,text,false,false,false,false
docs/reviews/requests/2026-06-28-seq-03.7-windowed-live-patch-smoke-fixtures-package.md,3382,81,64,text,false,false,false,false
docs/reviews/requests/2026-06-28-seq-03.8-windowed-live-patch-ingress-adapter-package.md,3988,87,70,text,false,false,false,false
docs/reviews/requests/2026-06-28-seq-03.8-windowed-live-patch-ingress-closure-audit-package.md,5636,136,107,text,false,false,false,false
docs/reviews/requests/2026-06-28-seq-04.1-awbo-parse-hir-codec-package.md,3259,79,62,text,false,false,false,false
docs/reviews/requests/2026-06-28-seq-04.2-persistent-query-read-through-soft-miss-package.md,2459,61,46,text,false,false,false,false
docs/reviews/requests/2026-06-28-seq-04.3-persistent-query-write-through-buildsnapshot-package.md,2383,62,47,text,false,false,false,false
docs/reviews/requests/2026-06-28-seq-04.4-cache-explain-query-evidence-package.md,1868,56,41,text,false,false,false,false
docs/reviews/requests/2026-06-28-seq-04.5-interface-runtime-bytecode-link-reuse-package.md,2701,64,49,text,false,false,false,false
docs/reviews/requests/2026-06-28-seq-05.0-agent-repl-runtime-tiers-dispatch-package.md,5024,136,96,text,false,false,false,false
docs/reviews/requests/2026-06-28-seq-05.1-repl-overlay-cell-transaction-package.md,9052,210,165,text,false,false,false,false
docs/reviews/requests/2026-06-28-seq-05.2-repl-commands-agent-runner-package.md,6978,187,147,text,false,false,false,false
docs/reviews/requests/2026-06-28-seq-05.2.1-repl-adapter-follow-up-package.md,8456,164,124,text,false,false,false,false
docs/reviews/requests/2026-06-28-seq-05.2.2-runtime-driver-task-ownership-adapter-package.md,2226,62,46,text,false,false,false,false
docs/reviews/requests/2026-06-28-seq-05.3-repl-executor-tiering-warm-codegen-package.md,6635,155,121,text,false,false,false,false
docs/reviews/requests/2026-06-28-seq-06.3.1-text-input-capability-contract.md,5484,119,95,text,false,false,false,false
docs/reviews/requests/2026-06-28-seq-06.3.2-text-input-offset-range-contract.md,5722,122,98,text,false,false,false,false
docs/reviews/requests/2026-06-28-seq-06.3.3-text-input-batch-serial-contract.md,5224,114,90,text,false,false,false,false
docs/reviews/requests/2026-06-28-seq-06.3.4-text-input-geometry-contract.md,5426,121,97,text,false,false,false,false
docs/reviews/requests/2026-06-28-seq-06.4a-web-editcontext-text-input-adapter-package.md,8388,180,150,text,false,false,false,false
docs/reviews/requests/2026-06-28-seq-06.4a.1-web-editcontext-player-owned-glue-package.md,7086,161,129,text,false,false,false,false
docs/reviews/requests/2026-06-28-seq-06.4a.2-web-editcontext-caret-geometry-selection-package.md,7388,162,134,text,false,false,false,false
docs/reviews/requests/2026-06-28-seq-06.4b-windows-tsf-text-input-adapter-package.md,7623,169,139,text,false,false,false,false
docs/reviews/requests/2026-06-28-seq-06.4b.1-windows-tsf-com-bootstrap-window-integration-package.md,6723,166,136,text,false,false,false,false
docs/reviews/requests/2026-06-28-seq-06.4b.2-windows-tsf-real-ime-window-integration-closure-package.md,7387,166,136,text,false,false,false,false
docs/reviews/requests/2026-06-28-seq-06.4c-macos-nstextinputclient-text-input-adapter-package.md,7685,170,140,text,false,false,false,false
docs/reviews/requests/2026-06-28-seq-06.4c.1-macos-appkit-window-integration-package.md,6393,154,124,text,false,false,false,false
docs/reviews/requests/2026-06-28-seq-06.4c.2-macos-nstextinputclient-real-ime-window-integration-closure-package.md,7340,164,134,text,false,false,false,false
docs/reviews/requests/2026-06-28-seq-06.4d-wayland-text-input-v3-adapter-package.md,7629,170,140,text,false,false,false,false
docs/reviews/requests/2026-06-28-seq-06.4e-android-inputconnection-adapter-package.md,8393,182,152,text,false,false,false,false
docs/reviews/requests/2026-06-28-seq-06.4f-ios-uitextinput-adapter-package.md,8101,180,150,text,false,false,false,false
docs/reviews/requests/2026-06-28-seq-06.4g-cross-platform-text-editing-behavior-package.md,7951,187,155,text,false,false,false,false
docs/reviews/requests/2026-06-28-seq-06.4h-web-editcontext-real-ime-validation-package.md,5918,149,120,text,false,false,false,false
docs/reviews/requests/2026-06-28-seq-06.4i-renderer-backed-text-editor-geometry-package.md,6278,151,123,text,false,false,false,false
docs/reviews/requests/2026-06-28-seq-06.5-selected-capture-resource-metadata-package.md,6267,156,126,text,false,false,false,false
docs/reviews/requests/2026-06-28-seq-06.6-visual-smoke-golden-fixtures-package.md,6266,159,129,text,false,false,false,false
docs/reviews/requests/2026-06-28-seq-06.7-exact-native-golden-drift-stabilization-package.md,7746,202,170,text,false,false,false,false
docs/reviews/requests/2026-06-28-seq-06.7.1-exact-native-golden-baseline-promotion-review-package.md,4781,133,100,text,false,false,false,false
docs/reviews/requests/2026-06-28-seq-06.8-visual-evidence-ci-integration-disabled-design-package.md,5024,135,103,text,false,false,false,false
docs/reviews/requests/2026-06-29-seq-02.10-remote-publication-backend-package.md,6068,162,128,text,false,false,false,false
docs/reviews/requests/2026-06-29-seq-02.9-release-trust-e2e-fixtures-package.md,6643,160,131,text,false,false,false,false
docs/reviews/requests/2026-06-29-seq-04.6-module-aware-sema-typecheck-cache-gates-package.md,6527,153,122,text,false,false,false,false
docs/reviews/requests/2026-06-29-seq-04.6.1-module-aware-sema-typecheck-reuse-boundary.md,1411,34,25,text,false,false,false,false
docs/reviews/requests/2026-06-29-seq-04.7-runtime-plan-unit-cache-reuse-package.md,5697,143,114,text,false,false,false,false
docs/reviews/requests/2026-06-29-seq-04.8-bytecode-unit-and-link-plan-cache-reuse-package.md,6295,155,124,text,false,false,false,false
docs/reviews/requests/2026-06-29-seq-05.4-repl-host-adapter-integration-package.md,11729,229,177,text,false,false,false,false
docs/reviews/requests/2026-06-29-seq-05.4.1-mcp-lsp-repl-command-result-adapters.md,2132,37,25,text,false,false,false,false
docs/reviews/requests/2026-06-29-seq-05.4.2-cli-repl-inspection-debug-command-adapter-package.md,16701,307,236,text,false,false,false,false
docs/reviews/requests/2026-06-29-seq-05.4.2.1-mcp-lsp-cli-local-command-result-adapters.md,1759,33,22,text,false,false,false,false
docs/reviews/requests/2026-06-29-seq-05.4.3-lsp-repl-command-result-adapter.md,1158,22,15,text,false,false,false,false
docs/reviews/requests/2026-06-29-seq-06.4a.3-web-player-runtime-text-input-bridge-package.md,12566,269,226,text,false,false,false,false
docs/reviews/requests/2026-06-29-seq-06.4a.4-web-ime-player-rendered-sample-package.md,12159,269,226,text,false,false,false,false
docs/reviews/requests/2026-06-29-seq-06.4j-native-player-platform-text-input-bridge-package.md,10809,226,189,text,false,false,false,false
docs/reviews/requests/2026-06-29-seq-06.4j.1-native-ime-player-rendered-sample-and-validation-package.md,18649,394,344,text,false,false,false,false
docs/reviews/requests/2026-06-29-seq-06.4k-player-text-input-windowed-path-convergence-package.md,15815,331,282,text,false,false,false,false
docs/reviews/requests/2026-06-29-seq-06.4k.1-real-text-control-schema-to-prepared-frame.md,2912,50,39,text,false,false,false,false
docs/reviews/requests/2026-06-29-seq-06.4k.1.1-product-runtime-text-control-emission.md,4326,80,59,text,false,false,false,false
docs/reviews/requests/2026-06-29-seq-06.4k.1.2-runtime-text-control-submit-writeback.md,3591,84,67,text,false,false,false,false
docs/reviews/requests/2026-06-29-seq-06.4k.2-scene-windowed-owned-window-runtime-migration.md,4132,73,58,text,false,false,false,false
docs/reviews/requests/2026-06-29-seq-06.9a-ui-compositing-scene-contract-package.md,4161,84,67,text,false,false,false,false
docs/reviews/requests/2026-06-29-seq-06.9b-wgpu-ui-compositor-effects-package.md,3971,84,67,text,false,false,false,false
docs/reviews/requests/2026-06-29-seq-06.9c-compositing-capture-goldens-package.md,3246,69,53,text,false,false,false,false
docs/reviews/requests/2026-06-29-seq-07.1-project-wide-typed-diagnostics-package.md,4157,107,85,text,false,false,false,false
docs/reviews/requests/2026-06-29-seq-07.2-verifier-action-diagnostics-package.md,3670,99,77,text,false,false,false,false
docs/reviews/requests/2026-06-30-seq-04.8.1-bytecode-link-actual-reuse-boundary.md,4326,98,78,text,false,false,false,false
docs/reviews/requests/2026-06-30-seq-04.8.2-full-build-orchestration-actual-builder-integration.md,6052,136,112,text,false,false,false,false
docs/reviews/requests/2026-06-30-seq-04.8.3-bytecode-link-producer-identity-closure.md,4847,125,98,text,false,false,false,false
docs/reviews/requests/2026-06-30-seq-04.8.4-normal-build-cli-goldens-cache-evidence.md,4255,104,83,text,false,false,false,false
docs/reviews/requests/2026-06-30-seq-06.10-cross-backend-text-raster-parity-package.md,4288,91,73,text,false,false,false,false
docs/reviews/requests/2026-06-30-seq-06.10a-styled-paragraph-layout-package.md,7826,169,144,text,false,false,false,false
docs/reviews/requests/2026-06-30-seq-06.10b-styled-paragraph-raster-evidence-closure.md,6668,133,111,text,false,false,false,false
docs/reviews/requests/2026-06-30-seq-06.11-reactive-view-authoring-style-resolution-package.md,5834,125,99,text,false,false,false,false
docs/reviews/requests/2026-06-30-seq-06.11a-css-computed-style-direct-paint-extractor-package.md,4985,126,98,text,false,false,false,false
docs/reviews/requests/2026-06-30-seq-06.11b-view-scene-compositor-player-path-integration-package.md,4563,118,93,text,false,false,false,false
docs/reviews/requests/2026-06-30-seq-06.12-css-layout-cascade-coverage-package.md,4596,123,98,text,false,false,false,false
docs/reviews/requests/2026-06-30-seq-06.13-css-motion-effects-coverage-package.md,3919,104,81,text,false,false,false,false
docs/reviews/requests/2026-06-30-seq-06.13a-clip-path-and-mask-render-closure-package.md,4063,117,92,text,false,false,false,false
docs/reviews/requests/2026-06-30-seq-06.13b-box-shadow-and-blend-render-closure-package.md,3281,99,77,text,false,false,false,false
docs/reviews/requests/2026-06-30-seq-07.3-verifier-obligation-proof-audit-insertion-spans-package.md,8301,186,154,text,false,false,false,false
docs/reviews/requests/2026-06-30-seq-07.3.1-unsafe-audit-cli-repair-path-convergence.md,4803,85,58,text,false,false,false,false
docs/reviews/requests/2026-07-02-seq-08.1-dsl-trait-impl-associated-type-substrate-package.md,9312,213,182,text,false,false,false,false
docs/reviews/requests/2026-07-02-seq-08.2-standard-iterator-intoiterator-on-trait-substrate-package.md,7190,176,145,text,false,false,false,false
docs/reviews/requests/2026-07-03-seq-06.10c-styled-paragraph-raster-drift-closure.md,4724,60,44,text,false,false,false,false
docs/reviews/requests/2026-07-03-seq-06.11c-final-style-component-view-dsl-package.md,8244,196,164,text,false,false,false,false
docs/reviews/requests/2026-07-03-seq-06.13c-vector-clip-and-advanced-mask-render-closure-package.md,4801,119,93,text,false,false,false,false
docs/reviews/requests/2026-07-03-seq-06.13d-css-box-shadow-lowering-package.md,4407,110,86,text,false,false,false,false
docs/reviews/requests/2026-07-03-seq-06.13e-css-inset-box-shadow-rendering-package.md,4973,118,97,text,false,false,false,false
docs/reviews/requests/2026-07-03-seq-06.14-responsive-stage-placement-package.md,4445,131,106,text,false,false,false,false
docs/reviews/requests/2026-07-03-seq-06.15-awchar-character-stage-runtime-lsp-package.md,5642,142,119,text,false,false,false,false
docs/reviews/requests/2026-07-03-seq-06.16-player-rendered-text-submit-button-package.md,3156,75,59,text,false,false,false,false
docs/reviews/requests/2026-07-03-seq-06.16.1-component-view-text-submit-button-lowering.md,5050,122,100,text,false,false,false,false
docs/reviews/requests/2026-07-03-seq-08.3-trait-method-body-runtime-dispatch.md,3472,89,70,text,false,false,false,false
docs/reviews/requests/2026-07-03-seq-08.3.1-awbc-trait-method-call-table-and-vm-closure.md,3144,75,57,text,false,false,false,false
docs/reviews/requests/2026-07-03-seq-08.3.2-iterator-method-body-source-closure.md,3679,92,73,text,false,false,false,false
docs/reviews/requests/2026-07-04-seq-06.13e.1-inset-box-shadow-pinned-png-golden-promotion.md,4404,94,73,text,false,false,false,false
docs/reviews/requests/2026-07-04-seq-06.13e.1.1-web-exact-png-readback-harness.md,4538,95,76,text,false,false,false,false
docs/reviews/requests/2026-07-04-seq-06.13e.2-per-corner-elliptical-box-shadow-radius-contract.md,4877,110,87,text,false,false,false,false
docs/reviews/requests/2026-07-04-seq-06.16.2-component-text-control-layout-bounds-resource-contract.md,4325,107,86,text,false,false,false,false
docs/reviews/requests/2026-07-04-seq-06.16.3-component-text-input-native-interactive-smoke.md,3842,93,72,text,false,false,false,false
docs/reviews/requests/2026-07-04-seq-06.16.4-modern-feedback-view-style-to-runtime-control-rendering.md,4923,115,91,text,false,false,false,false
docs/reviews/requests/2026-07-04-seq-06.16.4.1-runtime-control-backdrop-filter.md,3467,75,59,text,false,false,false,false
docs/reviews/requests/2026-07-04-seq-06.16.5-component-scoped-render-capture.md,3902,80,64,text,false,false,false,false
docs/reviews/requests/2026-07-04-seq-06.17-focus-navigation-controller-dsl-package.md,5662,142,119,text,false,false,false,false
docs/reviews/requests/2026-07-06-seq-06.16.6-scoped-presentation-resource-handles.md,3974,85,69,text,false,false,false,false
docs/reviews/requests/2026-07-06-seq-06.16.6.1-save-load-scoped-presentation-handles.md,7134,140,121,text,false,false,false,false
docs/reviews/requests/2026-07-06-seq-06.16.7-native-player-windows-tsf-ime-backend.md,4767,98,81,text,false,false,false,false
docs/reviews/requests/2026-07-06-seq-06.16.7.1-windows-ime-upstream-handling-investigation.md,5237,117,100,text,false,false,false,false
docs/reviews/requests/2026-07-07-seq-06.16.6.2-scroll-axis-virtualization-retained-content.md,5340,110,91,text,false,false,false,false
docs/reviews/requests/2026-07-07-seq-06.16.6.3-legacy-ui-crate-view-rename.md,5252,103,82,text,false,false,false,false
docs/reviews/requests/2026-07-07-seq-06.16.6.4-view-resource-naming-taxonomy-and-css-scroll-policy.md,9002,166,141,text,false,false,false,false
docs/reviews/requests/2026-07-07-seq-06.16.7.2-native-ime-glyph-range-overlap-root-cause-review.md,8383,199,155,text,false,false,false,false
docs/reviews/requests/2026-07-07-seq-07-function-closure-runtime-apply-capture-and-method-sugar.md,11282,204,179,text,false,false,false,false
docs/reviews/requests/2026-07-07-seq-07.1-function-stack-typed-expression-lowering-evidence.md,5414,108,91,text,false,false,false,false
docs/reviews/requests/2026-07-07-seq-07.2-function-stack-placeholder-inference-and-method-fallback.md,7880,145,130,text,false,false,false,false
docs/reviews/requests/2026-07-07-seq-07.2.1-function-stack-spread-partial-and-fallback-contract.md,10462,181,164,text,false,false,false,false
docs/reviews/requests/2026-07-07-seq-07.4-function-stack-capture-effect-lsp.md,10327,167,154,text,false,false,false,false
docs/reviews/requests/2026-07-07-seq-07.4.1-function-stack-expression-source-range-inlays.md,7001,140,118,text,false,false,false,false
docs/reviews/requests/2026-07-07-seq-07.5-function-stack-awbc-closure-apply.md,5647,109,94,text,false,false,false,false
docs/reviews/requests/2026-07-07-seq-07.6-relative-runtime-id-boundaries.md,2777,64,50,text,false,false,false,false
docs/reviews/requests/2026-07-08-seq-06.16.8-cross-platform-clipboard-text-control-capability.md,8627,175,148,text,false,false,false,false
docs/reviews/requests/2026-07-08-seq-07.7-function-stack-non-helper-callable-allocation.md,15505,273,250,text,false,false,false,false
docs/reviews/requests/2026-07-08-seq-07.8-function-stack-closure-effect-row-final-contract.md,12576,224,203,text,false,false,false,false
docs/reviews/requests/2026-07-08-seq-07.8.1-task-dialogue-stream-callable-effect-abi.md,4057,85,69,text,false,false,false,false
docs/reviews/requests/2026-07-10-seq-06.16.6.2.1-view-runtime-evaluator-and-lazy-source.md,4642,90,74,text,false,false,false,false
docs/reviews/requests/2026-07-11-seq-06.16.9.1-fx-executable-graph-and-renderer-abi.md,3402,67,56,text,false,false,false,false
docs/reviews/requests/2026-07-11-seq-06.16.9.2-fx-package-symbol-and-reexport-identity.md,4876,100,81,text,false,false,false,false
docs/reviews/requests/2026-07-13-seq-06.11d.2.1-view-exported-part-authoring.md,8030,146,126,text,false,false,false,false
docs/reviews/requests/2026-07-14-aw-ah-003-sema-backed-speaker-sugar-canonicalization.md,11424,227,189,text,false,false,false,false
docs/reviews/requests/2026-07-14-aw-ah-007-008-typed-rich-text-attribute-validation.md,21167,402,339,text,false,false,false,false
docs/reviews/requests/2026-07-14-aw-ah-009-character-nominal-type-identity.md,11264,213,180,text,false,false,false,false
docs/reviews/requests/2026-07-14-aw-ah-009.1-character-nominal-registration-alias-diagnostics-contract.md,10976,205,170,text,false,false,false,false
docs/reviews/requests/2026-07-14-aw-ah-009.2-character-nominal-definition-rename-contract.md,9867,194,155,text,false,false,false,false
docs/reviews/requests/2026-07-14-aw-ah-009.3-character-nominal-signature-help-contract.md,18229,392,305,text,false,false,false,false
docs/reviews/requests/2026-07-14-aw-ah-011-and-013-typed-presentation-command-abi.md,13912,245,212,text,false,false,false,false
docs/reviews/requests/2026-07-14-aw-ah-015-vertical-break-quality-policy.md,11782,216,185,text,false,false,false,false
docs/reviews/requests/2026-07-14-seq-06.11d.2.1.1-view-exported-part-authoring-final-contract.md,17422,315,270,text,false,false,false,false
docs/reviews/requests/2026-07-14-seq-06.11d.4.1-native-logical-axis-style-contract.md,13148,239,204,text,false,false,false,false
docs/reviews/requests/2026-07-14-seq-06.11d.4.1.1-native-logical-axis-host-seed-provider-invalidation-contract.md,5582,108,88,text,false,false,false,false
docs/reviews/requests/2026-07-14-seq-06.11d.4.1.2-native-physical-box-geometry-contract.md,4719,95,75,text,false,false,false,false
docs/reviews/requests/2026-07-14-seq-06.11d.4.1.3-native-logical-scroll-anchoring-contract.md,4413,92,73,text,false,false,false,false
docs/reviews/requests/2026-07-14-seq-06.11d.4.1.4-native-axis-provider-revision-motion-contract.md,4521,95,75,text,false,false,false,false
docs/reviews/requests/2026-07-14-seq-06.11d.4.2-native-environment-style-condition-contract.md,22704,404,348,text,false,false,false,false
docs/reviews/requests/2026-07-14-seq-06.11d.4.3-native-container-style-condition-invalidation-contract.md,15762,292,246,text,false,false,false,false
docs/reviews/requests/2026-07-14-seq-06.11d.5.1-native-style-trace-contract.md,12808,250,202,text,false,false,false,false
docs/reviews/requests/2026-07-14-seq-06.11d.5.1.1-native-style-trace-contract-reconciliation.md,43671,803,671,text,false,false,false,false
docs/reviews/requests/2026-07-14-seq-06.11d.5.2-agent-native-style-observation-protocol.md,12735,250,198,text,false,false,false,false
docs/reviews/requests/2026-07-14-seq-06.11d.5.3-native-style-lsp-formatter-contract.md,12855,249,197,text,false,false,false,false
docs/reviews/requests/2026-07-15-aw-ah-009.1.1-character-nominal-registration-production-reconciliation.md,11518,220,176,text,false,false,false,false
docs/reviews/requests/2026-07-15-seq-06.11d.2.1.1.1-view-exported-part-authoring-production-reconciliation.md,34796,657,557,text,false,false,false,false
docs/reviews/requests/2026-07-15-seq-06.11d.2.1.1.2-view-part-source-link-contract.md,3520,67,56,text,false,false,false,false
docs/reviews/requests/2026-07-15-seq-06.11d.2.1.1.3-view-part-runtime-authority-contract.md,2703,53,44,text,false,false,false,false
docs/reviews/requests/2026-07-15-seq-06.11d.2.1.1.4-view-part-contextual-tooling-contract.md,2975,55,46,text,false,false,false,false
docs/reviews/requests/2026-07-15-seq-06.11d.2.1.1.5-view-part-hot-reload-contract.md,2908,56,47,text,false,false,false,false
docs/reviews/requests/2026-07-15-seq-06.11d.4.2.1-native-environment-style-condition-production-reconciliation.md,13808,237,209,text,false,false,false,false
docs/reviews/requests/2026-07-15-seq-proof-01.1-surface-hir-identity-production-reconciliation.md,10888,207,164,text,false,false,false,false
docs/reviews/requests/2026-07-16-aw-ah-009.2.1-character-nominal-definition-source-index-contract.md,19097,402,322,text,false,false,false,false
docs/reviews/requests/2026-07-16-aw-ah-009.2.1.1-launch-profile-overlay-production-reconciliation.md,3847,74,60,text,false,false,false,false
docs/reviews/requests/2026-07-16-aw-ah-009.2.1.2-source-adapter-diagnostics-production-reconciliation.md,3563,71,57,text,false,false,false,false
docs/reviews/requests/2026-07-16-aw-ah-009.2.1.3-shared-query-budget-verification-reconciliation.md,3637,72,59,text,false,false,false,false
docs/reviews/requests/2026-07-16-aw-ah-009.2.2-character-nominal-rename-atomic-edit-contract.md,17807,382,302,text,false,false,false,false
docs/reviews/requests/2026-07-16-aw-ah-009.3.1-call-surface-syntax-production-reconciliation.md,7330,160,129,text,false,false,false,false
docs/reviews/requests/2026-07-16-aw-ah-009.3.2-accepted-hir-request-lifecycle-production-reconciliation.md,9310,182,155,text,false,false,false,false
docs/reviews/requests/2026-07-16-aw-ah-009.3.3-callable-catalog-shared-resolver-production-reconciliation.md,10912,200,173,text,false,false,false,false
docs/reviews/requests/2026-07-16-aw-ah-009.3.3.1-curried-callable-group-validation-contract-correction.md,4761,107,85,text,false,false,false,false
docs/reviews/requests/2026-07-16-lang-01.1-function-suspension-role-unification-final-contract.md,4540,91,77,text,false,false,false,false
docs/reviews/requests/2026-07-16-lang-01.2-state-reducer-agent-entry-binding-final-contract.md,3706,76,62,text,false,false,false,false
docs/reviews/requests/2026-07-16-lang-01.3-live-source-authoring-unification-final-contract.md,3575,78,64,text,false,false,false,false
docs/reviews/requests/2026-07-16-lang-01.4-typed-resource-declaration-surface-final-contract.md,3803,81,67,text,false,false,false,false
docs/reviews/requests/2026-07-16-lang-01.5-build-profile-metadata-extraction-final-contract.md,3490,78,62,text,false,false,false,false
docs/reviews/requests/2026-07-16-lang-01.6-trusted-axiom-surface-final-decision.md,4751,103,82,text,false,false,false,false
docs/reviews/requests/2026-07-16-seq-06.11d.2.1.1.1.1-view-exported-part-production-contract-correction.md,5635,103,84,text,false,false,false,false
docs/reviews/requests/2026-07-16-seq-06.11d.4.1.2.1-native-physical-box-geometry-production-reconciliation.md,15299,289,239,text,false,false,false,false
docs/reviews/requests/2026-07-16-seq-06.11d.4.2.2-typed-parser-error-kind-reconciliation.md,4807,105,85,text,false,false,false,false
docs/reviews/requests/2026-07-16-seq-06.11d.4.2.3-environment-product-source-contract-correction.md,9321,166,141,text,false,false,false,false
docs/reviews/requests/2026-07-16-seq-proof-01.1.1-typed-ast-syntax-identity-proof-block-reconciliation.md,37657,737,620,text,false,false,false,false
docs/reviews/requests/2026-07-17-aw-ah-009.3.3.2-typed-external-project-binding-path-publication.md,7198,134,112,text,false,false,false,false
docs/reviews/requests/2026-07-17-lang-01.1.1-direct-style-suspension-generator-contract-correction.md,6841,128,109,text,false,false,false,false
docs/reviews/requests/2026-07-17-lang-01.3.1-external-stream-origin-source-elimination-contract-correction.md,7639,144,126,text,false,false,false,false
docs/reviews/requests/2026-07-17-lang-01.5.1-single-manifest-decoder-production-reconciliation.md,3399,68,54,text,false,false,false,false
docs/reviews/requests/2026-07-17-proof-concurrency-v6.1.1.1-capability-policy-declaration-final-contract.md,5896,110,95,text,false,false,false,false
docs/reviews/requests/2026-07-18-lang-01.3.1.1-external-stream-callable-surface-reconciliation.md,7209,157,131,text,false,false,false,false
docs/reviews/requests/2026-07-18-lang-01.3.1.2-typed-stream-runtime-wire-model.md,9472,172,155,text,false,false,false,false
docs/reviews/requests/2026-07-18-seq-06.11d.4.2.2.1-parser-recovery-payload-producer-contract-correction.md,4218,93,74,text,false,false,false,false
docs/reviews/requests/2026-07-18-seq-06.11d.4.2.2.2-expression-parser-diagnostic-ownership-and-audit-correction.md,4052,87,69,text,false,false,false,false
docs/reviews/requests/2026-07-19-aw-ah-009.4-character-dialogue-first-class-runtime-contract.md,17280,514,407,text,false,false,false,false
docs/reviews/requests/2026-07-19-aw-ah-009.4.1-dialogue-view-character-projection-contract.md,14702,421,333,text,false,false,false,false
docs/reviews/requests/2026-07-19-lang-01.3.1.2.1-typed-stream-runtime-wire-contract-correction.md,17535,316,290,text,false,false,false,false
docs/reviews/requests/2026-07-20-aw-ah-009.4.1.1-dialogue-view-character-projection-production-contract-correction.md,22025,562,447,text,false,false,false,false
docs/reviews/requests/2026-07-20-aw-ah-009.4.1.2-tts-provider-speaker-identity-and-adapter-contract.md,15670,449,351,text,false,false,false,false
docs/reviews/requests/2026-07-20-aw-ah-009.4.2-dialogue-content-application-syntax-hir-ownership-production-reconciliation.md,19992,487,389,text,false,false,false,false
docs/reviews/requests/2026-07-20-aw-ah-009.4.3-source-site-line-identity-project-diagnostics-production-reconciliation.md,23020,603,478,text,false,false,false,false
docs/reviews/requests/2026-07-20-lang-01.1.1.1-prefix-postfix-try-source-and-propagation-contract-correction.md,7351,157,136,text,false,false,false,false
docs/reviews/requests/2026-07-20-lang-01.1.1.2-project-nominal-type-resolution-production-reconciliation.md,15670,336,272,text,false,false,false,false
docs/reviews/requests/2026-07-20-lang-01.4.1-resource-reference-and-retained-identity-schema-contract-correction.md,7537,148,124,text,false,false,false,false
docs/reviews/requests/2026-07-20-lang-01.4.2-resource-extension-manifest-wire-contract-correction.md,6915,137,119,text,false,false,false,false
docs/reviews/requests/2026-07-20-lang-01.5.1.1-dialogue-profile-presentation-owner-contract-correction.md,11380,274,220,text,false,false,false,false
docs/reviews/requests/2026-07-20-lang-01.5.1.1.1-dialogue-profile-owner-and-admission-reconciliation.md,14355,321,263,text,false,false,false,false
docs/reviews/requests/2026-07-20-lang-01.5.1.2-typed-content-root-admission-contract-correction.md,6409,126,107,text,false,false,false,false
docs/reviews/requests/2026-07-20-lang-01.5.1.3-generated-artifact-runtime-binding-contract.md,4417,96,80,text,false,false,false,false
docs/reviews/requests/2026-07-20-seq-proof-01.1.1.2-retained-global-identity-declaration-grammar-reconciliation.md,35529,804,661,text,false,false,false,false
docs/reviews/requests/2026-07-22-lang-01.1.1.2.1-entity-family-applied-type-projection-correction.md,5457,119,97,text,false,false,false,false
docs/reviews/requests/2026-07-22-lang-01.1.1.2.2-adapter-callable-nominal-publication-projection-correction.md,7619,158,134,text,false,false,false,false
docs/reviews/requests/2026-07-22-lang-01.3.1.2.2-curried-external-stream-runtime-argument-projection-correction.md,5952,115,98,text,false,false,false,false
docs/reviews/requests/2026-07-22-lang-01.4.2.1-resource-extension-manifest-repository-reconciliation.md,6365,128,109,text,false,false,false,false
docs/reviews/requests/2026-07-22-lang-01.5.1.2.1-content-root-family-source-elimination-reconciliation.md,6129,118,101,text,false,false,false,false
docs/reviews/requests/2026-07-23-aw-ah-009.4.1.2.1-tts-runtime-intent-envelope-architecture-reconciliation.md,11200,224,187,text,false,false,false,false
docs/reviews/requests/2026-07-24-aw-ah-009.3.3.3-unchecked-call-family-migration-evidence-reconciliation.md,7517,148,123,text,false,false,false,false
docs/reviews/requests/2026-07-24-aw-ah-009.3.3.3.1-capacity-dialogue-and-overload-accounting-reconciliation.md,23151,386,349,text,false,false,false,false
docs/reviews/requests/2026-07-24-aw-ah-009.3.3.4-typed-associated-capacity-callee-authority-reconciliation.md,10767,194,169,text,false,false,false,false
docs/reviews/requests/2026-07-24-aw-ah-009.4.1.2.1.1-tts-runtime-envelope-transaction-and-validation-closure.md,13988,266,225,text,false,false,false,false
docs/reviews/requests/2026-07-24-lang-01.1.1.3-effect-trait-contract-and-dynamic-dispatch-production-reconciliation.md,9680,198,165,text,false,false,false,false
docs/reviews/requests/2026-07-24-lang-01.3.1.2.2.1-curried-stream-wire-allocation-reconciliation.md,6104,135,107,text,false,false,false,false
docs/reviews/requests/2026-07-25-lang-01.1.1.3.1-checked-callable-catalog-authority-and-consumer-scope-reconciliation.md,10697,236,186,text,false,false,false,false
docs/reviews/requests/2026-07-25-lang-01.1.1.3.1.1-trait-validator-and-resolver-family-identity-reconciliation.md,10643,227,177,text,false,false,false,false
docs/reviews/requests/2026-07-25-seq-proof-01.1.1.2.1-final-hir-item-member-inventory-reconciliation.md,7556,140,116,text,false,false,false,false
docs/reviews/requests/2026-07-25-seq-proof-01.1.1.3-if-let-unsafe-audit-anchor-reconciliation.md,6870,141,115,text,false,false,false,false
docs/reviews/requests/2026-07-25-seq-proof-01.1.1.4-final-hir-semantic-leaf-expression-payload-reconciliation.md,22458,392,346,text,false,false,false,false
docs/reviews/requests/2026-07-26-seq-proof-01.1.1.4.1-final-hir-leaf-expression-redelivery-correction.md,12231,247,195,text,false,false,false,false
docs/schemas/README.md,1208,28,25,text,false,false,false,false
docs/schemas/adapter-manifest.md,3752,146,121,text,false,false,false,false
docs/schemas/agent-protocol.md,3173,134,123,text,false,false,false,false
docs/schemas/audio-manifest.md,658,29,25,text,false,false,false,false
docs/schemas/capture-device-manifest.md,3181,147,124,text,false,false,false,false
docs/schemas/character-awchar.schema.json,5477,188,188,text,false,false,false,false
docs/schemas/character-manifest.md,1364,33,24,text,false,false,false,false
docs/schemas/control-flow-manifest.md,1625,74,72,text,false,false,false,false
docs/schemas/device-io-manifest.md,2570,115,97,text,false,false,false,false
docs/schemas/device-manifest.md,3687,212,173,text,false,false,false,false
docs/schemas/device-profile-manifest.md,4207,200,173,text,false,false,false,false
docs/schemas/dialogue-line-manifest.md,6750,263,221,text,false,false,false,false
docs/schemas/dialogue-view-manifest.md,2452,78,69,text,false,false,false,false
docs/schemas/error-trace-manifest.md,1756,91,83,text,false,false,false,false
docs/schemas/graph-patch.md,664,34,32,text,false,false,false,false
docs/schemas/hook-manifest.md,1062,39,34,text,false,false,false,false
docs/schemas/layer-manifest.md,1868,86,74,text,false,false,false,false
docs/schemas/layer-tree.md,3158,135,112,text,false,false,false,false
docs/schemas/localization-catalog.md,2073,71,56,text,false,false,false,false
docs/schemas/memo-cache.md,2348,105,86,text,false,false,false,false
docs/schemas/module-manifest.md,528,24,21,text,false,false,false,false
docs/schemas/product-awfb-awbc-v1.json,642,31,31,text,false,false,false,false
docs/schemas/usb-device-manifest.md,2453,94,78,text,false,false,false,false
docs/schemas/virtual-controller-manifest.md,2050,88,72,text,false,false,false,false
examples/verification/solver-contracts/README.md,1706,49,37,text,false,false,false,false
examples/verification/solver-contracts/mutants.arcw,990,41,35,text,false,false,false,false
examples/verification/solver-contracts/valid.arcw,1146,45,38,text,false,false,false,false
examples/view-interaction-routing/runnable/confirmation-dialog.arcw,557,23,19,text,false,false,false,false
examples/view-interaction-routing/runnable/inventory-menu.arcw,1525,59,50,text,false,false,false,false
examples/view-interaction-routing/runnable/keyboard-focus-list.arcw,877,24,21,text,false,false,false,false
examples/view-interaction-routing/runnable/settings-menu.arcw,1625,52,45,text,false,false,false,false
examples/view-interaction-routing/view-surface/confirmation-dialog.arcw,968,26,26,text,false,false,false,false
examples/view-interaction-routing/view-surface/inventory-grid.arcw,672,17,17,text,false,false,false,false
examples/view-interaction-routing/view-surface/settings-panel.arcw,842,24,24,text,false,false,false,false
examples/view-interaction-routing/view-surface/toolbar.arcw,611,15,15,text,false,false,false,false
fixtures/awchar/zundamon-mini.awchar/character.awchar.json,3411,167,167,text,false,false,false,false
fixtures/diagnostics/project-wide/EXPECTED.md,732,9,6,text,false,false,false,false
fixtures/diagnostics/project-wide/arcw.toml,101,5,4,text,false,false,false,false
fixtures/diagnostics/project-wide/src/main.arcw,120,11,9,text,false,false,false,false
fixtures/diagnostics/project-wide/src/routes/opening.arcw,49,4,3,text,false,false,false,false
fixtures/diagnostics/verifier-actions/README.md,433,9,6,text,false,false,false,false
fixtures/diagnostics/verifier-actions/agent-report.json,1330,55,55,text,false,false,false,false
fixtures/diagnostics/verifier-actions/lsp-code-actions.json,784,38,38,text,false,false,false,false
fixtures/diagnostics/verifier-actions/missing-proof.arcw,108,5,4,text,false,false,false,false
fixtures/diagnostics/verifier-actions/missing-proof.expected.txt,603,13,10,text,false,false,false,false
fixtures/diagnostics/verifier-actions/missing-unsafe-audit.arcw,142,6,6,text,false,false,false,false
fixtures/diagnostics/verifier-actions/missing-unsafe-audit.expected.txt,944,19,14,text,false,false,false,false
fixtures/iterator-witness/branch-mismatch.arcw,266,16,14,text,false,false,false,false
fixtures/iterator-witness/invalid-nested-assignment.arcw,203,16,13,text,false,false,false,false
fixtures/iterator-witness/user-defined.arcw,812,44,37,text,false,false,false,false
fixtures/macos-nstextinputclient/appkit-evidence.json,1005,42,42,text,false,false,false,false
fixtures/macos-nstextinputclient/committed-insert.json,301,15,15,text,false,false,false,false
fixtures/macos-nstextinputclient/delayed-focus-generation.json,246,7,7,text,false,false,false,false
fixtures/macos-nstextinputclient/first-rect-coordinate.json,414,18,18,text,false,false,false,false
fixtures/macos-nstextinputclient/invalid-nsnotfound.json,441,21,21,text,false,false,false,false
fixtures/macos-nstextinputclient/marked-text-update.json,618,26,26,text,false,false,false,false
fixtures/macos-nstextinputclient/replacement-selected-range.json,371,20,20,text,false,false,false,false
fixtures/macos-nstextinputclient/secure-redaction.json,389,17,17,text,false,false,false,false
fixtures/macos-nstextinputclient/unmark-cancel.json,236,13,13,text,false,false,false,false
fixtures/macos-nstextinputclient-real-ime/README.md,852,20,15,text,false,false,false,false
fixtures/macos-nstextinputclient-real-ime/capture-instructions.md,1130,23,18,text,false,false,false,false
fixtures/macos-nstextinputclient-real-ime/trace-schema.json,1375,49,49,text,false,false,false,false
fixtures/native-golden-drift/README.md,580,12,9,text,false,false,false,false
fixtures/native-golden-drift/vertical_tutr_golden.seq06.6-drift.json,644,19,19,text,false,false,false,false
fixtures/native-golden-drift/vertical_tutr_golden.seq06.7.2-promotion.json,2095,53,53,text,false,false,false,false
fixtures/native-style-parity-evidence/example-text-raster-default.json,822,32,32,text,false,false,false,false
fixtures/native-style-parity-evidence/example-web-default.frame.json,5321,201,201,text,false,false,false,false
fixtures/native-text-input-trace/expected-schema.json,490,24,24,text,false,false,false,false
fixtures/persistent-cache-build/seq04-8-2/README.md,1236,31,22,text,false,false,false,false
fixtures/persistent-cache-build/seq04-8-2/expected-cache-explain-actual-hit-snippet.json,531,15,15,text,false,false,false,false
fixtures/persistent-cache-build/seq04-8-2/expected-second-build-cache-snippet.json,773,25,25,text,false,false,false,false
fixtures/persistent-cache-build/seq04-8-4/README.md,1005,23,17,text,false,false,false,false
fixtures/persistent-cache-build/seq04-8-4/goldens/cache-explain-bytecode-unit.json,748,27,27,text,false,false,false,false
fixtures/persistent-cache-build/seq04-8-4/goldens/cache-explain-conservative-bytecode-unit.json,1058,32,32,text,false,false,false,false
fixtures/persistent-cache-build/seq04-8-4/goldens/cache-explain-link-plan.json,720,27,27,text,false,false,false,false
fixtures/persistent-cache-build/seq04-8-4/goldens/corrupt-record-soft-miss.json,1066,44,44,text,false,false,false,false
fixtures/persistent-cache-build/seq04-8-4/goldens/normal-build-cli.json,3537,141,141,text,false,false,false,false
fixtures/persistent-cache-build/seq04-8-4/goldens/normal-conservative-build-cli.json,7845,206,206,text,false,false,false,false
fixtures/persistent-cache-build/seq04-8-4/normal-conservative-multi/arcw.toml,97,5,4,text,false,false,false,false
fixtures/persistent-cache-build/seq04-8-4/normal-conservative-multi/src/main.arcw,126,11,9,text,false,false,false,false
fixtures/persistent-cache-build/seq04-8-4/normal-conservative-multi/src/support.arcw,67,5,4,text,false,false,false,false
fixtures/persistent-cache-build/seq04-8-4/normal-single/arcw.toml,97,5,4,text,false,false,false,false
fixtures/persistent-cache-build/seq04-8-4/normal-single/src/main.arcw,126,11,9,text,false,false,false,false
fixtures/persistent-cache-bytecode-link/README.md,864,22,17,text,false,false,false,false
fixtures/persistent-cache-bytecode-link/expected-cache-explain.json,459,13,13,text,false,false,false,false
fixtures/persistent-cache-bytecode-link/main.arcw,91,7,6,text,false,false,false,false
fixtures/persistent-cache-bytecode-link/seq04-8-1/README.md,640,9,6,text,false,false,false,false
fixtures/persistent-cache-bytecode-link/seq04-8-1/equivalence-manifest.json,736,16,16,text,false,false,false,false
fixtures/persistent-cache-typecheck/README.md,775,21,16,text,false,false,false,false
fixtures/persistent-cache-typecheck/cache-explain-typecheck-gate-hit-then-rebuilt.json,376,14,14,text,false,false,false,false
fixtures/persistent-cache-typecheck/dep.arcw,40,3,3,text,false,false,false,false
fixtures/persistent-cache-typecheck/main.arcw,73,6,5,text,false,false,false,false
fixtures/release-trust/README.md,696,17,12,text,false,false,false,false
fixtures/release-trust/keys/README.md,374,7,6,text,false,false,false,false
fixtures/release-trust/matrix.json,2965,117,117,text,false,false,false,false
fixtures/repl-adapters/README.md,248,3,2,text,false,false,false,false
fixtures/repl-adapters/cancel-read-only.json,395,20,20,text,false,false,false,false
fixtures/repl-adapters/formatter-summary.txt,244,1,1,text,false,false,false,false
fixtures/repl-adapters/read-only-cell.stderr.txt,173,2,2,text,false,false,false,false
fixtures/repl-adapters/tasks-unsupported.json,412,19,19,text,false,false,false,false
fixtures/repl-adapters/typed-help.stdout.txt,146,1,1,text,false,false,false,false
fixtures/repl-adapters/warm-tiering-unavailable.txt,135,2,2,text,false,false,false,false
fixtures/repl-cli-inspection-debug/README.md,775,12,10,text,false,false,false,false
fixtures/repl-cli-inspection-debug/human-output-cli-families.txt,800,21,20,text,false,false,false,false
fixtures/repl-cli-inspection-debug/json-output-cli-families.json,1890,91,91,text,false,false,false,false
fixtures/repl-cli-inspection-debug/malformed-cli-command.json,224,10,10,text,false,false,false,false
fixtures/repl-cli-inspection-debug/parser-stage-cli-command.json,234,10,10,text,false,false,false,false
fixtures/repl-cli-inspection-debug/parser-stage-shared-command.json,206,9,9,text,false,false,false,false
fixtures/repl-cli-inspection-debug/read-only-trace-rejection.json,365,16,16,text,false,false,false,false
fixtures/repl-cli-inspection-debug/shared-result-preservation.json,263,13,13,text,false,false,false,false
fixtures/repl-cli-inspection-debug/unknown-command.json,292,10,10,text,false,false,false,false
fixtures/repl-host-adapters/all-evidence-json.json,2319,19,19,text,false,false,false,false
fixtures/repl-host-adapters/read-only-cancel-rejection.json,203,1,1,text,false,false,false,false
fixtures/repl-host-adapters/tasks-active.json,287,1,1,text,false,false,false,false
fixtures/repl-host-adapters/tasks-no-session.json,164,1,1,text,false,false,false,false
fixtures/repl-host-adapters/warm-codegen-unsupported.json,398,1,1,text,false,false,false,false
fixtures/responsive-stage-placement/conflicting-placement.arcw,706,34,30,text,false,false,false,false
fixtures/responsive-stage-placement/evidence/observe-1280x720.json,1664,91,91,text,false,false,false,false
fixtures/responsive-stage-placement/evidence/observe-1920x1080-dpr2.json,1671,91,91,text,false,false,false,false
fixtures/responsive-stage-placement/evidence/observe-1920x1080.json,1670,91,91,text,false,false,false,false
fixtures/responsive-stage-placement/evidence/observe-2560x1440.json,1670,91,91,text,false,false,false,false
fixtures/responsive-stage-placement/evidence/summary.json,2724,116,116,text,false,false,false,false
fixtures/responsive-stage-placement/high-dpi.arcw,518,16,14,text,false,false,false,false
fixtures/responsive-stage-placement/stand-top-right.arcw,515,23,21,text,false,false,false,false
fixtures/selected-capture-metadata/README.md,593,8,6,text,false,false,false,false
fixtures/selected-capture-metadata/layer-mask-resource.json,3473,160,160,text,false,false,false,false
fixtures/selected-capture-metadata/mcp-resource-list-descriptor.json,3977,166,166,text,false,false,false,false
fixtures/selected-capture-metadata/mcp-resource-read-blob.json,4404,168,168,text,false,false,false,false
fixtures/selected-capture-metadata/object-color-resource.json,3884,172,172,text,false,false,false,false
fixtures/seq-06.13-visual-smoke-golden-instructions.md,2231,74,56,text,false,false,false,false
fixtures/traits/err-ambiguous-method.arcw,272,21,16,text,false,false,false,false
fixtures/traits/err-associated-type-default.arcw,76,4,4,text,false,false,false,false
fixtures/traits/err-duplicate-impl.arcw,330,18,15,text,false,false,false,false
fixtures/traits/err-gat-deferred.arcw,76,4,4,text,false,false,false,false
fixtures/traits/err-missing-associated-type.arcw,215,14,12,text,false,false,false,false
fixtures/traits/err-missing-required-method.arcw,175,12,10,text,false,false,false,false
fixtures/traits/err-overlap-generic.arcw,293,18,15,text,false,false,false,false
fixtures/traits/ok-associated-type-projection.arcw,375,23,19,text,false,false,false,false
fixtures/traits/ok-basic-trait-impl.arcw,351,21,17,text,false,false,false,false
fixtures/visual-smoke-goldens/README.md,902,19,15,text,false,false,false,false
fixtures/visual-smoke-goldens/exact-native-golden-policy.json,6021,130,130,text,false,false,false,false
fixtures/visual-smoke-goldens/selected-layer-smoke-metadata.json,2868,132,132,text,false,false,false,false
fixtures/visual-smoke-goldens/selected-object-smoke-metadata.json,2580,106,106,text,false,false,false,false
fixtures/visual-smoke-goldens/seq06.13e.1-inset-box-shadow-exact-png-policy.json,9403,198,198,text,false,false,false,false
fixtures/web-editcontext/browser_metadata.json,540,11,11,text,false,false,false,false
fixtures/web-editcontext/composition_preedit_commit.json,987,47,47,text,false,false,false,false
fixtures/web-editcontext/editcontext_absent_unsupported.json,519,22,22,text,false,false,false,false
fixtures/web-editcontext/editcontext_present_activation.json,652,29,29,text,false,false,false,false
fixtures/web-editcontext/geometry_after_scroll_transform.json,1102,56,56,text,false,false,false,false
fixtures/web-editcontext/invalid_range_rejection.json,567,24,24,text,false,false,false,false
fixtures/web-editcontext/secure_redaction.json,876,36,36,text,false,false,false,false
fixtures/web-editcontext/utf16_surrogate_replacement_delete.json,972,50,50,text,false,false,false,false
fixtures/web-editcontext-real-ime/README.md,448,8,6,text,false,false,false,false
fixtures/web-editcontext-real-ime/blocked-headless-chromium-2026-06-28.json,1211,36,36,text,false,false,false,false
fixtures/web-editcontext-real-ime/manual-session-template.json,833,28,28,text,false,false,false,false
fixtures/web-editcontext-real-ime/trace-schema.json,2355,119,119,text,false,false,false,false
fixtures/web-editcontext-real-ime/unsupported-browser-synthetic.json,1172,45,45,text,false,false,false,false
fixtures/web-editcontext-runtime-bridge/README.md,1753,30,23,text,false,false,false,false
fixtures/web-editcontext-runtime-bridge/evidence-schema.json,734,24,24,text,false,false,false,false
fixtures/web-editcontext-runtime-bridge/main.arcw,1076,39,30,text,false,false,false,false
fixtures/web-ime-player-rendered/view-runtime-text-controls.json,3040,127,127,text,false,false,false,false
fixtures/windows-tsf/acp-surrogate-pair.json,396,22,22,text,false,false,false,false
fixtures/windows-tsf/composition-commit.json,628,32,32,text,false,false,false,false
fixtures/windows-tsf/display-attributes.json,865,38,38,text,false,false,false,false
fixtures/windows-tsf/edit-session-grouping.json,483,21,21,text,false,false,false,false
fixtures/windows-tsf/focus-generation-change.json,508,23,23,text,false,false,false,false
fixtures/windows-tsf/geometry-clipped-no-layout.json,553,32,32,text,false,false,false,false
fixtures/windows-tsf/invalid-acp-range-diagnostic.json,461,22,22,text,false,false,false,false
fixtures/windows-tsf/reconversion-facts.json,709,27,27,text,false,false,false,false
fixtures/windows-tsf/secure-redaction.json,590,25,25,text,false,false,false,false
fixtures/windows-tsf-real-ime/CAPTURE_STATUS.md,1147,25,19,text,false,false,false,false
fixtures/windows-tsf-real-ime/expected-microsoft-japanese-ime-hiragana.trace.json,3010,147,147,text,false,false,false,false
fixtures/windows-tsf-real-ime/manual-capture-steps.md,1420,27,23,text,false,false,false,false
fixtures/windows-tsf-real-ime/schema.json,2746,130,130,text,false,false,false,false
samples/README.md,2442,42,39,text,false,false,false,false
samples/agent-script/action-target-fields.awfagent,410,17,14,text,false,false,false,false
samples/agent-script/assertions-smoke.awfagent,315,15,12,text,false,false,false,false
samples/agent-script/cli-advance-text-smoke.awfagent,197,10,9,text,false,false,false,false
samples/agent-script/cli-attach-capture-smoke.awfagent,388,17,16,text,false,false,false,false
samples/agent-script/cli-attach-resource-smoke.awfagent,349,12,11,text,false,false,false,false
samples/agent-script/cli-budget-smoke.awfagent,381,20,19,text,false,false,false,false
samples/agent-script/cli-capture-smoke.awfagent,289,15,14,text,false,false,false,false
samples/agent-script/cli-composite-wait-smoke.awfagent,358,15,14,text,false,false,false,false
samples/agent-script/cli-pointer-click-smoke.awfagent,320,14,13,text,false,false,false,false
samples/agent-script/cli-read-resource-metadata-smoke.awfagent,552,15,14,text,false,false,false,false
samples/agent-script/cli-read-resource-smoke.awfagent,318,11,10,text,false,false,false,false
samples/agent-script/cli-read-resource-value-smoke.awfagent,278,10,9,text,false,false,false,false
samples/agent-script/cli-run-smoke.awfagent,172,10,9,text,false,false,false,false
samples/agent-script/cli-state-wait-smoke.awfagent,466,20,19,text,false,false,false,false
samples/agent-script/failure-investigation.awfagent,1293,48,40,text,false,false,false,false
samples/agent-script/native-advance-text-game.awfagent,244,14,10,text,false,false,false,false
samples/agent-script/native-choice-dispatch.arcw,1057,49,40,text,false,false,false,false
samples/agent-script/native-choice-dispatch.awfagent,595,28,22,text,false,false,false,false
samples/agent-script/native-entity-meta.awfagent,419,17,14,text,false,false,false,false
samples/agent-script/native-flow-wait-smoke.awfagent,283,10,9,text,false,false,false,false
samples/agent-script/native-invoke-action.awfagent,290,14,10,text,false,false,false,false
samples/agent-script/native-project-graph-relations.arcw,211,15,12,text,false,false,false,false
samples/agent-script/native-project-graph-relations.awfagent,532,19,15,text,false,false,false,false
samples/agent-script/native-project-index.arcw,650,35,29,text,false,false,false,false
samples/agent-script/native-project-neighbors.awfagent,609,23,18,text,false,false,false,false
samples/agent-script/native-visual-regression.arcw,835,47,37,text,false,false,false,false
samples/agent-script/opening-smoke.awfagent,1128,50,44,text,false,false,false,false
samples/agent-script/repl-connect-smoke.txt,230,9,8,text,false,false,false,false
samples/agent-script/repl-inspection-smoke.txt,285,13,12,text,false,false,false,false
samples/agent-script/repl-live-binding-smoke.txt,293,11,10,text,false,false,false,false
samples/agent-script/repl-physical-pointer-smoke.txt,77,2,2,text,false,false,false,false
samples/agent-script/repl-smoke.txt,186,10,9,text,false,false,false,false
samples/agent-script/repl-trace-readonly-smoke.txt,178,7,6,text,false,false,false,false
samples/agent-script/visual-regression.awfagent,944,43,37,text,false,false,false,false
samples/desktop-capabilities.arcw,372,15,13,text,false,false,false,false
samples/desktop-owned-window-close.arcw,711,35,30,text,false,false,false,false
samples/desktop-owned-window-demo.arcw,2419,91,70,text,false,false,false,false
samples/focus-navigation-controller-dsl/README.md,900,17,13,text,false,false,false,false
samples/focus-navigation-controller-dsl/arcw.toml,155,9,7,text,false,false,false,false
samples/focus-navigation-controller-dsl/src/main.arcw,2048,78,63,text,false,false,false,false
samples/function-curried-call-groups/README.md,537,15,11,text,false,false,false,false
samples/function-curried-call-groups/arcw.toml,151,9,7,text,false,false,false,false
samples/function-curried-call-groups/src/main.arcw,384,20,16,text,false,false,false,false
samples/image-animation.arcw,4880,171,134,text,false,false,false,false
samples/ime-css-fonts/README.md,2137,75,53,text,false,false,false,false
samples/modern-feedback-view/README.md,2176,57,44,text,false,false,false,false
samples/modern-feedback-view/arcw.toml,296,16,13,text,false,false,false,false
samples/modern-feedback-view/src/main.arcw,8433,286,244,text,false,false,false,false
samples/native-style-layout-coverage/README.md,473,14,10,text,false,false,false,false
samples/native-style-layout-coverage/arcw.toml,277,14,11,text,false,false,false,false
samples/native-style-layout-coverage/src/main.arcw,2847,109,96,text,false,false,false,false
samples/native-style-parity/README.md,1590,36,27,text,false,false,false,false
samples/native-style-parity/arcw.toml,256,14,11,text,false,false,false,false
samples/native-style-parity/src/main.arcw,4735,166,145,text,false,false,false,false
samples/native-text-input/README.md,1136,28,21,text,false,false,false,false
samples/native-text-input/arcw.toml,141,9,7,text,false,false,false,false
samples/native-text-input/src/main.arcw,3453,134,112,text,false,false,false,false
samples/reactive-view-style/README.md,952,26,18,text,false,false,false,false
samples/reactive-view-style/arcw.toml,259,14,11,text,false,false,false,false
samples/reactive-view-style/src/main.arcw,4455,159,140,text,false,false,false,false
samples/rich-text-effects-animation/arcw.toml,275,14,11,text,false,false,false,false
samples/rich-text-effects-animation/src/main.arcw,5228,136,121,text,false,false,false,false
samples/rich-text-full-grammar.arcw,6883,166,147,text,false,false,false,false
samples/rich-text-fx.arcw,1210,59,52,text,false,false,false,false
samples/rich-text-showcase/README.md,483,12,9,text,false,false,false,false
samples/rich-text-showcase/arcw.toml,243,14,11,text,false,false,false,false
samples/rich-text-showcase/src/main.arcw,5489,197,171,text,false,false,false,false
samples/rich-text-windows-fonts.arcw,2925,101,89,text,false,false,false,false
samples/text-submit-flow/README.md,2089,59,44,text,false,false,false,false
samples/text-submit-flow/arcw.toml,140,9,7,text,false,false,false,false
samples/text-submit-flow/src/main.arcw,2126,98,79,text,false,false,false,false
samples/unified-text-visual-parity/README.md,1682,31,26,text,false,false,false,false
samples/unified-text-visual-parity/arcw.toml,276,14,11,text,false,false,false,false
samples/unified-text-visual-parity/src/main.arcw,3729,126,111,text,false,false,false,false
samples/vertical-writing-style/README.md,3214,64,53,text,false,false,false,false
samples/vertical-writing-style/arcw.toml,275,14,11,text,false,false,false,false
samples/vertical-writing-style/reference.html,1777,79,74,text,false,false,false,false
samples/vertical-writing-style/src/main.arcw,2999,101,89,text,false,false,false,false
samples/visual-novel-mini/README.md,2976,63,53,text,false,false,false,false
samples/visual-novel-mini/arcw.toml,734,39,32,text,false,false,false,false
samples/visual-novel-mini/benches/opening.arcw,433,17,14,text,false,false,false,false
samples/visual-novel-mini/src/game.arcw,3042,138,114,text,false,false,false,false
samples/visual-novel-mini/src/server.arcw,206,12,10,text,false,false,false,false
samples/visual-novel-mini/src/tool.arcw,117,8,7,text,false,false,false,false
samples/visual-novel-mini/tests/opening.arcw,866,45,38,test,false,true,false,false
samples/zundamon-awchar/arcw.toml,436,25,20,text,false,false,false,false
samples/zundamon-awchar/assets/zundamon.awchar/character.awchar.json,3411,167,167,text,false,false,false,false
samples/zundamon-awchar/src/main.arcw,742,38,31,text,false,false,false,false
samples/zundamon-stand-switch/README.md,2444,62,44,text,false,false,false,false
samples/zundamon-stand-switch/arcw.toml,293,17,13,text,false,false,false,false
samples/zundamon-stand-switch/src/main.arcw,4479,164,145,text,false,false,false,false
structure-audits/lang-01-1-1-2-1-entity-family-projection-2026-07-22/violations.md,27729,829,415,text,false,false,false,false
tests/fixtures/arcw/current_pass/check/001_minimal_flow_return.arcw,53,3,3,test,false,true,false,false
tests/fixtures/arcw/current_pass/check/002_two_flow_goto.arcw,101,7,6,test,false,true,false,false
tests/fixtures/arcw/current_pass/check/003_simple_log_effect.arcw,77,4,4,test,false,true,false,false
tests/fixtures/arcw/current_pass/check/004_if_statement.arcw,100,6,6,test,false,true,false,false
tests/fixtures/arcw/current_pass/check/005_match_statement.arcw,117,6,6,test,false,true,false,false
tests/fixtures/arcw/current_pass/check/006_loop_break_value.arcw,150,10,9,test,false,true,false,false
tests/fixtures/arcw/current_pass/check/007_scope_value.arcw,169,8,8,test,false,true,false,false
tests/fixtures/arcw/current_pass/check/008_let_else_diverge.arcw,185,10,9,test,false,true,false,false
tests/fixtures/arcw/current_pass/check/009_choice_static_goto.arcw,144,9,8,test,false,true,false,false
tests/fixtures/arcw/current_pass/check/010_dialogue_basic.arcw,122,7,6,test,false,true,false,false
tests/fixtures/arcw/current_pass/check/011_dialogue_with_plan.arcw,181,9,8,test,false,true,false,false
tests/fixtures/arcw/current_pass/check/012_function_final_expr.arcw,157,11,9,test,false,true,false,false
tests/fixtures/arcw/current_pass/check/013_task_fn_await_shape.arcw,262,14,11,test,false,true,false,false
tests/fixtures/arcw/current_pass/check/014_struct_enum_type_alias.arcw,196,15,12,test,false,true,false,false
tests/fixtures/arcw/current_pass/check/015_state_defaults.arcw,138,8,7,test,false,true,false,false
tests/fixtures/arcw/current_pass/check/016_source_decl.arcw,234,12,10,test,false,true,false,false
tests/fixtures/arcw/current_pass/check/017_stream_fn_shape.arcw,126,7,6,test,false,true,false,false
tests/fixtures/arcw/current_pass/check/018_trait_impl_shape.arcw,270,20,16,test,false,true,false,false
tests/fixtures/arcw/current_pass/check/019_line_defer_cleanup.arcw,170,9,8,test,false,true,false,false
tests/fixtures/arcw/current_pass/check/020_relative_ids.arcw,180,11,10,test,false,true,false,false
tests/fixtures/arcw/current_pass/check/021_keyword_like_identifier_if_else.arcw,145,7,7,test,false,true,false,false
tests/fixtures/arcw/current_pass/check/022_family_relative_test_bench_ids.arcw,221,12,10,test,false,true,false,false
tests/fixtures/arcw/current_pass/check/023_dialogue_cancel_defer_on.arcw,378,16,15,test,false,true,false,false
tests/fixtures/arcw/current_pass/check/024_source_stream_for_yield.arcw,479,21,17,test,false,true,false,false
tests/fixtures/arcw/current_pass/check/025_proof_unsafe_lifetime.arcw,315,11,9,test,false,true,false,false
tests/fixtures/arcw/current_pass/check/026_headless_observation_calls.arcw,351,12,11,test,false,true,false,false
tests/fixtures/arcw/current_pass/check/027_dialogue_bare_scope_after_bracket_call.arcw,547,20,17,test,false,true,false,false
tests/fixtures/arcw/current_pass/run/001_return_done.arcw,98,5,4,test,false,true,false,false
tests/fixtures/arcw/current_pass/run/002_goto_done.arcw,144,9,7,test,false,true,false,false
tests/fixtures/arcw/current_pass/run/003_log_then_return.arcw,122,6,5,test,false,true,false,false
tests/fixtures/arcw/current_pass/run/004_signal_metric_event.arcw,324,11,9,test,false,true,false,false
tests/fixtures/arcw/current_pass/run/005_loop_break_route.arcw,193,12,10,test,false,true,false,false
tests/fixtures/arcw/current_pass/run/006_if_goto.arcw,205,12,10,test,false,true,false,false
tests/fixtures/arcw/current_pass/run/007_match_return.arcw,160,8,7,test,false,true,false,false
tests/fixtures/arcw/current_pass/run/008_scope_return.arcw,192,9,8,test,false,true,false,false
tests/fixtures/arcw/current_pass/run/009_dialogue_line.arcw,165,9,7,test,false,true,false,false
tests/fixtures/arcw/current_pass/run/010_line_task_effects.arcw,230,11,9,test,false,true,false,false
tests/fixtures/arcw/current_pass/run/011_source_stream_policy_plan.arcw,518,23,18,test,false,true,false,false
tests/fixtures/arcw/metadata/fixture_manifest.json,38670,994,994,test,false,true,false,false
tests/fixtures/arcw/spec_should_fail/001_absolute_unix_path.arcw,272,5,5,test,false,true,false,false
tests/fixtures/arcw/spec_should_fail/002_absolute_windows_path.arcw,274,5,5,test,false,true,false,false
tests/fixtures/arcw/spec_should_fail/005_bare_relative_goto.arcw,41,3,3,test,false,true,false,false
tests/fixtures/arcw/spec_should_fail/006_missing_capability_effect.arcw,216,8,8,test,false,true,false,false
tests/fixtures/arcw/spec_should_fail/007_direct_network_without_capability.arcw,125,4,4,test,false,true,false,false
tests/fixtures/arcw/spec_should_fail/008_runtime_frame_name_forbidden_doc_sample.arcw,107,4,4,test,false,true,false,false
tests/fixtures/arcw/spec_should_fail/009_ambiguous_bare_dot_id.arcw,40,3,3,test,false,true,false,false
tests/fixtures/arcw/spec_should_fail/011_await_question_with_rejected.arcw,157,6,6,test,false,true,false,false
tests/fixtures/arcw/spec_should_fail/013_continue_expr_position_rejected.arcw,109,6,6,test,false,true,false,false
tests/fixtures/arcw/spec_should_fail/014_let_else_non_diverging_rejected.arcw,195,10,9,test,false,true,false,false
tests/fixtures/arcw/spec_should_fail/015_break_value_in_while_rejected.arcw,92,6,6,test,false,true,false,false
tests/fixtures/arcw/spec_should_fail/016_yield_in_flow_rejected.arcw,65,4,4,test,false,true,false,false
tests/fixtures/arcw/spec_should_fail/017_out_in_flow_rejected.arcw,63,4,4,test,false,true,false,false
tests/fixtures/arcw/spec_should_fail/018_private_full_replay_rejected.arcw,235,12,10,test,false,true,false,false
tests/fixtures/arcw/spec_should_fail/019_unsafe_lifetime_missing_reason_rejected.arcw,219,6,5,test,false,true,false,false
tests/fixtures/arcw/spec_should_fail/020_unsafe_block_missing_safety_doc_rejected.arcw,206,5,5,test,false,true,false,false
tests/fixtures/arcw/spec_should_fail/021_await_question_with_context_rejected.arcw,258,8,7,test,false,true,false,false
tests/fixtures/arcw/spec_should_pass/bench/001_thread_scheduling.arcw,280,16,15,test,false,true,false,false
tests/fixtures/arcw/spec_should_pass/bench/002_map_pure_jit.arcw,463,16,14,test,false,true,false,false
tests/fixtures/arcw/spec_should_pass/bench/003_for_pure_jit.arcw,466,18,16,test,false,true,false,false
tests/fixtures/arcw/spec_should_pass/bench/004_system_info_threads.arcw,906,26,24,test,false,true,false,false
tests/fixtures/arcw/spec_should_pass/bench/005_inferred_pure_jit.arcw,396,15,13,test,false,true,false,false
tests/fixtures/arcw/spec_should_pass/bench/006_linear_aot.arcw,191,9,8,test,false,true,false,false
tests/fixtures/arcw/spec_should_pass/bench/007_branching_iter_pure_jit.arcw,755,24,22,test,false,true,false,false
tests/fixtures/arcw/spec_should_pass/bench/008_large_map_pure_batch.arcw,428,16,14,test,false,true,false,false
tests/fixtures/arcw/spec_should_pass/bench/009_nonuniform_map_pure_batch.arcw,1344,16,14,test,false,true,false,false
tests/fixtures/arcw/spec_should_pass/bench/010_dense_i32_sum.arcw,1147,10,9,test,false,true,false,false
tests/fixtures/arcw/spec_should_pass/bench/011_dense_u64_sum.arcw,1147,10,9,test,false,true,false,false
tests/fixtures/arcw/spec_should_pass/bench/012_dense_integer_widths_sum.arcw,2024,16,15,test,false,true,false,false
tests/fixtures/arcw/spec_should_pass/bench/013_dense_scalar_len.arcw,632,14,13,test,false,true,false,false
tests/fixtures/arcw/spec_should_pass/bench/014_dense_textual_scalar_len.arcw,574,16,14,test,false,true,false,false
tests/fixtures/arcw/spec_should_pass/bench/015_dense_wide_numeric_len.arcw,688,13,12,test,false,true,false,false
tests/fixtures/arcw/spec_should_pass/bench/016_dense_i32_map_pure_batch.arcw,1348,16,14,test,false,true,false,false
tests/fixtures/arcw/spec_should_pass/bench/017_dense_u32_map_pure_batch.arcw,1348,16,14,test,false,true,false,false
tests/fixtures/arcw/spec_should_pass/bench/018_dense_u64_map_pure_batch.arcw,1348,16,14,test,false,true,false,false
tests/fixtures/arcw/spec_should_pass/bench/019_dense_i128_map_pure_batch.arcw,1489,16,14,test,false,true,false,false
tests/fixtures/arcw/spec_should_pass/bench/020_dense_u128_map_pure_batch.arcw,1489,16,14,test,false,true,false,false
tests/fixtures/arcw/spec_should_pass/bench/021_columnar_record_projection.arcw,516,9,8,test,false,true,false,false
tests/fixtures/arcw/spec_should_pass/bench/022_dense_f32_map_pure_batch.arcw,429,15,13,test,false,true,false,false
tests/fixtures/arcw/spec_should_pass/bench/023_dense_f64_map_pure_batch.arcw,429,15,13,test,false,true,false,false
tests/fixtures/arcw/spec_should_pass/bench/024_matrix_matmul_f32.arcw,247,8,7,test,false,true,false,false
tests/fixtures/arcw/spec_should_pass/bench/025_matrix_add_f32.arcw,239,8,7,test,false,true,false,false
tests/fixtures/arcw/spec_should_pass/bench/026_tensor_add_f32.arcw,239,8,7,test,false,true,false,false
tests/fixtures/arcw/spec_should_pass/bench/027_matrix_matmul_f64.arcw,247,8,7,test,false,true,false,false
tests/fixtures/arcw/spec_should_pass/bench/028_tensor_add_f64.arcw,239,8,7,test,false,true,false,false
tests/fixtures/arcw/spec_should_pass/bench/029_dense_i8_map_pure_batch.arcw,506,16,14,test,false,true,false,false
tests/fixtures/arcw/spec_should_pass/bench/030_dense_i16_map_pure_batch.arcw,535,16,14,test,false,true,false,false
tests/fixtures/arcw/spec_should_pass/bench/031_dense_u8_map_pure_batch.arcw,506,16,14,test,false,true,false,false
tests/fixtures/arcw/spec_should_pass/bench/032_dense_u16_map_pure_batch.arcw,535,16,14,test,false,true,false,false
tests/fixtures/arcw/spec_should_pass/bench/033_mixed_for_iter_pure_jit.arcw,1198,42,35,test,false,true,false,false
tests/fixtures/arcw/spec_should_pass/bench/034_mixed_aot_prefix.arcw,284,13,12,test,false,true,false,false
tests/fixtures/arcw/spec_should_pass/bench/035_matrix_add_f64.arcw,239,8,7,test,false,true,false,false
tests/fixtures/arcw/spec_should_pass/bench/036_dense_isize_map_pure_batch.arcw,1630,16,14,test,false,true,false,false
tests/fixtures/arcw/spec_should_pass/bench/037_dense_usize_map_pure_batch.arcw,1630,16,14,test,false,true,false,false
tests/fixtures/arcw/spec_should_pass/bench/038_wide_for_pure_jit.arcw,714,28,24,test,false,true,false,false
tests/fixtures/arcw/spec_should_pass/bench/039_hot_for_pure_auto_jit.arcw,675,28,24,test,false,true,false,false
tests/fixtures/arcw/spec_should_pass/bench/040_mixed_width_for_iter_pure_jit.arcw,2176,70,61,test,false,true,false,false
tests/fixtures/arcw/spec_should_pass/check/001_entry_game.arcw,519,32,27,test,false,true,false,false
tests/fixtures/arcw/spec_should_pass/check/002_entry_cli.arcw,100,7,6,test,false,true,false,false
tests/fixtures/arcw/spec_should_pass/check/003_entry_server.arcw,109,7,6,test,false,true,false,false
tests/fixtures/arcw/spec_should_pass/check/004_entry_activity.arcw,115,7,6,test,false,true,false,false
tests/fixtures/arcw/spec_should_pass/check/005_entry_test.arcw,521,32,27,test,false,true,false,false
tests/fixtures/arcw/spec_should_pass/check/006_entry_bench.arcw,106,7,6,test,false,true,false,false
tests/fixtures/arcw/spec_should_pass/check/010_capability_fs_read.arcw,425,14,12,test,false,true,false,false
tests/fixtures/arcw/spec_should_pass/check/011_capability_fs_write.arcw,434,14,12,test,false,true,false,false
tests/fixtures/arcw/spec_should_pass/check/012_capability_stdio.arcw,373,13,11,test,false,true,false,false
tests/fixtures/arcw/spec_should_pass/check/013_capability_http_entry.arcw,312,13,11,test,false,true,false,false
tests/fixtures/arcw/spec_should_pass/check/014_virtual_path_reject_os_paths_positive.arcw,396,14,13,test,false,true,false,false
tests/fixtures/arcw/spec_should_pass/check/020_multiline_struct_field_default.arcw,158,10,8,test,false,true,false,false
tests/fixtures/arcw/spec_should_pass/check/021_multiline_enum_variant_payload.arcw,197,10,8,test,false,true,false,false
tests/fixtures/arcw/spec_should_pass/check/022_multiline_trait_method.arcw,154,8,7,test,false,true,false,false
tests/fixtures/arcw/spec_should_pass/check/023_trait_default_method_body.arcw,100,5,4,test,false,true,false,false
tests/fixtures/arcw/spec_should_pass/check/024_reducer_body_structured.arcw,203,8,7,test,false,true,false,false
tests/fixtures/arcw/spec_should_pass/check/025_view_body_structured.arcw,112,5,4,test,false,true,false,false
tests/fixtures/arcw/spec_should_pass/check/026_pure_fn_call_value_position.arcw,165,10,9,test,false,true,false,false
tests/fixtures/arcw/spec_should_pass/check/027_method_call_value_position.arcw,153,8,7,test,false,true,false,false
tests/fixtures/arcw/spec_should_pass/check/028_index_expr_value_position.arcw,149,6,6,test,false,true,false,false
tests/fixtures/arcw/spec_should_pass/check/029_range_expr_value_position.arcw,112,5,5,test,false,true,false,false
tests/fixtures/arcw/spec_should_pass/check/030_closure_pipeline_value_position.arcw,172,6,6,test,false,true,false,false
tests/fixtures/arcw/spec_should_pass/check/031_nested_braces_in_string.arcw,137,8,7,test,false,true,false,false
tests/fixtures/arcw/spec_should_pass/check/032_raw_dialogue_braces.arcw,141,5,5,test,false,true,false,false
tests/fixtures/arcw/spec_should_pass/check/033_struct_doc_multiline_field.arcw,193,8,5,test,false,true,false,false
tests/fixtures/arcw/spec_should_pass/check/034_function_multiline_signature.arcw,149,8,7,test,false,true,false,false
tests/fixtures/arcw/spec_should_pass/check/035_impl_multiline_fn_body.arcw,207,11,10,test,false,true,false,false
tests/fixtures/arcw/spec_should_pass/check/036_source_handler_block_body.arcw,284,13,11,test,false,true,false,false
tests/fixtures/arcw/spec_should_pass/check/037_entry_selected_not_first_flow.arcw,155,4,3,test,false,true,false,false
tests/fixtures/arcw/spec_should_pass/check/038_flow_effect_capability_annotation.arcw,216,6,6,test,false,true,false,false
tests/fixtures/arcw/spec_should_pass/check/039_top_level_test_uses_entry.arcw,198,7,6,test,false,true,false,false
tests/fixtures/arcw/spec_should_pass/check/040_activity_entry.arcw,136,4,4,test,false,true,false,false
tests/fixtures/arcw/spec_should_pass/check/041_entry_declaration_edge.arcw,111,7,6,test,false,true,false,false
tests/fixtures/arcw/spec_should_pass/check/042_entry_explicit_start.arcw,159,6,5,test,false,true,false,false
tests/fixtures/arcw/spec_should_pass/check/042_fn_result_match_final_expr.arcw,319,16,15,test,false,true,false,false
tests/fixtures/arcw/spec_should_pass/check/043_struct_destructure_multiline_literal.arcw,288,19,17,test,false,true,false,false
tests/fixtures/arcw/spec_should_pass/check/044_pattern_binding_combo.arcw,429,18,16,test,false,true,false,false
tests/fixtures/arcw/spec_should_pass/check/045_dialogue_sugar_ruby_timed_cancel.arcw,407,15,14,test,false,true,false,false
tests/fixtures/arcw/spec_should_pass/check/046_source_stream_payload_edge.arcw,522,19,16,test,false,true,false,false
tests/fixtures/arcw/spec_should_pass/check/047_relative_declaration_families_edge.arcw,275,18,14,test,false,true,false,false
tests/fixtures/arcw/spec_should_pass/check/048_literals_units_char_edge.arcw,121,7,7,test,false,true,false,false
tests/fixtures/arcw/spec_should_pass/check/049_await_context_option_boundaries.arcw,689,25,20,test,false,true,false,false
tests/fixtures/arcw/spec_should_pass/check/050_comments_strings_unicode_paths.arcw,443,8,7,test,false,true,false,false
tests/fixtures/arcw/spec_should_pass/check/051_collections_vec_array_methods.arcw,335,14,13,test,false,true,false,false
tests/fixtures/arcw/spec_should_pass/check/052_deep_relative_ids_and_family_refs.arcw,404,19,16,test,false,true,false,false
tests/fixtures/arcw/spec_should_pass/check/053_dialogue_rich_text_full_grammar.arcw,5386,160,136,test,false,true,false,false
tests/fixtures/arcw/spec_should_pass/check/054_server_health.arcw,294,5,5,test,false,true,false,false
tests/fixtures/arcw/spec_should_pass/run/001_cli_stdout_entry.arcw,301,9,9,test,false,true,false,false
tests/fixtures/arcw/spec_should_pass/run/002_file_read_task.arcw,402,7,7,test,false,true,false,false
tests/fixtures/arcw/spec_should_pass/run/003_file_write_task.arcw,412,7,7,test,false,true,false,false
tests/fixtures/arcw/spec_should_pass/run/005_pure_call_runtime.arcw,174,8,7,test,false,true,false,false
tests/fixtures/arcw/spec_should_pass/run/006_entry_second_flow.arcw,592,30,26,test,false,true,false,false
tests/fixtures/arcw/spec_should_pass/run/007_source_stream_payload.arcw,271,10,9,test,false,true,false,false
tests/fixtures/arcw/spec_should_pass/run/008_method_value_runtime.arcw,189,7,6,test,false,true,false,false
tests/fixtures/arcw/spec_should_pass/run/009_index_runtime.arcw,124,6,5,test,false,true,false,false
tests/fixtures/arcw/spec_should_pass/run/010_runtime_step_budget_many_ops.arcw,183,10,9,test,false,true,false,false
tests/fixtures/arcw/spec_should_pass/run/011_dialogue_line_value_and_handle_discard.arcw,470,17,14,test,false,true,false,false
tests/fixtures/focus-navigation-expected-view-program.json,1108,34,34,test,false,true,false,false
tests/fixtures/native_capture/README.md,6063,87,79,test,false,true,false,false
tests/fixtures/native_capture/unified-text-effects-migration-baseline/arcw.toml,322,14,11,test,false,true,false,false
tests/fixtures/native_capture/unified-text-effects-migration-baseline/src/main.arcw,3846,100,91,test,false,true,false,false
tests/fixtures/native_capture/unified_text_reveal_vertical_migration_baseline.arcw,1323,26,23,test,false,true,false,false
tests/fixtures/native_capture/vertical_goal_clear_smoke.arcw,669,21,18,test,false,true,false,false
tests/fixtures/native_capture/vertical_jlreq_preset_loose_golden.arcw,623,20,17,test,false,true,false,false
tests/fixtures/native_capture/vertical_jlreq_preset_normal_golden.arcw,630,20,17,test,false,true,false,false
tests/fixtures/native_capture/vertical_lr_ruby_text_combine_golden.arcw,617,20,17,test,false,true,false,false
tests/fixtures/native_capture/vertical_tutr_golden.arcw,545,20,17,test,false,true,false,false
tests/fixtures/native_style_text_raster/README.md,443,8,6,test,false,true,false,false
tests/fixtures/native_style_text_raster/evidence-checkpoints.json,2177,50,50,test,false,true,false,false
tools/build-web-ime-player-rendered-fixture.rs,11852,311,296,production,true,false,false,false
tools/capture-bundle-scene-frame.rs,9633,262,247,production,true,false,false,false
tools/capture-seq06-13e1-inset-shadow-native-frame.rs,23253,722,665,production,true,false,false,false
tools/capture-text-parity-frame.rs,22186,624,597,production,true,false,false,false
tools/capture-webgpu-native-frame.rs,7098,189,176,production,true,false,false,false
tools/collect-pinned-windows-review-evidence.rs,10635,337,285,production,true,false,false,false
tools/collect-seq06-13e1-inset-shadow-pinned-golden-evidence.rs,40314,1183,1094,production,true,false,false,false
tools/generate-webgpu-demo-assets.rs,9287,281,253,production,true,false,false,false
tools/generate_jlreq_punctuation_data.rs,16116,422,398,production,true,false,false,false
tools/prepare-zundamon-sample.rs,13166,401,372,production,true,false,false,false
tools/profile-native-style-parity-startup.rs,6701,233,217,production,true,false,false,false
tools/regenerate-windowed-live-patch-fixtures.rs,7327,214,195,production,true,false,false,false
tools/run-text-parity-gates.rs,8696,265,242,production,true,false,false,false
tools/structure-audit.rs,31251,969,883,production,true,false,false,false
tools/verify-seq06-16-3-native-smoke-trace.rs,6521,210,186,production,true,false,false,false
tools/verify-text-raster-parity.rs,60081,1795,1697,production,true,false,false,false
tools/verify-unified-text-visual-parity.rs,18853,554,517,production,true,false,false,false
tools/verify-webgpu-parity.rs,13635,405,385,production,true,false,false,false
tools/write-native-golden-fingerprint.rs,13931,392,346,production,true,false,false,false
web/README.md,3472,101,74,text,false,false,false,false
web/arcw.toml,248,17,13,text,false,false,false,false
web/arcweft-grant-storage.js,7170,241,211,text,false,false,false,false
web/arcweft-microphone-worklet.js,1325,49,44,text,false,false,false,false
web/arcweft.web_frame_observation.v1.schema.json,3706,114,114,text,false,false,false,false
web/arcweft.web_observation.v2.schema.json,1545,42,42,text,false,false,false,false
web/assets/LICENSE-NotoSans.txt,4377,94,76,text,false,false,false,false
web/assets/README.md,2544,43,40,text,false,false,false,false
web/deno.json,111,5,5,text,false,false,false,false
web/ime-player-rendered.arcw,1165,44,27,text,false,false,false,false
web/ime-sample.css,1261,59,54,text,false,false,false,false
web/ime-sample.html,914,29,29,text,false,false,false,false
web/ime-sample.js,2195,78,67,text,false,false,false,false
web/index.html,991,26,26,text,false,false,false,false
web/package-lock.json,1695,60,60,text,false,false,false,false
web/package.json,692,15,15,text,false,false,false,false
web/pkg/arcweft_player_web.d.ts,7101,106,60,text,false,false,false,false
web/pkg/arcweft_player_web.js,126402,2981,2744,text,false,false,false,false
web/pkg/arcweft_player_web_bg.wasm.d.ts,4428,46,44,text,false,false,false,false
web/player-editcontext.js,36876,1017,929,text,false,false,false,false
web/player.js,13240,396,365,text,false,false,false,false
web/seq06-13e1-inset-shadow-capture.html,771,32,32,text,false,false,false,false
web/src/main.arcw,4021,156,139,text,false,false,false,false
web/style.css,1180,58,53,text,false,false,false,false
web/test-results/.last-run.json,292,10,10,text,false,false,false,false
web/tests/fixtures/style-environment-player/arcw.toml,257,14,11,test,false,true,false,false
web/tests/fixtures/style-environment-player/src/main.arcw,1426,67,59,test,false,true,false,false
