row_id	category	final_variant_or_record	allocation_key	parent_child_roles_and_ordinals	scope_and_local_visibility	known_family_vs_generic_recovery	omitted_tail_missing_tail_missing_operand	clean_query	poisoned_query	stale_query	foreign_query	synthetic_query	rolled_back_query	limits_charged	exact_boundary_assertion	one_over_rollback_assertion	test_ids
E01	expression	Unit	(SyntaxNodeId,HirIdKind::Expr) -> ExprId	none	inherit	known Unit; generic Error	not applicable	source_site(expected_source, HirSourceQuery::Expr { owner, role }) => Present(Span), owner_status Clean	source_site(expected_source, HirSourceQuery::Expr { owner, role }) => Present(Span|Insertion), owner_status Poisoned; typed issue retained	source_site(expected_source, HirSourceQuery::Expr { owner, role }) => WrongSourceDocument/StaleSourceRevision/SourceLengthMismatch; no projection	source_site(expected_source, HirSourceQuery::Expr { owner, role }) => owner-specific Resolve(WrongModule); no projection	source_site(expected_source, HirSourceQuery::Expr { owner, role }) => Present(Insertion) only for an accepted synthetic owner and applicable insertion role; otherwise owner-specific RoleNotApplicable or AbsentOptional; no insertion is fabricated	transaction returns no public owner ID; rollback receipt NotPublished; committed source index has no key	HIR expr slot	all preflight charges pass; one transaction commits IDs, source rows, scopes, diagnostics and results	preflight/checked allocation fails atomically; no prefix/truncation/replay/leak	T-E01; T-Q-01; T-RB-01; none
E02	expression	Literal	(SyntaxNodeId,HirIdKind::Expr) -> ExprId	LiteralBody/Prefix/Suffix/Unit through HirExprSourceRole; no source text in payload	inherit	malformed under limits => family-specific poisoned literal; hard limit => HirLowerError::Limit and no ID; unclassified => Error	missing body => family poison	source_site(expected_source, HirSourceQuery::Expr { owner, role }) => Present(Span), owner_status Clean	source_site(expected_source, HirSourceQuery::Expr { owner, role }) => Present(Span|Insertion), owner_status Poisoned; typed issue retained	source_site(expected_source, HirSourceQuery::Expr { owner, role }) => WrongSourceDocument/StaleSourceRevision/SourceLengthMismatch; no projection	source_site(expected_source, HirSourceQuery::Expr { owner, role }) => owner-specific Resolve(WrongModule); no projection	source_site(expected_source, HirSourceQuery::Expr { owner, role }) => Present(Insertion) only for an accepted synthetic owner and applicable insertion role; otherwise owner-specific RoleNotApplicable or AbsentOptional; no insertion is fabricated	transaction returns no public owner ID; rollback receipt NotPublished; committed source index has no key	SourceDocumentBytes 8,388,608; DecodedStringBytes 8,388,608; NumericDigits 65,536; DecimalCoefficient 65,536; scale 65,536; exponent abs 1,000,000	every exact leaf/source limit preflights; one transaction commits ExprId, source rows and canonical payload	each one-over returns exact HirLimitError and publishes no ExprId/source/diagnostic/checked value	T-E02; T-Q-02; T-RB-02; T-FLOAT-01; T-DUR-01; T-DURATION-IDENTITY-01; T-CHECKER-OVERFLOW-01; T-HIR-LIMIT-01
E03	expression	EntityReference	(SyntaxNodeId,HirIdKind::Expr) -> ExprId	ID components	inherit	HirIdRef poison; generic Error	missing ID body => ID poison	source_site(expected_source, HirSourceQuery::Expr { owner, role }) => Present(Span), owner_status Clean	source_site(expected_source, HirSourceQuery::Expr { owner, role }) => Present(Span|Insertion), owner_status Poisoned; typed issue retained	source_site(expected_source, HirSourceQuery::Expr { owner, role }) => WrongSourceDocument/StaleSourceRevision/SourceLengthMismatch; no projection	source_site(expected_source, HirSourceQuery::Expr { owner, role }) => owner-specific Resolve(WrongModule); no projection	source_site(expected_source, HirSourceQuery::Expr { owner, role }) => Present(Insertion) only for an accepted synthetic owner and applicable insertion role; otherwise owner-specific RoleNotApplicable or AbsentOptional; no insertion is fabricated	transaction returns no public owner ID; rollback receipt NotPublished; committed source index has no key	HIR expr	all preflight charges pass; one transaction commits IDs, source rows, scopes, diagnostics and results	preflight/checked allocation fails atomically; no prefix/truncation/replay/leak	T-E03; T-Q-03; T-RB-03; ID ref
E04	expression	LifetimePath	(SyntaxNodeId,HirIdKind::Expr) -> ExprId	RegistryScope; RegistryKeySegment[n]; OptionalMarker	inherit	registry poison; generic Error	missing scope => registry poison	source_site(expected_source, HirSourceQuery::Expr { owner, role }) => Present(Span), owner_status Clean	source_site(expected_source, HirSourceQuery::Expr { owner, role }) => Present(Span|Insertion), owner_status Poisoned; typed issue retained	source_site(expected_source, HirSourceQuery::Expr { owner, role }) => WrongSourceDocument/StaleSourceRevision/SourceLengthMismatch; no projection	source_site(expected_source, HirSourceQuery::Expr { owner, role }) => owner-specific Resolve(WrongModule); no projection	source_site(expected_source, HirSourceQuery::Expr { owner, role }) => Present(Insertion) only for an accepted synthetic owner and applicable insertion role; otherwise owner-specific RoleNotApplicable or AbsentOptional; no insertion is fabricated	transaction returns no public owner ID; rollback receipt NotPublished; committed source index has no key	RegistrySegments 256; RegistrySemanticBytes 65,536; NameBytes 1,024; HIR expr slot	exact registry counts/bytes and expr slot commit atomically	segment/byte one-over or checked-add overflow publishes no expression or prefix registry source rows	T-E04; T-Q-04; T-RB-04; lifetime registry
E05	expression	Path	(SyntaxNodeId,HirIdKind::Expr) -> ExprId	PathRoot; PathSegment[n]	inherit	path poison; generic Error	missing segment => path poison	source_site(expected_source, HirSourceQuery::Expr { owner, role }) => Present(Span), owner_status Clean	source_site(expected_source, HirSourceQuery::Expr { owner, role }) => Present(Span|Insertion), owner_status Poisoned; typed issue retained	source_site(expected_source, HirSourceQuery::Expr { owner, role }) => WrongSourceDocument/StaleSourceRevision/SourceLengthMismatch; no projection	source_site(expected_source, HirSourceQuery::Expr { owner, role }) => owner-specific Resolve(WrongModule); no projection	source_site(expected_source, HirSourceQuery::Expr { owner, role }) => Present(Insertion) only for an accepted synthetic owner and applicable insertion role; otherwise owner-specific RoleNotApplicable or AbsentOptional; no insertion is fabricated	transaction returns no public owner ID; rollback receipt NotPublished; committed source index has no key	PathSegments 256; PathSemanticBytes 65,536; NameBytes 1,024; HIR expr slot	exact path counts/bytes and expr slot commit atomically	segment/byte one-over or checked-add overflow publishes no expression or prefix path source rows	T-E05; T-Q-05; T-RB-05; path roots
E06	expression	ShortVariant	(SyntaxNodeId,HirIdKind::Expr) -> ExprId	ShortVariantName	inherit	invalid name poison; generic Error	missing name => name poison	source_site(expected_source, HirSourceQuery::Expr { owner, role }) => Present(Span), owner_status Clean	source_site(expected_source, HirSourceQuery::Expr { owner, role }) => Present(Span|Insertion), owner_status Poisoned; typed issue retained	source_site(expected_source, HirSourceQuery::Expr { owner, role }) => WrongSourceDocument/StaleSourceRevision/SourceLengthMismatch; no projection	source_site(expected_source, HirSourceQuery::Expr { owner, role }) => owner-specific Resolve(WrongModule); no projection	source_site(expected_source, HirSourceQuery::Expr { owner, role }) => Present(Insertion) only for an accepted synthetic owner and applicable insertion role; otherwise owner-specific RoleNotApplicable or AbsentOptional; no insertion is fabricated	transaction returns no public owner ID; rollback receipt NotPublished; committed source index has no key	HIR expr	all preflight charges pass; one transaction commits IDs, source rows, scopes, diagnostics and results	preflight/checked allocation fails atomically; no prefix/truncation/replay/leak	T-E06; T-Q-06; T-RB-06; short variant
E07	expression	Placeholder	(SyntaxNodeId,HirIdKind::Expr) -> ExprId	PlaceholderMarker	inherit	known placeholder poison; generic Error	missing marker => Error	source_site(expected_source, HirSourceQuery::Expr { owner, role }) => Present(Span), owner_status Clean	source_site(expected_source, HirSourceQuery::Expr { owner, role }) => Present(Span|Insertion), owner_status Poisoned; typed issue retained	source_site(expected_source, HirSourceQuery::Expr { owner, role }) => WrongSourceDocument/StaleSourceRevision/SourceLengthMismatch; no projection	source_site(expected_source, HirSourceQuery::Expr { owner, role }) => owner-specific Resolve(WrongModule); no projection	source_site(expected_source, HirSourceQuery::Expr { owner, role }) => Present(Insertion) only for an accepted synthetic owner and applicable insertion role; otherwise owner-specific RoleNotApplicable or AbsentOptional; no insertion is fabricated	transaction returns no public owner ID; rollback receipt NotPublished; committed source index has no key	HIR expr	all preflight charges pass; one transaction commits IDs, source rows, scopes, diagnostics and results	preflight/checked allocation fails atomically; no prefix/truncation/replay/leak	T-E07; T-Q-07; T-RB-07; both meanings
E08	expression	Tuple	(SyntaxNodeId,HirIdKind::Expr) -> ExprId	Element[n]	inherit	typed Tuple poison; generic Error	missing element => RecoveryOperand[n]	source_site(expected_source, HirSourceQuery::Expr { owner, role }) => Present(Span), owner_status Clean	source_site(expected_source, HirSourceQuery::Expr { owner, role }) => Present(Span|Insertion), owner_status Poisoned; typed issue retained	source_site(expected_source, HirSourceQuery::Expr { owner, role }) => WrongSourceDocument/StaleSourceRevision/SourceLengthMismatch; no projection	source_site(expected_source, HirSourceQuery::Expr { owner, role }) => owner-specific Resolve(WrongModule); no projection	source_site(expected_source, HirSourceQuery::Expr { owner, role }) => Present(Insertion) only for an accepted synthetic owner and applicable insertion role; otherwise owner-specific RoleNotApplicable or AbsentOptional; no insertion is fabricated	transaction returns no public owner ID; rollback receipt NotPublished; committed source index has no key	HIR expr + children	all preflight charges pass; one transaction commits IDs, source rows, scopes, diagnostics and results	preflight/checked allocation fails atomically; no prefix/truncation/replay/leak	T-E08; T-Q-08; T-RB-08; tuple
E09	expression	BracketSequence	(SyntaxNodeId,HirIdKind::Expr) -> ExprId	Element[n]	inherit	typed sequence poison; generic Error	missing element => RecoveryOperand[n]	source_site(expected_source, HirSourceQuery::Expr { owner, role }) => Present(Span), owner_status Clean	source_site(expected_source, HirSourceQuery::Expr { owner, role }) => Present(Span|Insertion), owner_status Poisoned; typed issue retained	source_site(expected_source, HirSourceQuery::Expr { owner, role }) => WrongSourceDocument/StaleSourceRevision/SourceLengthMismatch; no projection	source_site(expected_source, HirSourceQuery::Expr { owner, role }) => owner-specific Resolve(WrongModule); no projection	source_site(expected_source, HirSourceQuery::Expr { owner, role }) => Present(Insertion) only for an accepted synthetic owner and applicable insertion role; otherwise owner-specific RoleNotApplicable or AbsentOptional; no insertion is fabricated	transaction returns no public owner ID; rollback receipt NotPublished; committed source index has no key	HIR expr + children	all preflight charges pass; one transaction commits IDs, source rows, scopes, diagnostics and results	preflight/checked allocation fails atomically; no prefix/truncation/replay/leak	T-E09; T-Q-09; T-RB-09; bracket sequence
E10	expression	NumericBracketSequence	(SyntaxNodeId,HirIdKind::Expr) -> ExprId	NumericElement[n]; NumericCommonSuffix	inherit	typed sequence poison with MissingFinalElement/InvalidElement/ConflictingSuffix	missing final => MissingFinalElement { ordinal }	source_site(expected_source, HirSourceQuery::Expr { owner, role }) => Present(Span), owner_status Clean	source_site(expected_source, HirSourceQuery::Expr { owner, role }) => Present(Span|Insertion), owner_status Poisoned; typed issue retained	source_site(expected_source, HirSourceQuery::Expr { owner, role }) => WrongSourceDocument/StaleSourceRevision/SourceLengthMismatch; no projection	source_site(expected_source, HirSourceQuery::Expr { owner, role }) => owner-specific Resolve(WrongModule); no projection	source_site(expected_source, HirSourceQuery::Expr { owner, role }) => Present(Insertion) only for an accepted synthetic owner and applicable insertion role; otherwise owner-specific RoleNotApplicable or AbsentOptional; no insertion is fabricated	transaction returns no public owner ID; rollback receipt NotPublished; committed source index has no key	leaf element/digit + HIR expr	all preflight charges pass; one transaction commits IDs, source rows, scopes, diagnostics and results	preflight/checked allocation fails atomically; no prefix/truncation/replay/leak	T-E10; T-Q-10; T-RB-10; compact sequence
E11	expression	ArrayRepeat	(SyntaxNodeId,HirIdKind::Expr) -> ExprId	RepeatValue; RepeatLength	inherit	typed ArrayRepeat poison	missing child => RecoveryOperand[0/1]	source_site(expected_source, HirSourceQuery::Expr { owner, role }) => Present(Span), owner_status Clean	source_site(expected_source, HirSourceQuery::Expr { owner, role }) => Present(Span|Insertion), owner_status Poisoned; typed issue retained	source_site(expected_source, HirSourceQuery::Expr { owner, role }) => WrongSourceDocument/StaleSourceRevision/SourceLengthMismatch; no projection	source_site(expected_source, HirSourceQuery::Expr { owner, role }) => owner-specific Resolve(WrongModule); no projection	source_site(expected_source, HirSourceQuery::Expr { owner, role }) => Present(Insertion) only for an accepted synthetic owner and applicable insertion role; otherwise owner-specific RoleNotApplicable or AbsentOptional; no insertion is fabricated	transaction returns no public owner ID; rollback receipt NotPublished; committed source index has no key	HIR expr + 2 children	all preflight charges pass; one transaction commits IDs, source rows, scopes, diagnostics and results	preflight/checked allocation fails atomically; no prefix/truncation/replay/leak	T-E11; T-Q-11; T-RB-11; array repeat
E12	expression	Call	(SyntaxNodeId,HirIdKind::Expr) -> ExprId	Callee/AssociatedReceiver/AssociatedSeparator/AssociatedMember; CallArgument[n,part]	inherit	typed Call poison; generic Error	missing callee/arg => RecoveryOperand	source_site(expected_source, HirSourceQuery::Expr { owner, role }) => Present(Span), owner_status Clean	source_site(expected_source, HirSourceQuery::Expr { owner, role }) => Present(Span|Insertion), owner_status Poisoned; typed issue retained	source_site(expected_source, HirSourceQuery::Expr { owner, role }) => WrongSourceDocument/StaleSourceRevision/SourceLengthMismatch; no projection	source_site(expected_source, HirSourceQuery::Expr { owner, role }) => owner-specific Resolve(WrongModule); no projection	source_site(expected_source, HirSourceQuery::Expr { owner, role }) => Present(Insertion) only for an accepted synthetic owner and applicable insertion role; otherwise owner-specific RoleNotApplicable or AbsentOptional; no insertion is fabricated	transaction returns no public owner ID; rollback receipt NotPublished; committed source index has no key	128 args; depth32; candidates2; results2	all preflight charges pass; one transaction commits IDs, source rows, scopes, diagnostics and results	preflight/checked allocation fails atomically; no prefix/truncation/replay/leak	T-E12; T-Q-12; T-RB-12; calls
E13	expression	Select	(SyntaxNodeId,HirIdKind::Expr) -> ExprId	Target; SelectedMember	inherit	typed Select poison	missing target/member => RecoveryOperand/name poison	source_site(expected_source, HirSourceQuery::Expr { owner, role }) => Present(Span), owner_status Clean	source_site(expected_source, HirSourceQuery::Expr { owner, role }) => Present(Span|Insertion), owner_status Poisoned; typed issue retained	source_site(expected_source, HirSourceQuery::Expr { owner, role }) => WrongSourceDocument/StaleSourceRevision/SourceLengthMismatch; no projection	source_site(expected_source, HirSourceQuery::Expr { owner, role }) => owner-specific Resolve(WrongModule); no projection	source_site(expected_source, HirSourceQuery::Expr { owner, role }) => Present(Insertion) only for an accepted synthetic owner and applicable insertion role; otherwise owner-specific RoleNotApplicable or AbsentOptional; no insertion is fabricated	transaction returns no public owner ID; rollback receipt NotPublished; committed source index has no key	HIR expr + child	all preflight charges pass; one transaction commits IDs, source rows, scopes, diagnostics and results	preflight/checked allocation fails atomically; no prefix/truncation/replay/leak	T-E13; T-Q-13; T-RB-13; select
E14	expression	Index	(SyntaxNodeId,HirIdKind::Expr) -> ExprId	Target; Index	inherit	typed Index poison	missing index => RecoveryOperand[1]	source_site(expected_source, HirSourceQuery::Expr { owner, role }) => Present(Span), owner_status Clean	source_site(expected_source, HirSourceQuery::Expr { owner, role }) => Present(Span|Insertion), owner_status Poisoned; typed issue retained	source_site(expected_source, HirSourceQuery::Expr { owner, role }) => WrongSourceDocument/StaleSourceRevision/SourceLengthMismatch; no projection	source_site(expected_source, HirSourceQuery::Expr { owner, role }) => owner-specific Resolve(WrongModule); no projection	source_site(expected_source, HirSourceQuery::Expr { owner, role }) => Present(Insertion) only for an accepted synthetic owner and applicable insertion role; otherwise owner-specific RoleNotApplicable or AbsentOptional; no insertion is fabricated	transaction returns no public owner ID; rollback receipt NotPublished; committed source index has no key	HIR expr + 2 children	all preflight charges pass; one transaction commits IDs, source rows, scopes, diagnostics and results	preflight/checked allocation fails atomically; no prefix/truncation/replay/leak	T-E14; T-Q-14; T-RB-14; index
E15	expression	Pipe	(SyntaxNodeId,HirIdKind::Expr) -> ExprId	LeftOperand; RightOperand	inherit	typed Pipe poison	missing side => RecoveryOperand[0/1]	source_site(expected_source, HirSourceQuery::Expr { owner, role }) => Present(Span), owner_status Clean	source_site(expected_source, HirSourceQuery::Expr { owner, role }) => Present(Span|Insertion), owner_status Poisoned; typed issue retained	source_site(expected_source, HirSourceQuery::Expr { owner, role }) => WrongSourceDocument/StaleSourceRevision/SourceLengthMismatch; no projection	source_site(expected_source, HirSourceQuery::Expr { owner, role }) => owner-specific Resolve(WrongModule); no projection	source_site(expected_source, HirSourceQuery::Expr { owner, role }) => Present(Insertion) only for an accepted synthetic owner and applicable insertion role; otherwise owner-specific RoleNotApplicable or AbsentOptional; no insertion is fabricated	transaction returns no public owner ID; rollback receipt NotPublished; committed source index has no key	HIR expr + 2 children	all preflight charges pass; one transaction commits IDs, source rows, scopes, diagnostics and results	preflight/checked allocation fails atomically; no prefix/truncation/replay/leak	T-E15; T-Q-15; T-RB-15; pipe
E16	expression	Try	(SyntaxNodeId,HirIdKind::Expr) -> ExprId	Operand; Operator	inherit	typed Try poison	missing operand => RecoveryOperand[0]	source_site(expected_source, HirSourceQuery::Expr { owner, role }) => Present(Span), owner_status Clean	source_site(expected_source, HirSourceQuery::Expr { owner, role }) => Present(Span|Insertion), owner_status Poisoned; typed issue retained	source_site(expected_source, HirSourceQuery::Expr { owner, role }) => WrongSourceDocument/StaleSourceRevision/SourceLengthMismatch; no projection	source_site(expected_source, HirSourceQuery::Expr { owner, role }) => owner-specific Resolve(WrongModule); no projection	source_site(expected_source, HirSourceQuery::Expr { owner, role }) => Present(Insertion) only for an accepted synthetic owner and applicable insertion role; otherwise owner-specific RoleNotApplicable or AbsentOptional; no insertion is fabricated	transaction returns no public owner ID; rollback receipt NotPublished; committed source index has no key	HIR expr + child	all preflight charges pass; one transaction commits IDs, source rows, scopes, diagnostics and results	preflight/checked allocation fails atomically; no prefix/truncation/replay/leak	T-E16; T-Q-16; T-RB-16; try forms
E17	expression	Await	(SyntaxNodeId,HirIdKind::Expr) -> ExprId	Operand; Operator	inherit	typed Await poison	missing operand => RecoveryOperand[0]	source_site(expected_source, HirSourceQuery::Expr { owner, role }) => Present(Span), owner_status Clean	source_site(expected_source, HirSourceQuery::Expr { owner, role }) => Present(Span|Insertion), owner_status Poisoned; typed issue retained	source_site(expected_source, HirSourceQuery::Expr { owner, role }) => WrongSourceDocument/StaleSourceRevision/SourceLengthMismatch; no projection	source_site(expected_source, HirSourceQuery::Expr { owner, role }) => owner-specific Resolve(WrongModule); no projection	source_site(expected_source, HirSourceQuery::Expr { owner, role }) => Present(Insertion) only for an accepted synthetic owner and applicable insertion role; otherwise owner-specific RoleNotApplicable or AbsentOptional; no insertion is fabricated	transaction returns no public owner ID; rollback receipt NotPublished; committed source index has no key	HIR expr + child	all preflight charges pass; one transaction commits IDs, source rows, scopes, diagnostics and results	preflight/checked allocation fails atomically; no prefix/truncation/replay/leak	T-E17; T-Q-17; T-RB-17; await propagation
E18	expression	Thread	(SyntaxNodeId,HirIdKind::Expr) -> ExprId	ThreadModifier; ThreadName; ThreadBody; ThreadFlowItem[n]	create Thread scope; body locals sequential	typed Thread poison	empty body => Unit; absent required body => MissingBody; malformed item => Error item; no tail	source_site(expected_source, HirSourceQuery::Expr { owner, role }) => Present(Span), owner_status Clean	source_site(expected_source, HirSourceQuery::Expr { owner, role }) => Present(Span|Insertion), owner_status Poisoned; typed issue retained	source_site(expected_source, HirSourceQuery::Expr { owner, role }) => WrongSourceDocument/StaleSourceRevision/SourceLengthMismatch; no projection	source_site(expected_source, HirSourceQuery::Expr { owner, role }) => owner-specific Resolve(WrongModule); no projection	source_site(expected_source, HirSourceQuery::Expr { owner, role }) => Present(Insertion) only for an accepted synthetic owner and applicable insertion role; otherwise owner-specific RoleNotApplicable or AbsentOptional; no insertion is fabricated	transaction returns no public owner ID; rollback receipt NotPublished; committed source index has no key	65,536 flow items + HIR slots	all preflight charges pass; one transaction commits IDs, source rows, scopes, diagnostics and results	preflight/checked allocation fails atomically; no prefix/truncation/replay/leak	T-E18; T-Q-18; T-RB-18; thread
E19	expression	Range	(SyntaxNodeId,HirIdKind::Expr) -> ExprId	RangeStart; RangeEnd; RangeInclusiveMarker	inherit	typed Range poison	omitted endpoints are None; malformed required token poison	source_site(expected_source, HirSourceQuery::Expr { owner, role }) => Present(Span), owner_status Clean	source_site(expected_source, HirSourceQuery::Expr { owner, role }) => Present(Span|Insertion), owner_status Poisoned; typed issue retained	source_site(expected_source, HirSourceQuery::Expr { owner, role }) => WrongSourceDocument/StaleSourceRevision/SourceLengthMismatch; no projection	source_site(expected_source, HirSourceQuery::Expr { owner, role }) => owner-specific Resolve(WrongModule); no projection	source_site(expected_source, HirSourceQuery::Expr { owner, role }) => Present(Insertion) only for an accepted synthetic owner and applicable insertion role; otherwise owner-specific RoleNotApplicable or AbsentOptional; no insertion is fabricated	transaction returns no public owner ID; rollback receipt NotPublished; committed source index has no key	HIR expr + present children	all preflight charges pass; one transaction commits IDs, source rows, scopes, diagnostics and results	preflight/checked allocation fails atomically; no prefix/truncation/replay/leak	T-E19; T-Q-19; T-RB-19; range
E20	expression	Record	(SyntaxNodeId,HirIdKind::Expr) -> ExprId	RecordPath; RecordField[n,part]	inherit	typed Record poison	missing field value => field poison/RecoveryOperand	source_site(expected_source, HirSourceQuery::Expr { owner, role }) => Present(Span), owner_status Clean	source_site(expected_source, HirSourceQuery::Expr { owner, role }) => Present(Span|Insertion), owner_status Poisoned; typed issue retained	source_site(expected_source, HirSourceQuery::Expr { owner, role }) => WrongSourceDocument/StaleSourceRevision/SourceLengthMismatch; no projection	source_site(expected_source, HirSourceQuery::Expr { owner, role }) => owner-specific Resolve(WrongModule); no projection	source_site(expected_source, HirSourceQuery::Expr { owner, role }) => Present(Insertion) only for an accepted synthetic owner and applicable insertion role; otherwise owner-specific RoleNotApplicable or AbsentOptional; no insertion is fabricated	transaction returns no public owner ID; rollback receipt NotPublished; committed source index has no key	HIR expr + fields/children	all preflight charges pass; one transaction commits IDs, source rows, scopes, diagnostics and results	preflight/checked allocation fails atomically; no prefix/truncation/replay/leak	T-E20; T-Q-20; T-RB-20; record
E21	expression	RecordLiteral	(SyntaxNodeId,HirIdKind::Expr) -> ExprId	RecordField[n,part]	inherit	typed RecordLiteral poison	missing field value => field poison/RecoveryOperand	source_site(expected_source, HirSourceQuery::Expr { owner, role }) => Present(Span), owner_status Clean	source_site(expected_source, HirSourceQuery::Expr { owner, role }) => Present(Span|Insertion), owner_status Poisoned; typed issue retained	source_site(expected_source, HirSourceQuery::Expr { owner, role }) => WrongSourceDocument/StaleSourceRevision/SourceLengthMismatch; no projection	source_site(expected_source, HirSourceQuery::Expr { owner, role }) => owner-specific Resolve(WrongModule); no projection	source_site(expected_source, HirSourceQuery::Expr { owner, role }) => Present(Insertion) only for an accepted synthetic owner and applicable insertion role; otherwise owner-specific RoleNotApplicable or AbsentOptional; no insertion is fabricated	transaction returns no public owner ID; rollback receipt NotPublished; committed source index has no key	HIR expr + fields/children	all preflight charges pass; one transaction commits IDs, source rows, scopes, diagnostics and results	preflight/checked allocation fails atomically; no prefix/truncation/replay/leak	T-E21; T-Q-21; T-RB-21; record literal
E22	expression	Binary	(SyntaxNodeId,HirIdKind::Expr) -> ExprId	LeftOperand; Operator; RightOperand	inherit	typed Binary poison	missing side => RecoveryOperand[0/1]	source_site(expected_source, HirSourceQuery::Expr { owner, role }) => Present(Span), owner_status Clean	source_site(expected_source, HirSourceQuery::Expr { owner, role }) => Present(Span|Insertion), owner_status Poisoned; typed issue retained	source_site(expected_source, HirSourceQuery::Expr { owner, role }) => WrongSourceDocument/StaleSourceRevision/SourceLengthMismatch; no projection	source_site(expected_source, HirSourceQuery::Expr { owner, role }) => owner-specific Resolve(WrongModule); no projection	source_site(expected_source, HirSourceQuery::Expr { owner, role }) => Present(Insertion) only for an accepted synthetic owner and applicable insertion role; otherwise owner-specific RoleNotApplicable or AbsentOptional; no insertion is fabricated	transaction returns no public owner ID; rollback receipt NotPublished; committed source index has no key	HIR expr + 2 children	all preflight charges pass; one transaction commits IDs, source rows, scopes, diagnostics and results	preflight/checked allocation fails atomically; no prefix/truncation/replay/leak	T-E22; T-Q-22; T-RB-22; all binary ops
E23	expression	Borrow	(SyntaxNodeId,HirIdKind::Expr) -> ExprId	Operator; Operand	inherit	typed Borrow poison	missing operand => RecoveryOperand[0]	source_site(expected_source, HirSourceQuery::Expr { owner, role }) => Present(Span), owner_status Clean	source_site(expected_source, HirSourceQuery::Expr { owner, role }) => Present(Span|Insertion), owner_status Poisoned; typed issue retained	source_site(expected_source, HirSourceQuery::Expr { owner, role }) => WrongSourceDocument/StaleSourceRevision/SourceLengthMismatch; no projection	source_site(expected_source, HirSourceQuery::Expr { owner, role }) => owner-specific Resolve(WrongModule); no projection	source_site(expected_source, HirSourceQuery::Expr { owner, role }) => Present(Insertion) only for an accepted synthetic owner and applicable insertion role; otherwise owner-specific RoleNotApplicable or AbsentOptional; no insertion is fabricated	transaction returns no public owner ID; rollback receipt NotPublished; committed source index has no key	HIR expr + child	all preflight charges pass; one transaction commits IDs, source rows, scopes, diagnostics and results	preflight/checked allocation fails atomically; no prefix/truncation/replay/leak	T-E23; T-Q-23; T-RB-23; borrow
E24	expression	Dereference	(SyntaxNodeId,HirIdKind::Expr) -> ExprId	Operator; Operand	inherit	typed Dereference poison	missing operand => RecoveryOperand[0]	source_site(expected_source, HirSourceQuery::Expr { owner, role }) => Present(Span), owner_status Clean	source_site(expected_source, HirSourceQuery::Expr { owner, role }) => Present(Span|Insertion), owner_status Poisoned; typed issue retained	source_site(expected_source, HirSourceQuery::Expr { owner, role }) => WrongSourceDocument/StaleSourceRevision/SourceLengthMismatch; no projection	source_site(expected_source, HirSourceQuery::Expr { owner, role }) => owner-specific Resolve(WrongModule); no projection	source_site(expected_source, HirSourceQuery::Expr { owner, role }) => Present(Insertion) only for an accepted synthetic owner and applicable insertion role; otherwise owner-specific RoleNotApplicable or AbsentOptional; no insertion is fabricated	transaction returns no public owner ID; rollback receipt NotPublished; committed source index has no key	HIR expr + child	all preflight charges pass; one transaction commits IDs, source rows, scopes, diagnostics and results	preflight/checked allocation fails atomically; no prefix/truncation/replay/leak	T-E24; T-Q-24; T-RB-24; deref
E25	expression	Closure	(SyntaxNodeId,HirIdKind::Expr) -> ExprId	ClosureParameter[n,part]; ReturnType; Body	create Closure scope; params visible body; captures explicit	typed Closure poison	missing body => MissingRequiredTail	source_site(expected_source, HirSourceQuery::Expr { owner, role }) => Present(Span), owner_status Clean	source_site(expected_source, HirSourceQuery::Expr { owner, role }) => Present(Span|Insertion), owner_status Poisoned; typed issue retained	source_site(expected_source, HirSourceQuery::Expr { owner, role }) => WrongSourceDocument/StaleSourceRevision/SourceLengthMismatch; no projection	source_site(expected_source, HirSourceQuery::Expr { owner, role }) => owner-specific Resolve(WrongModule); no projection	source_site(expected_source, HirSourceQuery::Expr { owner, role }) => Present(Insertion) only for an accepted synthetic owner and applicable insertion role; otherwise owner-specific RoleNotApplicable or AbsentOptional; no insertion is fabricated	transaction returns no public owner ID; rollback receipt NotPublished; committed source index has no key	HIR expr + scope/params/type/body/captures	all preflight charges pass; one transaction commits IDs, source rows, scopes, diagnostics and results	preflight/checked allocation fails atomically; no prefix/truncation/replay/leak	T-E25; T-Q-25; T-RB-25; closure
E26	expression	Unary	(SyntaxNodeId,HirIdKind::Expr) -> ExprId	Operator; Operand	inherit	typed Unary poison	missing operand => RecoveryOperand[0]	source_site(expected_source, HirSourceQuery::Expr { owner, role }) => Present(Span), owner_status Clean	source_site(expected_source, HirSourceQuery::Expr { owner, role }) => Present(Span|Insertion), owner_status Poisoned; typed issue retained	source_site(expected_source, HirSourceQuery::Expr { owner, role }) => WrongSourceDocument/StaleSourceRevision/SourceLengthMismatch; no projection	source_site(expected_source, HirSourceQuery::Expr { owner, role }) => owner-specific Resolve(WrongModule); no projection	source_site(expected_source, HirSourceQuery::Expr { owner, role }) => Present(Insertion) only for an accepted synthetic owner and applicable insertion role; otherwise owner-specific RoleNotApplicable or AbsentOptional; no insertion is fabricated	transaction returns no public owner ID; rollback receipt NotPublished; committed source index has no key	HIR expr + child	all preflight charges pass; one transaction commits IDs, source rows, scopes, diagnostics and results	preflight/checked allocation fails atomically; no prefix/truncation/replay/leak	T-E26; T-Q-26; T-RB-26; unary
E27	expression	Block	(SyntaxNodeId,HirIdKind::Expr) -> ExprId	Statement[n]; Tail	create Block scope; statements sequential	typed Block poison	omitted tail => ImplicitUnitTail	source_site(expected_source, HirSourceQuery::Expr { owner, role }) => Present(Span), owner_status Clean	source_site(expected_source, HirSourceQuery::Expr { owner, role }) => Present(Span|Insertion), owner_status Poisoned; typed issue retained	source_site(expected_source, HirSourceQuery::Expr { owner, role }) => WrongSourceDocument/StaleSourceRevision/SourceLengthMismatch; no projection	source_site(expected_source, HirSourceQuery::Expr { owner, role }) => owner-specific Resolve(WrongModule); no projection	source_site(expected_source, HirSourceQuery::Expr { owner, role }) => Present(Insertion) only for an accepted synthetic owner and applicable insertion role; otherwise owner-specific RoleNotApplicable or AbsentOptional; no insertion is fabricated	transaction returns no public owner ID; rollback receipt NotPublished; committed source index has no key	HIR expr + scope/statements/tail	all preflight charges pass; one transaction commits IDs, source rows, scopes, diagnostics and results	preflight/checked allocation fails atomically; no prefix/truncation/replay/leak	T-E27; T-Q-27; T-RB-27; block
E28	expression	ComputationBlock	(SyntaxNodeId,HirIdKind::Expr) -> ExprId	Statement[n]; Tail	create Block scope	typed ComputationBlock poison	omitted allowed tail => ImplicitUnitTail; required missing => MissingRequiredTail	source_site(expected_source, HirSourceQuery::Expr { owner, role }) => Present(Span), owner_status Clean	source_site(expected_source, HirSourceQuery::Expr { owner, role }) => Present(Span|Insertion), owner_status Poisoned; typed issue retained	source_site(expected_source, HirSourceQuery::Expr { owner, role }) => WrongSourceDocument/StaleSourceRevision/SourceLengthMismatch; no projection	source_site(expected_source, HirSourceQuery::Expr { owner, role }) => owner-specific Resolve(WrongModule); no projection	source_site(expected_source, HirSourceQuery::Expr { owner, role }) => Present(Insertion) only for an accepted synthetic owner and applicable insertion role; otherwise owner-specific RoleNotApplicable or AbsentOptional; no insertion is fabricated	transaction returns no public owner ID; rollback receipt NotPublished; committed source index has no key	HIR expr + scope/statements/tail	all preflight charges pass; one transaction commits IDs, source rows, scopes, diagnostics and results	preflight/checked allocation fails atomically; no prefix/truncation/replay/leak	T-E28; T-Q-28; T-RB-28; computation block
E29	expression	NamedBlock	(SyntaxNodeId,HirIdKind::Expr) -> ExprId	Name; Statement[n]; Tail	create named Block scope	typed NamedBlock poison	omitted tail => ImplicitUnitTail	source_site(expected_source, HirSourceQuery::Expr { owner, role }) => Present(Span), owner_status Clean	source_site(expected_source, HirSourceQuery::Expr { owner, role }) => Present(Span|Insertion), owner_status Poisoned; typed issue retained	source_site(expected_source, HirSourceQuery::Expr { owner, role }) => WrongSourceDocument/StaleSourceRevision/SourceLengthMismatch; no projection	source_site(expected_source, HirSourceQuery::Expr { owner, role }) => owner-specific Resolve(WrongModule); no projection	source_site(expected_source, HirSourceQuery::Expr { owner, role }) => Present(Insertion) only for an accepted synthetic owner and applicable insertion role; otherwise owner-specific RoleNotApplicable or AbsentOptional; no insertion is fabricated	transaction returns no public owner ID; rollback receipt NotPublished; committed source index has no key	HIR expr + scope/statements/tail	all preflight charges pass; one transaction commits IDs, source rows, scopes, diagnostics and results	preflight/checked allocation fails atomically; no prefix/truncation/replay/leak	T-E29; T-Q-29; T-RB-29; named block
E30	expression	If	(SyntaxNodeId,HirIdKind::Expr) -> ExprId	Condition; ThenBranch; ElseBranch	branches create/inherit their block scopes	typed If poison	omitted else => ImplicitUnitTail	source_site(expected_source, HirSourceQuery::Expr { owner, role }) => Present(Span), owner_status Clean	source_site(expected_source, HirSourceQuery::Expr { owner, role }) => Present(Span|Insertion), owner_status Poisoned; typed issue retained	source_site(expected_source, HirSourceQuery::Expr { owner, role }) => WrongSourceDocument/StaleSourceRevision/SourceLengthMismatch; no projection	source_site(expected_source, HirSourceQuery::Expr { owner, role }) => owner-specific Resolve(WrongModule); no projection	source_site(expected_source, HirSourceQuery::Expr { owner, role }) => Present(Insertion) only for an accepted synthetic owner and applicable insertion role; otherwise owner-specific RoleNotApplicable or AbsentOptional; no insertion is fabricated	transaction returns no public owner ID; rollback receipt NotPublished; committed source index has no key	HIR expr + children/scopes	all preflight charges pass; one transaction commits IDs, source rows, scopes, diagnostics and results	preflight/checked allocation fails atomically; no prefix/truncation/replay/leak	T-E30; T-Q-30; T-RB-30; if
E31	expression	IfLet	(SyntaxNodeId,HirIdKind::Expr) -> ExprId	Pattern; Scrutinee; Guard; ThenBranch; ElseBranch	create binding scope; bindings guard/then only	typed IfLet poison	missing required child => RecoveryOperand/MissingRequiredTail	source_site(expected_source, HirSourceQuery::Expr { owner, role }) => Present(Span), owner_status Clean	source_site(expected_source, HirSourceQuery::Expr { owner, role }) => Present(Span|Insertion), owner_status Poisoned; typed issue retained	source_site(expected_source, HirSourceQuery::Expr { owner, role }) => WrongSourceDocument/StaleSourceRevision/SourceLengthMismatch; no projection	source_site(expected_source, HirSourceQuery::Expr { owner, role }) => owner-specific Resolve(WrongModule); no projection	source_site(expected_source, HirSourceQuery::Expr { owner, role }) => Present(Insertion) only for an accepted synthetic owner and applicable insertion role; otherwise owner-specific RoleNotApplicable or AbsentOptional; no insertion is fabricated	transaction returns no public owner ID; rollback receipt NotPublished; committed source index has no key	HIR expr/pattern/scope/children	all preflight charges pass; one transaction commits IDs, source rows, scopes, diagnostics and results	preflight/checked allocation fails atomically; no prefix/truncation/replay/leak	T-E31; T-Q-31; T-RB-31; if let expression
E32	expression	Match	(SyntaxNodeId,HirIdKind::Expr) -> ExprId	Scrutinee; MatchArm[n,part]	each arm creates scope; pattern locals guard/value only	typed Match poison	missing arm value => MissingRequiredTail	source_site(expected_source, HirSourceQuery::Expr { owner, role }) => Present(Span), owner_status Clean	source_site(expected_source, HirSourceQuery::Expr { owner, role }) => Present(Span|Insertion), owner_status Poisoned; typed issue retained	source_site(expected_source, HirSourceQuery::Expr { owner, role }) => WrongSourceDocument/StaleSourceRevision/SourceLengthMismatch; no projection	source_site(expected_source, HirSourceQuery::Expr { owner, role }) => owner-specific Resolve(WrongModule); no projection	source_site(expected_source, HirSourceQuery::Expr { owner, role }) => Present(Insertion) only for an accepted synthetic owner and applicable insertion role; otherwise owner-specific RoleNotApplicable or AbsentOptional; no insertion is fabricated	transaction returns no public owner ID; rollback receipt NotPublished; committed source index has no key	HIR expr + arms/scopes/children	all preflight charges pass; one transaction commits IDs, source rows, scopes, diagnostics and results	preflight/checked allocation fails atomically; no prefix/truncation/replay/leak	T-E32; T-Q-32; T-RB-32; match
E33	expression	DialogueContentApplication	(SyntaxNodeId,HirIdKind::Expr) -> ExprId	accepted roles + DialogueNode/Tag/Argument roles	inherit target; plan owns accepted root scope	typed Dialogue poison	missing content required => poison; plan optional	source_site(expected_source, HirSourceQuery::Expr { owner, role }) => Present(Span), owner_status Clean	source_site(expected_source, HirSourceQuery::Expr { owner, role }) => Present(Span|Insertion), owner_status Poisoned; typed issue retained	source_site(expected_source, HirSourceQuery::Expr { owner, role }) => WrongSourceDocument/StaleSourceRevision/SourceLengthMismatch; no projection	source_site(expected_source, HirSourceQuery::Expr { owner, role }) => owner-specific Resolve(WrongModule); no projection	source_site(expected_source, HirSourceQuery::Expr { owner, role }) => Present(Insertion) only for an accepted synthetic owner and applicable insertion role; otherwise owner-specific RoleNotApplicable or AbsentOptional; no insertion is fabricated	transaction returns no public owner ID; rollback receipt NotPublished; committed source index has no key	RichText limits + HIR expr	all preflight charges pass; one transaction commits IDs, source rows, scopes, diagnostics and results	preflight/checked allocation fails atomically; no prefix/truncation/replay/leak	T-E33; T-Q-33; T-RB-33; dialogue application
E34	expression	PostfixBracket	(SyntaxNodeId,HirIdKind::Expr) -> ExprId	accepted Target/Open/Close/Colon/Content roles	inherit; candidate children candidate-only	typed bounded candidates poison	missing candidate operand => accepted failure kind	source_site(expected_source, HirSourceQuery::Expr { owner, role }) => Present(Span), owner_status Clean	source_site(expected_source, HirSourceQuery::Expr { owner, role }) => Present(Span|Insertion), owner_status Poisoned; typed issue retained	source_site(expected_source, HirSourceQuery::Expr { owner, role }) => WrongSourceDocument/StaleSourceRevision/SourceLengthMismatch; no projection	source_site(expected_source, HirSourceQuery::Expr { owner, role }) => owner-specific Resolve(WrongModule); no projection	source_site(expected_source, HirSourceQuery::Expr { owner, role }) => Present(Insertion) only for an accepted synthetic owner and applicable insertion role; otherwise owner-specific RoleNotApplicable or AbsentOptional; no insertion is fabricated	transaction returns no public owner ID; rollback receipt NotPublished; committed source index has no key	2 candidates/results; HIR expr	all preflight charges pass; one transaction commits IDs, source rows, scopes, diagnostics and results	preflight/checked allocation fails atomically; no prefix/truncation/replay/leak	T-E34; T-Q-34; T-RB-34; postfix candidates
E35	expression	Error	(SyntaxNodeId,HirIdKind::Expr) -> ExprId	Whole; Recovery	inherit	generic Error only	not applicable	source_site(expected_source, HirSourceQuery::Expr { owner, role }) => Present(Span), owner_status Clean	source_site(expected_source, HirSourceQuery::Expr { owner, role }) => Present(Span|Insertion), owner_status Poisoned; typed issue retained	source_site(expected_source, HirSourceQuery::Expr { owner, role }) => WrongSourceDocument/StaleSourceRevision/SourceLengthMismatch; no projection	source_site(expected_source, HirSourceQuery::Expr { owner, role }) => owner-specific Resolve(WrongModule); no projection	source_site(expected_source, HirSourceQuery::Expr { owner, role }) => Present(Insertion) only for an accepted synthetic owner and applicable insertion role; otherwise owner-specific RoleNotApplicable or AbsentOptional; no insertion is fabricated	transaction returns no public owner ID; rollback receipt NotPublished; committed source index has no key	HIR expr + diagnostic	all preflight charges pass; one transaction commits IDs, source rows, scopes, diagnostics and results	preflight/checked allocation fails atomically; no prefix/truncation/replay/leak	T-E35; T-Q-35; T-RB-35; generic error
P01	pattern	Binding	(SyntaxNodeId,HirIdKind::Pattern) -> PatternId	Name	inherit; introduces local after pattern acceptance	typed binding poison	missing required child => typed field poison or RecoveryOperand; no tail unless nested expression rule	source_site(expected_source, HirSourceQuery::Pattern { owner, role }) => Present(Span), owner_status Clean	source_site(expected_source, HirSourceQuery::Pattern { owner, role }) => Present(Span|Insertion), owner_status Poisoned; typed issue retained	source_site(expected_source, HirSourceQuery::Pattern { owner, role }) => WrongSourceDocument/StaleSourceRevision/SourceLengthMismatch; no projection	source_site(expected_source, HirSourceQuery::Pattern { owner, role }) => owner-specific Resolve(WrongModule); no projection	source_site(expected_source, HirSourceQuery::Pattern { owner, role }) => Present(Insertion) only for an accepted synthetic owner and applicable insertion role; otherwise owner-specific RoleNotApplicable or AbsentOptional; no insertion is fabricated	transaction returns no public owner ID; rollback receipt NotPublished; committed source index has no key	HIR pattern/local	all preflight charges pass; one transaction commits IDs, source rows, scopes, diagnostics and results	preflight/checked allocation fails atomically; no prefix/truncation/replay/leak	T-P01; T-PQ-01; T-PRB-01; binding
P02	pattern	MutableBinding	(SyntaxNodeId,HirIdKind::Pattern) -> PatternId	Name	inherit; introduces mutable local	typed binding poison	missing required child => typed field poison or RecoveryOperand; no tail unless nested expression rule	source_site(expected_source, HirSourceQuery::Pattern { owner, role }) => Present(Span), owner_status Clean	source_site(expected_source, HirSourceQuery::Pattern { owner, role }) => Present(Span|Insertion), owner_status Poisoned; typed issue retained	source_site(expected_source, HirSourceQuery::Pattern { owner, role }) => WrongSourceDocument/StaleSourceRevision/SourceLengthMismatch; no projection	source_site(expected_source, HirSourceQuery::Pattern { owner, role }) => owner-specific Resolve(WrongModule); no projection	source_site(expected_source, HirSourceQuery::Pattern { owner, role }) => Present(Insertion) only for an accepted synthetic owner and applicable insertion role; otherwise owner-specific RoleNotApplicable or AbsentOptional; no insertion is fabricated	transaction returns no public owner ID; rollback receipt NotPublished; committed source index has no key	HIR pattern/local	all preflight charges pass; one transaction commits IDs, source rows, scopes, diagnostics and results	preflight/checked allocation fails atomically; no prefix/truncation/replay/leak	T-P02; T-PQ-02; T-PRB-02; mutable binding
P03	pattern	Literal	(SyntaxNodeId,HirIdKind::Pattern) -> PatternId	Literal components	inherit	family literal poison	missing required child => typed field poison or RecoveryOperand; no tail unless nested expression rule	source_site(expected_source, HirSourceQuery::Pattern { owner, role }) => Present(Span), owner_status Clean	source_site(expected_source, HirSourceQuery::Pattern { owner, role }) => Present(Span|Insertion), owner_status Poisoned; typed issue retained	source_site(expected_source, HirSourceQuery::Pattern { owner, role }) => WrongSourceDocument/StaleSourceRevision/SourceLengthMismatch; no projection	source_site(expected_source, HirSourceQuery::Pattern { owner, role }) => owner-specific Resolve(WrongModule); no projection	source_site(expected_source, HirSourceQuery::Pattern { owner, role }) => Present(Insertion) only for an accepted synthetic owner and applicable insertion role; otherwise owner-specific RoleNotApplicable or AbsentOptional; no insertion is fabricated	transaction returns no public owner ID; rollback receipt NotPublished; committed source index has no key	HIR pattern/literal budget	all preflight charges pass; one transaction commits IDs, source rows, scopes, diagnostics and results	preflight/checked allocation fails atomically; no prefix/truncation/replay/leak	T-P03; T-PQ-03; T-PRB-03; literal pattern
P04	pattern	EntityReference	(SyntaxNodeId,HirIdKind::Pattern) -> PatternId	ID components	inherit	HirIdRef poison	missing required child => typed field poison or RecoveryOperand; no tail unless nested expression rule	source_site(expected_source, HirSourceQuery::Pattern { owner, role }) => Present(Span), owner_status Clean	source_site(expected_source, HirSourceQuery::Pattern { owner, role }) => Present(Span|Insertion), owner_status Poisoned; typed issue retained	source_site(expected_source, HirSourceQuery::Pattern { owner, role }) => WrongSourceDocument/StaleSourceRevision/SourceLengthMismatch; no projection	source_site(expected_source, HirSourceQuery::Pattern { owner, role }) => owner-specific Resolve(WrongModule); no projection	source_site(expected_source, HirSourceQuery::Pattern { owner, role }) => Present(Insertion) only for an accepted synthetic owner and applicable insertion role; otherwise owner-specific RoleNotApplicable or AbsentOptional; no insertion is fabricated	transaction returns no public owner ID; rollback receipt NotPublished; committed source index has no key	HIR pattern	all preflight charges pass; one transaction commits IDs, source rows, scopes, diagnostics and results	preflight/checked allocation fails atomically; no prefix/truncation/replay/leak	T-P04; T-PQ-04; T-PRB-04; ID pattern all forms
P05	pattern	Variant(HirVariantPattern)	(SyntaxNodeId,HirIdKind::Pattern) -> PatternId	VariantHead(QualifiedRoot/Segment[n] | DotShorthandMarker); VariantName; optional VariantPayload; payload PatternId	inherit; optional Tuple/Record payload PatternId uses same scope; no new scope	known Variant retains typed poison; unknown expected variant is sema rejection over clean HIR; generic Error only when family unclassified	absent payload is valid/AbsentOptional; malformed required authored payload => Variant poison; no fabricated path	source_site(expected_source, HirSourceQuery::Pattern { owner, role }) => Present(Span), owner_status Clean	source_site(expected_source, HirSourceQuery::Pattern { owner, role }) => Present(Span|Insertion), owner_status Poisoned; typed issue retained	source_site(expected_source, HirSourceQuery::Pattern { owner, role }) => WrongSourceDocument/StaleSourceRevision/SourceLengthMismatch; no projection	source_site(expected_source, HirSourceQuery::Pattern { owner, role }) => owner-specific Resolve(WrongModule); no projection	source_site(expected_source, HirSourceQuery::Pattern { owner, role }) => Present(Insertion) only for an accepted synthetic owner and applicable insertion role; otherwise owner-specific RoleNotApplicable or AbsentOptional; no insertion is fabricated	transaction returns no public owner ID; rollback receipt NotPublished; committed source index has no key	HIR pattern/child; qualified path charges PathSegments 256, PathSemanticBytes 65,536, NameBytes 1,024	all preflight charges pass; one transaction commits IDs, source rows, scopes, diagnostics and results	preflight/checked allocation fails atomically; no prefix/truncation/replay/leak	T-P05; T-PQ-05; T-PRB-05; T-PATHLESS-VARIANT-01
P06	pattern	Discard	(SyntaxNodeId,HirIdKind::Pattern) -> PatternId	Whole	inherit	Discard is valid fieldless; generic Error only if syntax cannot be classified as Discard	no child/tail; inapplicable child/component publication is rejected before commit	source_site(expected_source, HirSourceQuery::Pattern { owner, role }) => Present(Span), owner_status Clean	source_site(expected_source, HirSourceQuery::Pattern { owner, role }) => Present(Span|Insertion), owner_status Poisoned; typed issue retained	source_site(expected_source, HirSourceQuery::Pattern { owner, role }) => WrongSourceDocument/StaleSourceRevision/SourceLengthMismatch; no projection	source_site(expected_source, HirSourceQuery::Pattern { owner, role }) => owner-specific Resolve(WrongModule); no projection	source_site(expected_source, HirSourceQuery::Pattern { owner, role }) => Present(Insertion) only for an accepted synthetic owner and applicable insertion role; otherwise owner-specific RoleNotApplicable or AbsentOptional; no insertion is fabricated	transaction returns no public owner ID; rollback receipt NotPublished; committed source index has no key	HIR pattern	all preflight charges pass; one transaction commits IDs, source rows, scopes, diagnostics and results	preflight/checked allocation fails atomically; no prefix/truncation/replay/leak	T-P06; T-PQ-06; T-PRB-06; discard
P07	pattern	Tuple	(SyntaxNodeId,HirIdKind::Pattern) -> PatternId	Element[n]	inherit	typed tuple poison	missing required child => typed field poison or RecoveryOperand; no tail unless nested expression rule	source_site(expected_source, HirSourceQuery::Pattern { owner, role }) => Present(Span), owner_status Clean	source_site(expected_source, HirSourceQuery::Pattern { owner, role }) => Present(Span|Insertion), owner_status Poisoned; typed issue retained	source_site(expected_source, HirSourceQuery::Pattern { owner, role }) => WrongSourceDocument/StaleSourceRevision/SourceLengthMismatch; no projection	source_site(expected_source, HirSourceQuery::Pattern { owner, role }) => owner-specific Resolve(WrongModule); no projection	source_site(expected_source, HirSourceQuery::Pattern { owner, role }) => Present(Insertion) only for an accepted synthetic owner and applicable insertion role; otherwise owner-specific RoleNotApplicable or AbsentOptional; no insertion is fabricated	transaction returns no public owner ID; rollback receipt NotPublished; committed source index has no key	HIR pattern/children	all preflight charges pass; one transaction commits IDs, source rows, scopes, diagnostics and results	preflight/checked allocation fails atomically; no prefix/truncation/replay/leak	T-P07; T-PQ-07; T-PRB-07; tuple pattern
P08	pattern	Record	(SyntaxNodeId,HirIdKind::Pattern) -> PatternId	RecordPath; PatternField[n,part]	inherit	typed record poison	missing required child => typed field poison or RecoveryOperand; no tail unless nested expression rule	source_site(expected_source, HirSourceQuery::Pattern { owner, role }) => Present(Span), owner_status Clean	source_site(expected_source, HirSourceQuery::Pattern { owner, role }) => Present(Span|Insertion), owner_status Poisoned; typed issue retained	source_site(expected_source, HirSourceQuery::Pattern { owner, role }) => WrongSourceDocument/StaleSourceRevision/SourceLengthMismatch; no projection	source_site(expected_source, HirSourceQuery::Pattern { owner, role }) => owner-specific Resolve(WrongModule); no projection	source_site(expected_source, HirSourceQuery::Pattern { owner, role }) => Present(Insertion) only for an accepted synthetic owner and applicable insertion role; otherwise owner-specific RoleNotApplicable or AbsentOptional; no insertion is fabricated	transaction returns no public owner ID; rollback receipt NotPublished; committed source index has no key	HIR pattern/fields	all preflight charges pass; one transaction commits IDs, source rows, scopes, diagnostics and results	preflight/checked allocation fails atomically; no prefix/truncation/replay/leak	T-P08; T-PQ-08; T-PRB-08; record pattern
P09	pattern	BracketSequence	(SyntaxNodeId,HirIdKind::Pattern) -> PatternId	Element[n]; rest	inherit; rest introduces local	typed sequence poison	missing required child => typed field poison or RecoveryOperand; no tail unless nested expression rule	source_site(expected_source, HirSourceQuery::Pattern { owner, role }) => Present(Span), owner_status Clean	source_site(expected_source, HirSourceQuery::Pattern { owner, role }) => Present(Span|Insertion), owner_status Poisoned; typed issue retained	source_site(expected_source, HirSourceQuery::Pattern { owner, role }) => WrongSourceDocument/StaleSourceRevision/SourceLengthMismatch; no projection	source_site(expected_source, HirSourceQuery::Pattern { owner, role }) => owner-specific Resolve(WrongModule); no projection	source_site(expected_source, HirSourceQuery::Pattern { owner, role }) => Present(Insertion) only for an accepted synthetic owner and applicable insertion role; otherwise owner-specific RoleNotApplicable or AbsentOptional; no insertion is fabricated	transaction returns no public owner ID; rollback receipt NotPublished; committed source index has no key	HIR pattern/children/local	all preflight charges pass; one transaction commits IDs, source rows, scopes, diagnostics and results	preflight/checked allocation fails atomically; no prefix/truncation/replay/leak	T-P09; T-PQ-09; T-PRB-09; sequence pattern
P10	pattern	WholeBinding	(SyntaxNodeId,HirIdKind::Pattern) -> PatternId	Name; Pattern	inherit; local visible after nested pattern accepts	typed whole poison	missing required child => typed field poison or RecoveryOperand; no tail unless nested expression rule	source_site(expected_source, HirSourceQuery::Pattern { owner, role }) => Present(Span), owner_status Clean	source_site(expected_source, HirSourceQuery::Pattern { owner, role }) => Present(Span|Insertion), owner_status Poisoned; typed issue retained	source_site(expected_source, HirSourceQuery::Pattern { owner, role }) => WrongSourceDocument/StaleSourceRevision/SourceLengthMismatch; no projection	source_site(expected_source, HirSourceQuery::Pattern { owner, role }) => owner-specific Resolve(WrongModule); no projection	source_site(expected_source, HirSourceQuery::Pattern { owner, role }) => Present(Insertion) only for an accepted synthetic owner and applicable insertion role; otherwise owner-specific RoleNotApplicable or AbsentOptional; no insertion is fabricated	transaction returns no public owner ID; rollback receipt NotPublished; committed source index has no key	HIR pattern/local/child	all preflight charges pass; one transaction commits IDs, source rows, scopes, diagnostics and results	preflight/checked allocation fails atomically; no prefix/truncation/replay/leak	T-P10; T-PQ-10; T-PRB-10; whole binding
P11	pattern	TypedBinding	(SyntaxNodeId,HirIdKind::Pattern) -> PatternId	Name; Type	inherit; local typed	typed binding poison	missing required child => typed field poison or RecoveryOperand; no tail unless nested expression rule	source_site(expected_source, HirSourceQuery::Pattern { owner, role }) => Present(Span), owner_status Clean	source_site(expected_source, HirSourceQuery::Pattern { owner, role }) => Present(Span|Insertion), owner_status Poisoned; typed issue retained	source_site(expected_source, HirSourceQuery::Pattern { owner, role }) => WrongSourceDocument/StaleSourceRevision/SourceLengthMismatch; no projection	source_site(expected_source, HirSourceQuery::Pattern { owner, role }) => owner-specific Resolve(WrongModule); no projection	source_site(expected_source, HirSourceQuery::Pattern { owner, role }) => Present(Insertion) only for an accepted synthetic owner and applicable insertion role; otherwise owner-specific RoleNotApplicable or AbsentOptional; no insertion is fabricated	transaction returns no public owner ID; rollback receipt NotPublished; committed source index has no key	HIR pattern/local/type	all preflight charges pass; one transaction commits IDs, source rows, scopes, diagnostics and results	preflight/checked allocation fails atomically; no prefix/truncation/replay/leak	T-P11; T-PQ-11; T-PRB-11; typed binding
P12	pattern	Error	(SyntaxNodeId,HirIdKind::Pattern) -> PatternId	Whole; Recovery	inherit	generic Error	missing required child => typed field poison or RecoveryOperand; no tail unless nested expression rule	source_site(expected_source, HirSourceQuery::Pattern { owner, role }) => Present(Span), owner_status Clean	source_site(expected_source, HirSourceQuery::Pattern { owner, role }) => Present(Span|Insertion), owner_status Poisoned; typed issue retained	source_site(expected_source, HirSourceQuery::Pattern { owner, role }) => WrongSourceDocument/StaleSourceRevision/SourceLengthMismatch; no projection	source_site(expected_source, HirSourceQuery::Pattern { owner, role }) => owner-specific Resolve(WrongModule); no projection	source_site(expected_source, HirSourceQuery::Pattern { owner, role }) => Present(Insertion) only for an accepted synthetic owner and applicable insertion role; otherwise owner-specific RoleNotApplicable or AbsentOptional; no insertion is fabricated	transaction returns no public owner ID; rollback receipt NotPublished; committed source index has no key	HIR pattern + diagnostic	all preflight charges pass; one transaction commits IDs, source rows, scopes, diagnostics and results	preflight/checked allocation fails atomically; no prefix/truncation/replay/leak	T-P12; T-PQ-12; T-PRB-12; pattern error
C01	component	HirCallArgument::Positional	parent typed ID + role + ordinal; no independent arena slot unless listed child ID	Call parent; CallArgument[n,Whole|Value]	inherit	missing value => call poison	component-specific; optional absence => Missing query, required absence poisons owner	source_site(expected_source, HirSourceQuery::Expr { owner, role }) => Present(Span), owner_status Clean	source_site(expected_source, HirSourceQuery::Expr { owner, role }) => Present(Span|Insertion), owner_status Poisoned; typed issue retained	source_site(expected_source, HirSourceQuery::Expr { owner, role }) => WrongSourceDocument/StaleSourceRevision/SourceLengthMismatch; no projection	source_site(expected_source, HirSourceQuery::Expr { owner, role }) => owner-specific Resolve(WrongModule); no projection	source_site(expected_source, HirSourceQuery::Expr { owner, role }) => Present(Insertion) only for an accepted synthetic owner and applicable insertion role; otherwise owner-specific RoleNotApplicable or AbsentOptional; no insertion is fabricated	transaction returns no public owner ID; rollback receipt NotPublished; committed source index has no key	argument limit	all preflight charges pass; one transaction commits IDs, source rows, scopes, diagnostics and results	preflight/checked allocation fails atomically; no prefix/truncation/replay/leak	T-C01; T-CQ-01; T-CRB-01
C02	component	HirCallArgument::Named	parent typed ID + role + ordinal; no independent arena slot unless listed child ID	Call parent; CallArgument[n,Whole|Name|Value]	inherit	invalid/missing name/value => call poison	component-specific; optional absence => Missing query, required absence poisons owner	source_site(expected_source, HirSourceQuery::Expr { owner, role }) => Present(Span), owner_status Clean	source_site(expected_source, HirSourceQuery::Expr { owner, role }) => Present(Span|Insertion), owner_status Poisoned; typed issue retained	source_site(expected_source, HirSourceQuery::Expr { owner, role }) => WrongSourceDocument/StaleSourceRevision/SourceLengthMismatch; no projection	source_site(expected_source, HirSourceQuery::Expr { owner, role }) => owner-specific Resolve(WrongModule); no projection	source_site(expected_source, HirSourceQuery::Expr { owner, role }) => Present(Insertion) only for an accepted synthetic owner and applicable insertion role; otherwise owner-specific RoleNotApplicable or AbsentOptional; no insertion is fabricated	transaction returns no public owner ID; rollback receipt NotPublished; committed source index has no key	argument limit	all preflight charges pass; one transaction commits IDs, source rows, scopes, diagnostics and results	preflight/checked allocation fails atomically; no prefix/truncation/replay/leak	T-C02; T-CQ-02; T-CRB-02
C03	component	HirCallArgument::Spread	parent typed ID + role + ordinal; no independent arena slot unless listed child ID	Call parent; CallArgument[n,Whole|Value]	inherit	not-last/missing => call poison	component-specific; optional absence => Missing query, required absence poisons owner	source_site(expected_source, HirSourceQuery::Expr { owner, role }) => Present(Span), owner_status Clean	source_site(expected_source, HirSourceQuery::Expr { owner, role }) => Present(Span|Insertion), owner_status Poisoned; typed issue retained	source_site(expected_source, HirSourceQuery::Expr { owner, role }) => WrongSourceDocument/StaleSourceRevision/SourceLengthMismatch; no projection	source_site(expected_source, HirSourceQuery::Expr { owner, role }) => owner-specific Resolve(WrongModule); no projection	source_site(expected_source, HirSourceQuery::Expr { owner, role }) => Present(Insertion) only for an accepted synthetic owner and applicable insertion role; otherwise owner-specific RoleNotApplicable or AbsentOptional; no insertion is fabricated	transaction returns no public owner ID; rollback receipt NotPublished; committed source index has no key	argument limit	all preflight charges pass; one transaction commits IDs, source rows, scopes, diagnostics and results	preflight/checked allocation fails atomically; no prefix/truncation/replay/leak	T-C03; T-CQ-03; T-CRB-03
C04	component	HirRecordField::Explicit	parent typed ID + role + ordinal; no independent arena slot unless listed child ID	Record parent; RecordField[n,Whole|Name|Colon|Value]	inherit	Invalid field typed recovery	component-specific; optional absence => Missing query, required absence poisons owner	source_site(expected_source, HirSourceQuery::Expr { owner, role }) => Present(Span), owner_status Clean	source_site(expected_source, HirSourceQuery::Expr { owner, role }) => Present(Span|Insertion), owner_status Poisoned; typed issue retained	source_site(expected_source, HirSourceQuery::Expr { owner, role }) => WrongSourceDocument/StaleSourceRevision/SourceLengthMismatch; no projection	source_site(expected_source, HirSourceQuery::Expr { owner, role }) => owner-specific Resolve(WrongModule); no projection	source_site(expected_source, HirSourceQuery::Expr { owner, role }) => Present(Insertion) only for an accepted synthetic owner and applicable insertion role; otherwise owner-specific RoleNotApplicable or AbsentOptional; no insertion is fabricated	transaction returns no public owner ID; rollback receipt NotPublished; committed source index has no key	field count/HIR child	all preflight charges pass; one transaction commits IDs, source rows, scopes, diagnostics and results	preflight/checked allocation fails atomically; no prefix/truncation/replay/leak	T-C04; T-CQ-04; T-CRB-04
C05	component	HirRecordField::Shorthand	parent typed ID + role + ordinal; no independent arena slot unless listed child ID	Record parent; RecordField[n,Whole|Name]	inherit local lookup	missing local => Invalid field	component-specific; optional absence => Missing query, required absence poisons owner	source_site(expected_source, HirSourceQuery::Expr { owner, role }) => Present(Span), owner_status Clean	source_site(expected_source, HirSourceQuery::Expr { owner, role }) => Present(Span|Insertion), owner_status Poisoned; typed issue retained	source_site(expected_source, HirSourceQuery::Expr { owner, role }) => WrongSourceDocument/StaleSourceRevision/SourceLengthMismatch; no projection	source_site(expected_source, HirSourceQuery::Expr { owner, role }) => owner-specific Resolve(WrongModule); no projection	source_site(expected_source, HirSourceQuery::Expr { owner, role }) => Present(Insertion) only for an accepted synthetic owner and applicable insertion role; otherwise owner-specific RoleNotApplicable or AbsentOptional; no insertion is fabricated	transaction returns no public owner ID; rollback receipt NotPublished; committed source index has no key	field count/local	all preflight charges pass; one transaction commits IDs, source rows, scopes, diagnostics and results	preflight/checked allocation fails atomically; no prefix/truncation/replay/leak	T-C05; T-CQ-05; T-CRB-05
C06	component	HirClosureParameter	parent typed ID + role + ordinal; no independent arena slot unless listed child ID	Closure parent; ClosureParameter[n,Whole|Pattern|Colon|Type]	closure scope	invalid pattern/type => closure poison	component-specific; optional absence => Missing query, required absence poisons owner	source_site(expected_source, HirSourceQuery::Expr { owner, role }) => Present(Span), owner_status Clean	source_site(expected_source, HirSourceQuery::Expr { owner, role }) => Present(Span|Insertion), owner_status Poisoned; typed issue retained	source_site(expected_source, HirSourceQuery::Expr { owner, role }) => WrongSourceDocument/StaleSourceRevision/SourceLengthMismatch; no projection	source_site(expected_source, HirSourceQuery::Expr { owner, role }) => owner-specific Resolve(WrongModule); no projection	source_site(expected_source, HirSourceQuery::Expr { owner, role }) => Present(Insertion) only for an accepted synthetic owner and applicable insertion role; otherwise owner-specific RoleNotApplicable or AbsentOptional; no insertion is fabricated	transaction returns no public owner ID; rollback receipt NotPublished; committed source index has no key	parameter/callback 128	all preflight charges pass; one transaction commits IDs, source rows, scopes, diagnostics and results	preflight/checked allocation fails atomically; no prefix/truncation/replay/leak	T-C06; T-CQ-06; T-CRB-06
C07	component	HirMatchArm	parent typed ID + role + ordinal; no independent arena slot unless listed child ID	Match parent; MatchArm[n,Whole|Pattern|Guard|Arrow|Value]	new arm scope	missing value => MissingRequiredTail	component-specific; optional absence => Missing query, required absence poisons owner	source_site(expected_source, HirSourceQuery::Expr { owner, role }) => Present(Span), owner_status Clean	source_site(expected_source, HirSourceQuery::Expr { owner, role }) => Present(Span|Insertion), owner_status Poisoned; typed issue retained	source_site(expected_source, HirSourceQuery::Expr { owner, role }) => WrongSourceDocument/StaleSourceRevision/SourceLengthMismatch; no projection	source_site(expected_source, HirSourceQuery::Expr { owner, role }) => owner-specific Resolve(WrongModule); no projection	source_site(expected_source, HirSourceQuery::Expr { owner, role }) => Present(Insertion) only for an accepted synthetic owner and applicable insertion role; otherwise owner-specific RoleNotApplicable or AbsentOptional; no insertion is fabricated	transaction returns no public owner ID; rollback receipt NotPublished; committed source index has no key	arm/scope/HIR slots	all preflight charges pass; one transaction commits IDs, source rows, scopes, diagnostics and results	preflight/checked allocation fails atomically; no prefix/truncation/replay/leak	T-C07; T-CQ-07; T-CRB-07
C08	component	HirPatternField::Explicit	PatternId parent + HirPatternSourceRole::PatternField { field, part }; inline record has no independent arena ID	Pattern parent; PatternField[n,Whole|Name|Colon|Pattern]	pattern scope	Invalid field typed recovery	component-specific; optional absence => Missing query, required absence poisons owner	source_site(expected_source, HirSourceQuery::Pattern { owner, role }) => Present(Span), owner_status Clean	source_site(expected_source, HirSourceQuery::Pattern { owner, role }) => Present(Span|Insertion), owner_status Poisoned; typed issue retained	source_site(expected_source, HirSourceQuery::Pattern { owner, role }) => WrongSourceDocument/StaleSourceRevision/SourceLengthMismatch; no projection	source_site(expected_source, HirSourceQuery::Pattern { owner, role }) => owner-specific Resolve(WrongModule); no projection	PatternField components are authored-only; querying a field part for a synthetic-only owner returns PatternRoleNotApplicable and never fabricates an insertion	transaction returns no public owner ID; rollback receipt NotPublished; committed source index has no key	parent Pattern slot/local limits; NameBytes 1,024 where a name exists	all preflight charges pass; one transaction commits IDs, source rows, scopes, diagnostics and results	preflight/checked allocation fails atomically; no prefix/truncation/replay/leak	T-C08; T-CQ-08; T-CRB-08
C09	component	HirPatternField::Shorthand	PatternId parent + HirPatternSourceRole::PatternField { field, part }; inline record has no independent arena ID	Pattern parent; PatternField[n,Whole|Name]	pattern scope; introduces local	Invalid field	component-specific; optional absence => Missing query, required absence poisons owner	source_site(expected_source, HirSourceQuery::Pattern { owner, role }) => Present(Span), owner_status Clean	source_site(expected_source, HirSourceQuery::Pattern { owner, role }) => Present(Span|Insertion), owner_status Poisoned; typed issue retained	source_site(expected_source, HirSourceQuery::Pattern { owner, role }) => WrongSourceDocument/StaleSourceRevision/SourceLengthMismatch; no projection	source_site(expected_source, HirSourceQuery::Pattern { owner, role }) => owner-specific Resolve(WrongModule); no projection	PatternField components are authored-only; querying a field part for a synthetic-only owner returns PatternRoleNotApplicable and never fabricates an insertion	transaction returns no public owner ID; rollback receipt NotPublished; committed source index has no key	parent Pattern slot/local limits; NameBytes 1,024 where a name exists	all preflight charges pass; one transaction commits IDs, source rows, scopes, diagnostics and results	preflight/checked allocation fails atomically; no prefix/truncation/replay/leak	T-C09; T-CQ-09; T-CRB-09
C10	component	HirPatternField::Rest	PatternId parent + HirPatternSourceRole::PatternField { field, part }; inline record has no independent arena ID	Pattern parent; PatternField[n,Whole|Rest|Name]	pattern scope; optional local	multiple rest => Invalid	component-specific; optional absence => Missing query, required absence poisons owner	source_site(expected_source, HirSourceQuery::Pattern { owner, role }) => Present(Span), owner_status Clean	source_site(expected_source, HirSourceQuery::Pattern { owner, role }) => Present(Span|Insertion), owner_status Poisoned; typed issue retained	source_site(expected_source, HirSourceQuery::Pattern { owner, role }) => WrongSourceDocument/StaleSourceRevision/SourceLengthMismatch; no projection	source_site(expected_source, HirSourceQuery::Pattern { owner, role }) => owner-specific Resolve(WrongModule); no projection	PatternField components are authored-only; querying a field part for a synthetic-only owner returns PatternRoleNotApplicable and never fabricates an insertion	transaction returns no public owner ID; rollback receipt NotPublished; committed source index has no key	parent Pattern slot/local limits; NameBytes 1,024 where a name exists	all preflight charges pass; one transaction commits IDs, source rows, scopes, diagnostics and results	preflight/checked allocation fails atomically; no prefix/truncation/replay/leak	T-C10; T-CQ-10; T-CRB-10
C11	component	HirTypeRegion::Named	TypeId parent + HirTypeSourceRole::Region(Named*)	TypeId owner; Region Whole/Apostrophe/Name; ElisionInsertion inapplicable	type owner	invalid name => region poison	named parts required; missing part poisons Type owner; no optional elision row	source_site(expected_source, HirSourceQuery::Type { owner, role: Region(NamedWhole|NamedApostrophe|NamedName) }) => Present(Span), owner_status Clean	the same named-region query => Present(Span), owner_status Poisoned when the known Type family commits poison; ElisionInsertion is never substituted	source_site(expected_source, HirSourceQuery::Type { owner, role }) => WrongSourceDocument/StaleSourceRevision/SourceLengthMismatch; no projection	source_site(expected_source, HirSourceQuery::Type { owner, role }) => owner-specific Resolve(WrongModule); no projection	Region(ElisionInsertion) is inapplicable to Named and returns TypeRoleNotApplicable; named-region components never fabricate insertion sites	transaction returns no public owner ID; rollback receipt NotPublished; committed source index has no key	Type slot; NameBytes 1,024	all preflight charges pass; one transaction commits IDs, source rows, scopes, diagnostics and results	preflight/checked allocation fails atomically; no prefix/truncation/replay/leak	T-C11; T-CQ-11; T-CRB-11; T-SOURCE-01
C12	component	HirTypeRegion::Elided	TypeId parent + SyntheticKey { owner: SyntheticOwner::Type(TypeId), role: ElidedRegion, ordinal:0 }	TypeId owner; HirTypeSourceRole::Region(ElisionInsertion); named parts inapplicable	type owner	wrong owner kind/ordinal => SyntheticKeyError; mismatched Type owner => HirElidedRegionError; foreign/stale TypeId => typed owner/source resolution error; every failure aborts with no raw owner probe	elision insertion is required for Elided; named roles are inapplicable, not absent source	source_site(expected_source, HirSourceQuery::Type { owner, role: Region(ElisionInsertion) }) => Present(Insertion), owner_status Clean	the same elision query => Present(Insertion), owner_status Poisoned only for a committed known Type-family poison; invalid SyntheticKey construction aborts instead	source_site(expected_source, HirSourceQuery::Type { owner, role }) => WrongSourceDocument/StaleSourceRevision/SourceLengthMismatch; no projection	source_site(expected_source, HirSourceQuery::Type { owner, role }) => owner-specific Resolve(WrongModule); no projection	the exact SyntheticOwner::Type/ElidedRegion/ordinal0 key round-trips to Present(Insertion); named-region roles return TypeRoleNotApplicable	transaction returns no public owner ID; rollback receipt NotPublished; committed source index has no key	SyntheticDescendantsPerOwner 1,024; Type slots; SourceDocumentBytes 8,388,608	all preflight charges pass; one transaction commits IDs, source rows, scopes, diagnostics and results	preflight/checked allocation fails atomically; no prefix/truncation/replay/leak	T-C12; T-CQ-12; T-CRB-12; T-SYNTHETIC-OWNER-01
C13	component	HirPathSegment	typed ExprId/PatternId/TypeId parent + matching PathRoot/PathSegment role	matching typed owner; zero-based PathSegment[n]; no generic raw owner	inherit	invalid segment => path poison	component-specific; optional absence => Missing query, required absence poisons owner	source_site(expected_source, matching Expr/Pattern/Type HirSourceQuery variant) => Present(Span), owner_status Clean	source_site(expected_source, matching Expr/Pattern/Type HirSourceQuery variant) => Present(Span|Insertion), owner_status Poisoned; typed issue retained	source_site(expected_source, matching Expr/Pattern/Type HirSourceQuery variant) => WrongSourceDocument/StaleSourceRevision/SourceLengthMismatch; no projection	source_site(expected_source, matching Expr/Pattern/Type HirSourceQuery variant) => owner-specific Resolve(WrongModule); no projection	path root and segment components are authored-only in this contract; a synthetic owner has no path-component entry and returns the matching owner-specific RoleNotApplicable	transaction returns no public owner ID; rollback receipt NotPublished; committed source index has no key	NameBytes 1,024; PathSegments 256; PathSemanticBytes 65,536; SourceDocumentBytes 8,388,608	matching typed query round-trips every exact path component at all exact limits	one-over aborts whole owner; no prefix segment/source key	T-C13; T-CQ-13; T-CRB-13; T-PATH-01; T-HIR-LIMIT-01
C14	component	HirNumericSequenceElement	parent typed ID + role + ordinal; no independent arena slot unless listed child ID	Numeric sequence parent; NumericElement[n]	inherit	invalid digit => sequence poison	component-specific; optional absence => Missing query, required absence poisons owner	source_site(expected_source, HirSourceQuery::Expr { owner, role }) => Present(Span), owner_status Clean	source_site(expected_source, HirSourceQuery::Expr { owner, role }) => Present(Span|Insertion), owner_status Poisoned; typed issue retained	source_site(expected_source, HirSourceQuery::Expr { owner, role }) => WrongSourceDocument/StaleSourceRevision/SourceLengthMismatch; no projection	source_site(expected_source, HirSourceQuery::Expr { owner, role }) => owner-specific Resolve(WrongModule); no projection	source_site(expected_source, HirSourceQuery::Expr { owner, role }) => Present(Insertion) only for an accepted synthetic owner and applicable insertion role; otherwise owner-specific RoleNotApplicable or AbsentOptional; no insertion is fabricated	transaction returns no public owner ID; rollback receipt NotPublished; committed source index has no key	element+total digit limits	all preflight charges pass; one transaction commits IDs, source rows, scopes, diagnostics and results	preflight/checked allocation fails atomically; no prefix/truncation/replay/leak	T-C14; T-CQ-14; T-CRB-14
C15	component	HirThreadFlowItem	parent typed ID + role + ordinal; no independent arena slot unless listed child ID	Thread parent; ThreadFlowItem[n]	thread child scope; sequential locals	typed Error item/Thread poison	component-specific; optional absence => Missing query, required absence poisons owner	source_site(expected_source, HirSourceQuery::Expr { owner, role }) => Present(Span), owner_status Clean	source_site(expected_source, HirSourceQuery::Expr { owner, role }) => Present(Span|Insertion), owner_status Poisoned; typed issue retained	source_site(expected_source, HirSourceQuery::Expr { owner, role }) => WrongSourceDocument/StaleSourceRevision/SourceLengthMismatch; no projection	source_site(expected_source, HirSourceQuery::Expr { owner, role }) => owner-specific Resolve(WrongModule); no projection	source_site(expected_source, HirSourceQuery::Expr { owner, role }) => Present(Insertion) only for an accepted synthetic owner and applicable insertion role; otherwise owner-specific RoleNotApplicable or AbsentOptional; no insertion is fabricated	transaction returns no public owner ID; rollback receipt NotPublished; committed source index has no key	65,536 + HIR slots	all preflight charges pass; one transaction commits IDs, source rows, scopes, diagnostics and results	preflight/checked allocation fails atomically; no prefix/truncation/replay/leak	T-C15; T-CQ-15; T-CRB-15
C16	component	HirDialogueNode::Text	parent typed ID + role + ordinal; no independent arena slot unless listed child ID	Dialogue content owner; DialogueNode[n,Text]	application scope	limit markup may recover as clean Text + diagnostic	component-specific; optional absence => Missing query, required absence poisons owner	source_site(expected_source, HirSourceQuery::Expr { owner, role }) => Present(Span), owner_status Clean	source_site(expected_source, HirSourceQuery::Expr { owner, role }) => Present(Span|Insertion), owner_status Poisoned; typed issue retained	source_site(expected_source, HirSourceQuery::Expr { owner, role }) => WrongSourceDocument/StaleSourceRevision/SourceLengthMismatch; no projection	source_site(expected_source, HirSourceQuery::Expr { owner, role }) => owner-specific Resolve(WrongModule); no projection	source_site(expected_source, HirSourceQuery::Expr { owner, role }) => Present(Insertion) only for an accepted synthetic owner and applicable insertion role; otherwise owner-specific RoleNotApplicable or AbsentOptional; no insertion is fabricated	transaction returns no public owner ID; rollback receipt NotPublished; committed source index has no key	source/text bytes	all preflight charges pass; one transaction commits IDs, source rows, scopes, diagnostics and results	preflight/checked allocation fails atomically; no prefix/truncation/replay/leak	T-C16; T-CQ-16; T-CRB-16
C17	component	HirDialogueNode::Raw	parent typed ID + role + ordinal; no independent arena slot unless listed child ID	Dialogue content owner; DialogueNode[n,Raw]	application scope	typed raw recovery	component-specific; optional absence => Missing query, required absence poisons owner	source_site(expected_source, HirSourceQuery::Expr { owner, role }) => Present(Span), owner_status Clean	source_site(expected_source, HirSourceQuery::Expr { owner, role }) => Present(Span|Insertion), owner_status Poisoned; typed issue retained	source_site(expected_source, HirSourceQuery::Expr { owner, role }) => WrongSourceDocument/StaleSourceRevision/SourceLengthMismatch; no projection	source_site(expected_source, HirSourceQuery::Expr { owner, role }) => owner-specific Resolve(WrongModule); no projection	source_site(expected_source, HirSourceQuery::Expr { owner, role }) => Present(Insertion) only for an accepted synthetic owner and applicable insertion role; otherwise owner-specific RoleNotApplicable or AbsentOptional; no insertion is fabricated	transaction returns no public owner ID; rollback receipt NotPublished; committed source index has no key	source/text bytes	all preflight charges pass; one transaction commits IDs, source rows, scopes, diagnostics and results	preflight/checked allocation fails atomically; no prefix/truncation/replay/leak	T-C17; T-CQ-17; T-CRB-17
C18	component	HirDialogueNode::Escape	parent typed ID + role + ordinal; no independent arena slot unless listed child ID	Dialogue content owner; DialogueNode[n,Escape]	application scope	invalid escape => Error node	component-specific; optional absence => Missing query, required absence poisons owner	source_site(expected_source, HirSourceQuery::Expr { owner, role }) => Present(Span), owner_status Clean	source_site(expected_source, HirSourceQuery::Expr { owner, role }) => Present(Span|Insertion), owner_status Poisoned; typed issue retained	source_site(expected_source, HirSourceQuery::Expr { owner, role }) => WrongSourceDocument/StaleSourceRevision/SourceLengthMismatch; no projection	source_site(expected_source, HirSourceQuery::Expr { owner, role }) => owner-specific Resolve(WrongModule); no projection	source_site(expected_source, HirSourceQuery::Expr { owner, role }) => Present(Insertion) only for an accepted synthetic owner and applicable insertion role; otherwise owner-specific RoleNotApplicable or AbsentOptional; no insertion is fabricated	transaction returns no public owner ID; rollback receipt NotPublished; committed source index has no key	decoder/value bytes	all preflight charges pass; one transaction commits IDs, source rows, scopes, diagnostics and results	preflight/checked allocation fails atomically; no prefix/truncation/replay/leak	T-C18; T-CQ-18; T-CRB-18
C19	component	HirDialogueNode::Ruby	parent typed ID + role + ordinal; no independent arena slot unless listed child ID	Dialogue content owner; DialogueNode[n,RubyBase|RubyText]	application scope	invalid ruby => Error node	component-specific; optional absence => Missing query, required absence poisons owner	source_site(expected_source, HirSourceQuery::Expr { owner, role }) => Present(Span), owner_status Clean	source_site(expected_source, HirSourceQuery::Expr { owner, role }) => Present(Span|Insertion), owner_status Poisoned; typed issue retained	source_site(expected_source, HirSourceQuery::Expr { owner, role }) => WrongSourceDocument/StaleSourceRevision/SourceLengthMismatch; no projection	source_site(expected_source, HirSourceQuery::Expr { owner, role }) => owner-specific Resolve(WrongModule); no projection	source_site(expected_source, HirSourceQuery::Expr { owner, role }) => Present(Insertion) only for an accepted synthetic owner and applicable insertion role; otherwise owner-specific RoleNotApplicable or AbsentOptional; no insertion is fabricated	transaction returns no public owner ID; rollback receipt NotPublished; committed source index has no key	decoder/value bytes	all preflight charges pass; one transaction commits IDs, source rows, scopes, diagnostics and results	preflight/checked allocation fails atomically; no prefix/truncation/replay/leak	T-C19; T-CQ-19; T-CRB-19
C20	component	HirDialogueNode::AuthoredStartTag	parent typed ID + role + ordinal; no independent arena slot unless listed child ID	Dialogue content owner; DialogueNode[n,Whole] + RichTextTag[tag,*]	application scope	known tag poison	component-specific; optional absence => Missing query, required absence poisons owner	source_site(expected_source, HirSourceQuery::Expr { owner, role }) => Present(Span), owner_status Clean	source_site(expected_source, HirSourceQuery::Expr { owner, role }) => Present(Span|Insertion), owner_status Poisoned; typed issue retained	source_site(expected_source, HirSourceQuery::Expr { owner, role }) => WrongSourceDocument/StaleSourceRevision/SourceLengthMismatch; no projection	source_site(expected_source, HirSourceQuery::Expr { owner, role }) => owner-specific Resolve(WrongModule); no projection	source_site(expected_source, HirSourceQuery::Expr { owner, role }) => Present(Insertion) only for an accepted synthetic owner and applicable insertion role; otherwise owner-specific RoleNotApplicable or AbsentOptional; no insertion is fabricated	transaction returns no public owner ID; rollback receipt NotPublished; committed source index has no key	4096 tags	all preflight charges pass; one transaction commits IDs, source rows, scopes, diagnostics and results	preflight/checked allocation fails atomically; no prefix/truncation/replay/leak	T-C20; T-CQ-20; T-CRB-20
C21	component	HirDialogueNode::InferredStartTag	parent typed ID + role + ordinal; no independent arena slot unless listed child ID	Dialogue content owner; synthetic insertion + tag roles	application scope	known inferred tag poison	component-specific; optional absence => Missing query, required absence poisons owner	source_site(expected_source, HirSourceQuery::Expr { owner, role }) => Present(Span), owner_status Clean	source_site(expected_source, HirSourceQuery::Expr { owner, role }) => Present(Span|Insertion), owner_status Poisoned; typed issue retained	source_site(expected_source, HirSourceQuery::Expr { owner, role }) => WrongSourceDocument/StaleSourceRevision/SourceLengthMismatch; no projection	source_site(expected_source, HirSourceQuery::Expr { owner, role }) => owner-specific Resolve(WrongModule); no projection	source_site(expected_source, HirSourceQuery::Expr { owner, role }) => Present(Insertion) only for an accepted synthetic owner and applicable insertion role; otherwise owner-specific RoleNotApplicable or AbsentOptional; no insertion is fabricated	transaction returns no public owner ID; rollback receipt NotPublished; committed source index has no key	4096 tags	all preflight charges pass; one transaction commits IDs, source rows, scopes, diagnostics and results	preflight/checked allocation fails atomically; no prefix/truncation/replay/leak	T-C21; T-CQ-21; T-CRB-21
C22	component	HirDialogueNode::AuthoredEndTag	parent typed ID + role + ordinal; no independent arena slot unless listed child ID	Dialogue content owner; DialogueNode[n,Whole] + EndTag	application scope	unmatched => typed issue	component-specific; optional absence => Missing query, required absence poisons owner	source_site(expected_source, HirSourceQuery::Expr { owner, role }) => Present(Span), owner_status Clean	source_site(expected_source, HirSourceQuery::Expr { owner, role }) => Present(Span|Insertion), owner_status Poisoned; typed issue retained	source_site(expected_source, HirSourceQuery::Expr { owner, role }) => WrongSourceDocument/StaleSourceRevision/SourceLengthMismatch; no projection	source_site(expected_source, HirSourceQuery::Expr { owner, role }) => owner-specific Resolve(WrongModule); no projection	source_site(expected_source, HirSourceQuery::Expr { owner, role }) => Present(Insertion) only for an accepted synthetic owner and applicable insertion role; otherwise owner-specific RoleNotApplicable or AbsentOptional; no insertion is fabricated	transaction returns no public owner ID; rollback receipt NotPublished; committed source index has no key	4096 tags/nesting	all preflight charges pass; one transaction commits IDs, source rows, scopes, diagnostics and results	preflight/checked allocation fails atomically; no prefix/truncation/replay/leak	T-C22; T-CQ-22; T-CRB-22
C23	component	HirDialogueNode::InferredEndTag	parent typed ID + role + ordinal; no independent arena slot unless listed child ID	Dialogue content owner; synthetic insertion + EndTag	application scope	typed inferred issue	component-specific; optional absence => Missing query, required absence poisons owner	source_site(expected_source, HirSourceQuery::Expr { owner, role }) => Present(Span), owner_status Clean	source_site(expected_source, HirSourceQuery::Expr { owner, role }) => Present(Span|Insertion), owner_status Poisoned; typed issue retained	source_site(expected_source, HirSourceQuery::Expr { owner, role }) => WrongSourceDocument/StaleSourceRevision/SourceLengthMismatch; no projection	source_site(expected_source, HirSourceQuery::Expr { owner, role }) => owner-specific Resolve(WrongModule); no projection	source_site(expected_source, HirSourceQuery::Expr { owner, role }) => Present(Insertion) only for an accepted synthetic owner and applicable insertion role; otherwise owner-specific RoleNotApplicable or AbsentOptional; no insertion is fabricated	transaction returns no public owner ID; rollback receipt NotPublished; committed source index has no key	4096 tags/nesting	all preflight charges pass; one transaction commits IDs, source rows, scopes, diagnostics and results	preflight/checked allocation fails atomically; no prefix/truncation/replay/leak	T-C23; T-CQ-23; T-CRB-23
C24	component	HirDialogueNode::Interpolation	parent typed ID + role + ordinal; no independent arena slot unless listed child ID	Dialogue content owner; DialogueNode[n,Interpolation]	application scope	missing expr => RecoveryOperand	component-specific; optional absence => Missing query, required absence poisons owner	source_site(expected_source, HirSourceQuery::Expr { owner, role }) => Present(Span), owner_status Clean	source_site(expected_source, HirSourceQuery::Expr { owner, role }) => Present(Span|Insertion), owner_status Poisoned; typed issue retained	source_site(expected_source, HirSourceQuery::Expr { owner, role }) => WrongSourceDocument/StaleSourceRevision/SourceLengthMismatch; no projection	source_site(expected_source, HirSourceQuery::Expr { owner, role }) => owner-specific Resolve(WrongModule); no projection	source_site(expected_source, HirSourceQuery::Expr { owner, role }) => Present(Insertion) only for an accepted synthetic owner and applicable insertion role; otherwise owner-specific RoleNotApplicable or AbsentOptional; no insertion is fabricated	transaction returns no public owner ID; rollback receipt NotPublished; committed source index has no key	HIR expr/nested depth	all preflight charges pass; one transaction commits IDs, source rows, scopes, diagnostics and results	preflight/checked allocation fails atomically; no prefix/truncation/replay/leak	T-C24; T-CQ-24; T-CRB-24
C25	component	HirDialogueNode::Control	parent typed ID + role + ordinal; no independent arena slot unless listed child ID	Dialogue content owner; DialogueNode[n,Control]	application scope	invalid control => Error node	component-specific; optional absence => Missing query, required absence poisons owner	source_site(expected_source, HirSourceQuery::Expr { owner, role }) => Present(Span), owner_status Clean	source_site(expected_source, HirSourceQuery::Expr { owner, role }) => Present(Span|Insertion), owner_status Poisoned; typed issue retained	source_site(expected_source, HirSourceQuery::Expr { owner, role }) => WrongSourceDocument/StaleSourceRevision/SourceLengthMismatch; no projection	source_site(expected_source, HirSourceQuery::Expr { owner, role }) => owner-specific Resolve(WrongModule); no projection	source_site(expected_source, HirSourceQuery::Expr { owner, role }) => Present(Insertion) only for an accepted synthetic owner and applicable insertion role; otherwise owner-specific RoleNotApplicable or AbsentOptional; no insertion is fabricated	transaction returns no public owner ID; rollback receipt NotPublished; committed source index has no key	tag/control limits	all preflight charges pass; one transaction commits IDs, source rows, scopes, diagnostics and results	preflight/checked allocation fails atomically; no prefix/truncation/replay/leak	T-C25; T-CQ-25; T-CRB-25
C26	component	HirDialogueNode::Mark	parent typed ID + role + ordinal; no independent arena slot unless listed child ID	Dialogue content owner; DialogueNode[n,Mark]	application scope	invalid name => Error node	component-specific; optional absence => Missing query, required absence poisons owner	source_site(expected_source, HirSourceQuery::Expr { owner, role }) => Present(Span), owner_status Clean	source_site(expected_source, HirSourceQuery::Expr { owner, role }) => Present(Span|Insertion), owner_status Poisoned; typed issue retained	source_site(expected_source, HirSourceQuery::Expr { owner, role }) => WrongSourceDocument/StaleSourceRevision/SourceLengthMismatch; no projection	source_site(expected_source, HirSourceQuery::Expr { owner, role }) => owner-specific Resolve(WrongModule); no projection	source_site(expected_source, HirSourceQuery::Expr { owner, role }) => Present(Insertion) only for an accepted synthetic owner and applicable insertion role; otherwise owner-specific RoleNotApplicable or AbsentOptional; no insertion is fabricated	transaction returns no public owner ID; rollback receipt NotPublished; committed source index has no key	name/source limits	all preflight charges pass; one transaction commits IDs, source rows, scopes, diagnostics and results	preflight/checked allocation fails atomically; no prefix/truncation/replay/leak	T-C26; T-CQ-26; T-CRB-26
C27	component	HirDialogueNode::LineBreak	parent typed ID + role + ordinal; no independent arena slot unless listed child ID	Dialogue content owner; DialogueNode[n,LineBreak]	application scope	unclassified => Error node	component-specific; optional absence => Missing query, required absence poisons owner	source_site(expected_source, HirSourceQuery::Expr { owner, role }) => Present(Span), owner_status Clean	source_site(expected_source, HirSourceQuery::Expr { owner, role }) => Present(Span|Insertion), owner_status Poisoned; typed issue retained	source_site(expected_source, HirSourceQuery::Expr { owner, role }) => WrongSourceDocument/StaleSourceRevision/SourceLengthMismatch; no projection	source_site(expected_source, HirSourceQuery::Expr { owner, role }) => owner-specific Resolve(WrongModule); no projection	source_site(expected_source, HirSourceQuery::Expr { owner, role }) => Present(Insertion) only for an accepted synthetic owner and applicable insertion role; otherwise owner-specific RoleNotApplicable or AbsentOptional; no insertion is fabricated	transaction returns no public owner ID; rollback receipt NotPublished; committed source index has no key	node count	all preflight charges pass; one transaction commits IDs, source rows, scopes, diagnostics and results	preflight/checked allocation fails atomically; no prefix/truncation/replay/leak	T-C27; T-CQ-27; T-CRB-27
C28	component	HirDialogueNode::Error	parent typed ID + role + ordinal; no independent arena slot unless listed child ID	Dialogue content owner; DialogueNode[n,Error]	application scope	typed content issue	component-specific; optional absence => Missing query, required absence poisons owner	source_site(expected_source, HirSourceQuery::Expr { owner, role }) => Present(Span), owner_status Clean	source_site(expected_source, HirSourceQuery::Expr { owner, role }) => Present(Span|Insertion), owner_status Poisoned; typed issue retained	source_site(expected_source, HirSourceQuery::Expr { owner, role }) => WrongSourceDocument/StaleSourceRevision/SourceLengthMismatch; no projection	source_site(expected_source, HirSourceQuery::Expr { owner, role }) => owner-specific Resolve(WrongModule); no projection	source_site(expected_source, HirSourceQuery::Expr { owner, role }) => Present(Insertion) only for an accepted synthetic owner and applicable insertion role; otherwise owner-specific RoleNotApplicable or AbsentOptional; no insertion is fabricated	transaction returns no public owner ID; rollback receipt NotPublished; committed source index has no key	recovery256/diagnostic128	all preflight charges pass; one transaction commits IDs, source rows, scopes, diagnostics and results	preflight/checked allocation fails atomically; no prefix/truncation/replay/leak	T-C28; T-CQ-28; T-CRB-28
C29	component	HirRichTextTag	parent typed ID + role + ordinal; no independent arena slot unless listed child ID	Dialogue content owner; RichTextTag[tag,Whole|Name|Payload|delimiters]	application scope	unresolved/invalid remains typed tag poison	component-specific; optional absence => Missing query, required absence poisons owner	source_site(expected_source, HirSourceQuery::Expr { owner, role }) => Present(Span), owner_status Clean	source_site(expected_source, HirSourceQuery::Expr { owner, role }) => Present(Span|Insertion), owner_status Poisoned; typed issue retained	source_site(expected_source, HirSourceQuery::Expr { owner, role }) => WrongSourceDocument/StaleSourceRevision/SourceLengthMismatch; no projection	source_site(expected_source, HirSourceQuery::Expr { owner, role }) => owner-specific Resolve(WrongModule); no projection	source_site(expected_source, HirSourceQuery::Expr { owner, role }) => Present(Insertion) only for an accepted synthetic owner and applicable insertion role; otherwise owner-specific RoleNotApplicable or AbsentOptional; no insertion is fabricated	transaction returns no public owner ID; rollback receipt NotPublished; committed source index has no key	4096 tags; body16384	all preflight charges pass; one transaction commits IDs, source rows, scopes, diagnostics and results	preflight/checked allocation fails atomically; no prefix/truncation/replay/leak	T-C29; T-CQ-29; T-CRB-29
C30	component	HirRichTextArgument::Positional	parent typed ID + role + ordinal; no independent arena slot unless listed child ID	Tag parent; RichTextArgument[tag,arg,Whole|Value]	application scope	Invalid argument; no default	component-specific; optional absence => Missing query, required absence poisons owner	source_site(expected_source, HirSourceQuery::Expr { owner, role }) => Present(Span), owner_status Clean	source_site(expected_source, HirSourceQuery::Expr { owner, role }) => Present(Span|Insertion), owner_status Poisoned; typed issue retained	source_site(expected_source, HirSourceQuery::Expr { owner, role }) => WrongSourceDocument/StaleSourceRevision/SourceLengthMismatch; no projection	source_site(expected_source, HirSourceQuery::Expr { owner, role }) => owner-specific Resolve(WrongModule); no projection	source_site(expected_source, HirSourceQuery::Expr { owner, role }) => Present(Insertion) only for an accepted synthetic owner and applicable insertion role; otherwise owner-specific RoleNotApplicable or AbsentOptional; no insertion is fabricated	transaction returns no public owner ID; rollback receipt NotPublished; committed source index has no key	32/tag;32768/content;4096 bytes	all preflight charges pass; one transaction commits IDs, source rows, scopes, diagnostics and results	preflight/checked allocation fails atomically; no prefix/truncation/replay/leak	T-C30; T-CQ-30; T-CRB-30
C31	component	HirRichTextArgument::Named	parent typed ID + role + ordinal; no independent arena slot unless listed child ID	Tag parent; RichTextArgument[tag,arg,Whole|Name|Equals|Value]	application scope	Invalid argument; no default	component-specific; optional absence => Missing query, required absence poisons owner	source_site(expected_source, HirSourceQuery::Expr { owner, role }) => Present(Span), owner_status Clean	source_site(expected_source, HirSourceQuery::Expr { owner, role }) => Present(Span|Insertion), owner_status Poisoned; typed issue retained	source_site(expected_source, HirSourceQuery::Expr { owner, role }) => WrongSourceDocument/StaleSourceRevision/SourceLengthMismatch; no projection	source_site(expected_source, HirSourceQuery::Expr { owner, role }) => owner-specific Resolve(WrongModule); no projection	source_site(expected_source, HirSourceQuery::Expr { owner, role }) => Present(Insertion) only for an accepted synthetic owner and applicable insertion role; otherwise owner-specific RoleNotApplicable or AbsentOptional; no insertion is fabricated	transaction returns no public owner ID; rollback receipt NotPublished; committed source index has no key	32/tag;32768/content;64 key;4096 value	all preflight charges pass; one transaction commits IDs, source rows, scopes, diagnostics and results	preflight/checked allocation fails atomically; no prefix/truncation/replay/leak	T-C31; T-CQ-31; T-CRB-31
C32	component	HirRichTextArgument::Invalid	parent typed ID + role + ordinal; no independent arena slot unless listed child ID	Tag parent; same typed roles available	application scope	exact issue retained	component-specific; optional absence => Missing query, required absence poisons owner	source_site(expected_source, HirSourceQuery::Expr { owner, role }) => Present(Span), owner_status Clean	source_site(expected_source, HirSourceQuery::Expr { owner, role }) => Present(Span|Insertion), owner_status Poisoned; typed issue retained	source_site(expected_source, HirSourceQuery::Expr { owner, role }) => WrongSourceDocument/StaleSourceRevision/SourceLengthMismatch; no projection	source_site(expected_source, HirSourceQuery::Expr { owner, role }) => owner-specific Resolve(WrongModule); no projection	source_site(expected_source, HirSourceQuery::Expr { owner, role }) => Present(Insertion) only for an accepted synthetic owner and applicable insertion role; otherwise owner-specific RoleNotApplicable or AbsentOptional; no insertion is fabricated	transaction returns no public owner ID; rollback receipt NotPublished; committed source index has no key	same limits; recovery256	all preflight charges pass; one transaction commits IDs, source rows, scopes, diagnostics and results	preflight/checked allocation fails atomically; no prefix/truncation/replay/leak	T-C32; T-CQ-32; T-CRB-32
C33	component	HirRichTextTagPayload::FxCall	parent typed ID + role + ordinal; no independent arena slot unless listed child ID	Tag parent; TagPayload; child ExprId Call	application scope	foreign/non-Call => tag poison	component-specific; optional absence => Missing query, required absence poisons owner	source_site(expected_source, HirSourceQuery::Expr { owner, role }) => Present(Span), owner_status Clean	source_site(expected_source, HirSourceQuery::Expr { owner, role }) => Present(Span|Insertion), owner_status Poisoned; typed issue retained	source_site(expected_source, HirSourceQuery::Expr { owner, role }) => WrongSourceDocument/StaleSourceRevision/SourceLengthMismatch; no projection	source_site(expected_source, HirSourceQuery::Expr { owner, role }) => owner-specific Resolve(WrongModule); no projection	source_site(expected_source, HirSourceQuery::Expr { owner, role }) => Present(Insertion) only for an accepted synthetic owner and applicable insertion role; otherwise owner-specific RoleNotApplicable or AbsentOptional; no insertion is fabricated	transaction returns no public owner ID; rollback receipt NotPublished; committed source index has no key	32 args; depth32; candidates2	all preflight charges pass; one transaction commits IDs, source rows, scopes, diagnostics and results	preflight/checked allocation fails atomically; no prefix/truncation/replay/leak	T-C33; T-CQ-33; T-CRB-33
C34	component	HirRichTextTagPayload::DialogueCall	parent typed ID + role + ordinal; no independent arena slot unless listed child ID	Tag parent; TagPayload; child ExprId Call	application scope	foreign/non-Call => tag poison	component-specific; optional absence => Missing query, required absence poisons owner	source_site(expected_source, HirSourceQuery::Expr { owner, role }) => Present(Span), owner_status Clean	source_site(expected_source, HirSourceQuery::Expr { owner, role }) => Present(Span|Insertion), owner_status Poisoned; typed issue retained	source_site(expected_source, HirSourceQuery::Expr { owner, role }) => WrongSourceDocument/StaleSourceRevision/SourceLengthMismatch; no projection	source_site(expected_source, HirSourceQuery::Expr { owner, role }) => owner-specific Resolve(WrongModule); no projection	source_site(expected_source, HirSourceQuery::Expr { owner, role }) => Present(Insertion) only for an accepted synthetic owner and applicable insertion role; otherwise owner-specific RoleNotApplicable or AbsentOptional; no insertion is fabricated	transaction returns no public owner ID; rollback receipt NotPublished; committed source index has no key	32 args; depth32; candidates2	all preflight charges pass; one transaction commits IDs, source rows, scopes, diagnostics and results	preflight/checked allocation fails atomically; no prefix/truncation/replay/leak	T-C34; T-CQ-34; T-CRB-34
C35	component	HirRichTextTagPayload::Condition	parent typed ID + role + ordinal; no independent arena slot unless listed child ID	Tag parent; TagPayload; child ExprId	application scope	missing/non-Bool checker issue	component-specific; optional absence => Missing query, required absence poisons owner	source_site(expected_source, HirSourceQuery::Expr { owner, role }) => Present(Span), owner_status Clean	source_site(expected_source, HirSourceQuery::Expr { owner, role }) => Present(Span|Insertion), owner_status Poisoned; typed issue retained	source_site(expected_source, HirSourceQuery::Expr { owner, role }) => WrongSourceDocument/StaleSourceRevision/SourceLengthMismatch; no projection	source_site(expected_source, HirSourceQuery::Expr { owner, role }) => owner-specific Resolve(WrongModule); no projection	source_site(expected_source, HirSourceQuery::Expr { owner, role }) => Present(Insertion) only for an accepted synthetic owner and applicable insertion role; otherwise owner-specific RoleNotApplicable or AbsentOptional; no insertion is fabricated	transaction returns no public owner ID; rollback receipt NotPublished; committed source index has no key	depth32/checker diagnostic	all preflight charges pass; one transaction commits IDs, source rows, scopes, diagnostics and results	preflight/checked allocation fails atomically; no prefix/truncation/replay/leak	T-C35; T-CQ-35; T-CRB-35
